Gene1,Gene2,Correlation
6280,6279,0.9816831469829915
6280,60,0.8668077262361028
6280,6283,0.8657001190351707
6280,6282,0.9213864826697079
6280,9535,0.8873945046962134
6280,6888,0.8502122561169781
6280,5265,0.8781070880147955
6280,249,0.9009358445132967
6280,7791,0.9217674906801014
6280,6688,0.8530214903668748
6280,3055,0.8539166190009466
6280,353514,0.9368194631527184
6280,2783,0.8574251459699762
6280,5836,0.8590765232614384
6280,5226,0.9096654796083349
6280,1192,0.8557183967166152
6280,6556,0.8712782760756701
6280,2319,0.8896669089011863
6280,11025,0.8822550876337979
6280,92799,0.912775816581357
6280,391,0.9426536628817568
6280,6813,0.9288585232947653
6280,4778,0.9137658654528463
6280,10211,0.9105303966727809
6280,84418,0.92812810766356
6280,79168,0.8715467356422876
6280,1992,0.8620595690809029
6280,116844,0.9157912951587027
6280,57085,0.8565806886478002
6280,729737,0.8783251369110636
6280,3614,0.8908925188983775
6280,29108,0.858791967054277
6280,9114,0.8573816258349181
6280,9123,0.9358175586805725
6280,8993,0.912014708854814
6280,5580,0.853340469519437
6280,100506115,0.9406533481579628
6280,8992,0.8768592794073615
6280,126014,0.8568085472432013
6280,5691,0.8640062442773477
6280,64218,0.9036260383913198
6279,6283,0.9335412621394515
6279,249,0.9214649466043805
6279,7791,0.862146583588099
6279,353514,0.9660477962082986
6279,5226,0.9177477860033296
6279,199675,0.884367610679186
6279,2319,0.8672724921183914
6279,92799,0.8505399348996662
6279,391,0.8879753424903138
6279,6813,0.9368117299146403
6279,4778,0.8754363637978093
6279,2907,0.8789532332046883
6279,10211,0.8720226031340191
6279,84418,0.9476523632166234
6279,1992,0.8749791266895014
6279,116844,0.9067343782752728
6279,9123,0.8936062676493243
6279,8993,0.870950124946726
6279,100506115,0.9247403005735019
6279,126014,0.8666305704097617
6279,64218,0.8585529579063946
60,6277,0.8802125347744237
60,2207,0.8847708378008453
60,3689,0.8544200091151702
60,23406,0.8713373004229046
60,5265,0.8760514867075303
60,7791,0.9117516530732367
60,199,0.8932693497419905
60,2268,0.8785562607172471
60,7086,0.8676243009043596
60,5226,0.9248692711734945
60,1192,0.8728813206560072
60,6556,0.8615339530430123
60,10095,0.9273380072316474
60,391,0.8678774020324989
60,387,0.8588385978991762
60,3101,0.856428015837499
60,6813,0.8833318882565956
60,10288,0.8776844857944376
60,2907,0.8741227133194762
60,5538,0.9008761525071681
60,79168,0.8710007168797654
60,1992,0.8605903223684577
60,57085,0.9213449426040665
60,967,0.8810235631066506
60,3614,0.8655076562624696
60,29108,0.9054385259586177
60,112694756,0.9392222063204194
60,9114,0.9185415034238291
60,9123,0.859890379576204
60,10956,0.8959530978537502
60,5580,0.8755856068193351
60,100506115,0.8919836830946629
60,2280,0.9083745316978851
60,83706,0.9282729272946306
60,255809,0.8994388991324703
60,8992,0.8878394946349313
60,152007,0.8958144166485567
60,126014,0.9021512807982074
60,5691,0.8552470852270851
60,2787,0.9005343647686522
60,84106,0.8770749900640725
60,64218,0.8872157222601631
6283,4318,0.8862593505602016
6283,706,0.8921279628846165
6283,353514,0.9491664546978871
6283,5226,0.883645848327799
6283,199675,0.9761835905428873
6283,6813,0.9201979330492693
6283,2907,0.9032040678935648
6283,84418,0.852731708358451
6283,126014,0.8721029410041322
6283,109729184,0.897112458180046
6282,10581,0.9098893703970623
6282,1441,0.9456347662993043
6282,7305,0.9073880120997685
6282,6277,0.8521424761933446
6282,2357,0.9527484880044779
6282,10135,0.8508033198649078
6282,5552,0.8713182840759803
6282,102465993,0.8688181921124754
6282,3936,0.8626904534587941
6282,440926,0.9099075321624769
6282,9535,0.938699131759313
6282,4688,0.9211413980096217
6282,6888,0.9741408169283056
6282,5265,0.9627748159111484
6282,366,0.8869353679634601
6282,10409,0.8887142547168849
6282,3577,0.8809117687867853
6282,7940,0.9579359042045498
6282,2124,0.8551652645838103
6282,728,0.8846087701026738
6282,7791,0.9549005344516506
6282,397,0.9176511008544893
6282,3020,0.9010861453423952
6282,3385,0.8699202212817465
6282,4542,0.8778451681909221
6282,8875,0.8636786561305436
6282,6688,0.9587744041149766
6282,3687,0.9034450926222666
6282,409,0.950655012873188
6282,11151,0.8831307005215637
6282,91300,0.8529205619127666
6282,120425,0.952413075811955
6282,597,0.8694324799306458
6282,7408,0.9453008279474983
6282,3055,0.960273661853262
6282,51734,0.9579632171641717
6282,64386,0.9091261198561574
6282,3059,0.9406319220688364
6282,976,0.8584521809547555
6282,64115,0.9486723370620007
6282,11337,0.8828144171198082
6282,2212,0.9224024058638843
6282,10094,0.8843844622770066
6282,4046,0.8988971289018729
6282,1265,0.8968321818695306
6282,1051,0.8612726730662496
6282,63940,0.9191074484718349
6282,407008,0.9401115648059896
6282,4689,0.955292230454658
6282,2771,0.8749688129460931
6282,2783,0.9579569589835659
6282,2217,0.8693170010894802
6282,6404,0.9026281115845395
6282,5836,0.8842385551214736
6282,1052,0.862676856478764
6282,290,0.9293563474076196
6282,1192,0.9402763486522326
6282,6556,0.8975717560619995
6282,2319,0.8990571812524818
6282,80325,0.8848672376596428
6282,51312,0.8732524296367662
6282,11025,0.9478658164694578
6282,241,0.8835117783174454
6282,92799,0.9542815605498685
6282,79143,0.9191931751912003
6282,391,0.9717303078049659
6282,29992,0.8906501706255169
6282,27128,0.9009095492541803
6282,240,0.8936962753518688
6282,6386,0.9019656744118107
6282,54458,0.953420025870446
6282,5777,0.8650199945604908
6282,978,0.9405738805804582
6282,4778,0.9392553128420291
6282,7454,0.9437791104607132
6282,963,0.9072301365067877
6282,23401,0.9081121158903557
6282,10487,0.8884248847507944
6282,9473,0.8545460437759841
6282,3303,0.8635050957566971
6282,2358,0.863844245763943
6282,10211,0.9368900653595055
6282,6398,0.8973672313400698
6282,170954,0.8742969033052908
6282,126364,0.9397792423782484
6282,7132,0.9370703720172469
6282,55505,0.962858741619777
6282,146225,0.8914419392912367
6282,81671,0.8555506643038624
6282,7879,0.914526363016848
6282,533,0.8890047844902772
6282,54518,0.9098659961671667
6282,5538,0.857040270349012
6282,116985,0.9186626738232547
6282,55911,0.9029677834265883
6282,8291,0.8791520040178503
6282,79930,0.942603090705204
6282,87,0.8579223190351287
6282,51291,0.8525896649352069
6282,8698,0.8660141900212346
6282,3310,0.8826849871440089
6282,9770,0.8917022943905831
6282,1912,0.9343343187600796
6282,1032,0.8553390100058867
6282,115727,0.9478398045573027
6282,79168,0.8948994109971409
6282,53829,0.8761008237428269
6282,4947,0.8675627719278786
6282,5724,0.9145788905646793
6282,133,0.8693050809656684
6282,116844,0.8949369142461965
6282,84649,0.9174850736296785
6282,11240,0.854077179232378
6282,8301,0.8698896856313046
6282,4067,0.8573228884330216
6282,51170,0.8766369567161536
6282,2885,0.8785502068003488
6282,9260,0.9339793205000668
6282,23558,0.8579134172995687
6282,729737,0.9432185073562541
6282,126308,0.8649200310040867
6282,140885,0.9115323300336695
6282,9961,0.865415980426488
6282,100500853,0.8786777694801082
6282,112268246,0.9383458209152565
6282,10261,0.9039844568068314
6282,8650,0.8832597606489965
6282,25797,0.8625246872618213
6282,5899,0.8942852536151834
6282,3614,0.9714880300207882
6282,150372,0.9520084533818906
6282,29108,0.9133766302928435
6282,55313,0.8526096587837073
6282,10312,0.8774245075757628
6282,2790,0.8726887381138131
6282,284996,0.8681451476238176
6282,9114,0.9310124691846805
6282,5175,0.8514068631768644
6282,9123,0.9546548579482781
6282,9170,0.9044809593270378
6282,89849,0.8750058027296995
6282,54918,0.8669016988517134
6282,10956,0.8644056508925678
6282,8993,0.9182355873468337
6282,5580,0.9370388735251551
6282,100506115,0.9151669569807862
6282,829,0.8594013721893765
6282,7295,0.9490253156483985
6282,8992,0.9276679960808892
6282,22904,0.8808522639742465
6282,9103,0.9157321845616953
6282,152007,0.8995457108734269
6282,1084,0.8518199829770239
6282,5691,0.9162973560864424
6282,552891,0.8727064858645511
6282,6195,0.890785312253635
6282,8125,0.9009880919932189
6282,2787,0.887776701159859
6282,26234,0.8801999322387417
6282,23569,0.9027078218079011
6282,25801,0.8886538601743728
6282,144423,0.9001304362159278
6282,80301,0.9353133517914803
6282,64218,0.926869453582926
9535,10581,0.9196349610098963
9535,1441,0.9308895483225126
9535,2357,0.9554645479607327
9535,440926,0.8892938081120298
9535,4688,0.8652285011722303
9535,6888,0.9445221641863486
9535,5265,0.8744966583102198
9535,366,0.8672349261884214
9535,10409,0.8582380185944856
9535,3577,0.8898444095925881
9535,6286,0.8650014134245357
9535,7940,0.9117434311201753
9535,7791,0.8872355900590182
9535,397,0.9249177394819343
9535,3020,0.8792824442378991
9535,3385,0.8912424729414654
9535,6688,0.8749768384573468
9535,3687,0.8546606304918564
9535,409,0.9120981909142233
9535,11151,0.8949375879842965
9535,91300,0.8830893154390006
9535,120425,0.9127527297102197
9535,7408,0.9097379693849117
9535,3055,0.8984042130838343
9535,51734,0.9504955541980588
9535,64386,0.9003181133453919
9535,3059,0.9326961735448268
9535,976,0.8500974577864016
9535,64115,0.8798868275825195
9535,2212,0.8810574073289025
9535,1265,0.904247068846211
9535,63940,0.9225216446662153
9535,407008,0.9205628460370037
9535,4689,0.9372996810762372
9535,2783,0.9380035771195084
9535,6404,0.9072053238590421
9535,1192,0.8737566122157271
9535,2319,0.885985166255623
9535,80325,0.9059607365442864
9535,51312,0.8776346091044996
9535,11025,0.8803260197367216
9535,241,0.9101143667485119
9535,92799,0.8875700265657098
9535,79143,0.9215849380712544
9535,391,0.9426069811148282
9535,27128,0.8950417166367893
9535,23214,0.8588389808044644
9535,6386,0.8549205233160145
9535,54458,0.9292170809310495
9535,978,0.8899761126132162
9535,4778,0.923722817625974
9535,7454,0.9144192971526952
9535,963,0.8689264607317491
9535,23401,0.9009381216875767
9535,2358,0.8704348979416594
9535,10211,0.9404782618860313
9535,6398,0.8545569210730517
9535,126364,0.9086735748811083
9535,7132,0.9303093833915312
9535,55505,0.9020183178735547
9535,146225,0.9163855282215293
9535,81671,0.8551206931679379
9535,84418,0.8572610248697968
9535,54518,0.8722860427796305
9535,116985,0.869030286675187
9535,55911,0.8593799142182444
9535,79930,0.86176878426175
9535,8698,0.9271903017398896
9535,3310,0.8619936223144498
9535,1912,0.9274698314919837
9535,1032,0.8619426125861168
9535,115727,0.8895797992452604
9535,53829,0.8668787662159895
9535,4947,0.8647947315922867
9535,5724,0.8582146414624561
9535,116844,0.8918587191008566
9535,84649,0.9342938742532497
9535,9260,0.9158882980614947
9535,23558,0.8627965833733221
9535,729737,0.9179115640696603
9535,9961,0.8747084978461175
9535,100500853,0.8666281763487895
9535,112268246,0.9578198718328425
9535,10261,0.880473273890731
9535,5899,0.8584715938833108
9535,3614,0.9133540865103527
9535,150372,0.8732009307012321
9535,2790,0.8814161807593889
9535,284996,0.8536447962652389
9535,9123,0.932475093267068
9535,9170,0.8953349014716826
9535,89849,0.8527860966428147
9535,8993,0.9109645330391707
9535,100506115,0.8751966907561276
9535,7295,0.9162978066935723
9535,8992,0.8970703032349459
9535,389541,0.8657092978290152
9535,22904,0.8726811546302143
9535,1084,0.8631206192884431
9535,5691,0.903830810525155
9535,552891,0.8808403946310279
9535,6195,0.9027874512973717
9535,8125,0.8678159722996942
9535,3015,0.8823688717350785
9535,25801,0.8832144004566767
9535,144423,0.8727193632975413
9535,80301,0.8923546171949844
6888,10581,0.9252622611160952
6888,4332,0.8979399226649539
6888,1441,0.955633847228591
6888,7305,0.909758119566934
6888,2357,0.9688659076786181
6888,10135,0.8719526872291171
6888,5552,0.9007037733806381
6888,102465993,0.9044450184740568
6888,3936,0.8686722387538861
6888,3579,0.8837536569721215
6888,8407,0.9092676198046739
6888,440926,0.9550940219546284
6888,8794,0.8807086043898562
6888,4688,0.9594153432029914
6888,5265,0.9413401756251272
6888,366,0.9091660783858476
6888,10409,0.8953903063654924
6888,3577,0.9199861222462217
6888,6286,0.8520390845419522
6888,7940,0.9789657067593265
6888,2124,0.9012561127380998
6888,728,0.9297733872425084
6888,7791,0.9265626050800306
6888,397,0.9264901043250248
6888,3020,0.9487805753288431
6888,3385,0.9305131128329346
6888,4542,0.9266753190485448
6888,8875,0.8684214221495077
6888,6688,0.9622843274014595
6888,3687,0.9096387974213713
6888,409,0.9662314787693649
6888,11151,0.9145178839005546
6888,91300,0.9075175022375879
6888,120425,0.9845043059933382
6888,597,0.8713128293488368
6888,7408,0.9703463779490485
6888,3055,0.9712947788431496
6888,51734,0.9738731218825339
6888,64386,0.9204596943270109
6888,64744,0.8629630333542462
6888,3059,0.9638470122982693
6888,976,0.8930194898393111
6888,64115,0.955581963317464
6888,9516,0.8686091404129088
6888,11337,0.8996015401747782
6888,1439,0.8858073592362579
6888,2212,0.9309476823898488
6888,10094,0.8977063823121681
6888,4046,0.9303446180083528
6888,1265,0.9079095486968922
6888,1051,0.8996663886144467
6888,63940,0.9369521368705048
6888,7846,0.8555375315239832
6888,407008,0.955393629278183
6888,4689,0.966951493437661
6888,2771,0.9059152239768432
6888,2783,0.9770067253454567
6888,2217,0.9165821715770286
6888,8031,0.8620878641135363
6888,6404,0.8993033673375354
6888,4814,0.9100954360389104
6888,1052,0.8708494179127463
6888,290,0.9250049802455264
6888,83719,0.875758929624528
6888,1192,0.9332620617704591
6888,2319,0.869876869244857
6888,80325,0.9350640094502524
6888,51312,0.9025594215194254
6888,11025,0.9175815249085769
6888,241,0.8956872765677304
6888,92799,0.9252210544083798
6888,79143,0.9598957077604894
6888,9445,0.9030729215682337
6888,391,0.9480274054868306
6888,29992,0.9369289989244225
6888,27128,0.9211046730158456
6888,5093,0.8779612016495683
6888,23214,0.8874279469097647
6888,4084,0.8851783251395325
6888,240,0.8808791867726162
6888,6386,0.9339658131299435
6888,6648,0.8927782915817936
6888,54458,0.9694459297088489
6888,5777,0.8799826771223849
6888,978,0.9548358854393609
6888,60675,0.8612169892283704
6888,4778,0.9122356132912396
6888,7454,0.9739071064945327
6888,963,0.9091446552410549
6888,23401,0.9387045559207629
6888,10487,0.9056414252654642
6888,9473,0.8695848962683128
6888,837,0.8880948311081646
6888,3303,0.8742835690415923
6888,2358,0.9056361869145507
6888,10211,0.9150936860850293
6888,84243,0.8772908924917747
6888,6398,0.9091757710074168
6888,170954,0.925516250055652
6888,126364,0.9695546564776061
6888,7132,0.9626234654193307
6888,55505,0.960731548759954
6888,146225,0.9340714930646706
6888,81671,0.9261443250019735
6888,6397,0.8769995215705609
6888,65220,0.884276503196234
6888,7879,0.9328376563049059
6888,533,0.9344171112465158
6888,54518,0.9085410799540165
6888,116985,0.9528372971981048
6888,55911,0.9077211172145452
6888,79930,0.9344757839531468
6888,87,0.9002139642512978
6888,51291,0.8899703352862753
6888,8698,0.8843007136605188
6888,26020,0.8821809503570609
6888,3310,0.9138038323942201
6888,9770,0.9386124841309227
6888,1912,0.9515749055846816
6888,1032,0.8951906605766022
6888,115727,0.9718928052388867
6888,79168,0.8601421821350067
6888,53829,0.9197515660913794
6888,7462,0.8808165270680708
6888,4947,0.9427640015163901
6888,5724,0.9593200404897761
6888,56905,0.8745531483247396
6888,84649,0.931848526531321
6888,11240,0.8658180929193521
6888,8301,0.9075558686550321
6888,4067,0.9019549384026683
6888,51170,0.9302351797690626
6888,2885,0.9044249623747829
6888,9260,0.96647894795738
6888,23558,0.9198647493397114
6888,729737,0.933039802097828
6888,126308,0.9023216106467916
6888,140885,0.9016872503723428
6888,9961,0.8966211671426128
6888,100500853,0.9124193443511623
6888,112268246,0.9595951570554724
6888,53917,0.8529973784705691
6888,10261,0.9400884088425902
6888,8650,0.9167632224172093
6888,25797,0.9116484141540866
6888,5899,0.9239729495757599
6888,3614,0.9734050122301471
6888,150372,0.9655866367641935
6888,29108,0.9024347982513986
6888,55313,0.9194528764464885
6888,10312,0.8887897206413992
6888,2790,0.9079520281377471
6888,284996,0.9083958549080693
6888,1955,0.8773935333305969
6888,9114,0.920371851482879
6888,254896,0.8747691862797673
6888,5175,0.9004364654436289
6888,9123,0.9347591488441347
6888,4210,0.8767761392324228
6888,9170,0.9185684194099085
6888,89849,0.9310150611196204
6888,8778,0.8858349929580236
6888,54918,0.9132913956377118
6888,10956,0.8605352024850894
6888,8993,0.8753468752775256
6888,5580,0.9196544245039298
6888,120892,0.8628803228027143
6888,100506115,0.8698454393671268
6888,283349,0.8721375417759677
6888,829,0.8696697087836572
6888,7295,0.9625579422771323
6888,7090,0.8961523754667533
6888,8843,0.8569271203493732
6888,81628,0.8724813799653076
6888,137835,0.868732285909484
6888,8992,0.9038826817684732
6888,389541,0.898016572966766
6888,22904,0.9020057546437471
6888,9103,0.9144602390790612
6888,152007,0.8952176555047331
6888,1084,0.9089674452007561
6888,26578,0.8645670751120327
6888,5691,0.91201548810758
6888,552891,0.9078855999961762
6888,6195,0.8995556241712179
6888,8125,0.9484204643467603
6888,3015,0.8752277434610513
6888,23258,0.8659879959275126
6888,26234,0.9132760294978914
6888,23569,0.9064837390767695
6888,25801,0.9070619613473857
6888,338442,0.8760755626808202
6888,83931,0.8995684758439471
6888,144423,0.9434511571671316
6888,80301,0.9532771702605031
6888,64218,0.8941366974032072
5265,2512,0.8654513049361254
5265,2495,0.8514055064311342
5265,1441,0.8908804033733813
5265,7305,0.9395365045810622
5265,6277,0.9011929630284561
5265,2357,0.8893268789299315
5265,5552,0.8825802969306337
5265,102465993,0.858832537133147
5265,3936,0.8913010943591949
5265,23406,0.896193211954437
5265,440926,0.871223103559848
5265,4688,0.925589517090307
5265,7940,0.938977258410643
5265,2124,0.853624016784489
5265,728,0.8883541247143919
5265,7791,0.9451962296686098
5265,397,0.8516830362357635
5265,3020,0.865255069661167
5265,6688,0.973711857881748
5265,3687,0.8657533865323647
5265,409,0.9391250682290786
5265,120425,0.9166761058097148
5265,7408,0.9056859503483087
5265,3055,0.9646575782017779
5265,51734,0.8882842160252554
5265,199,0.8762010094950535
5265,3059,0.9144265927329959
5265,2268,0.8947595942740344
5265,64115,0.9640547196875147
5265,11337,0.925269709281109
5265,2212,0.8836796944128774
5265,10094,0.9222899618206851
5265,4046,0.8866547938091395
5265,7086,0.9011255841735903
5265,407008,0.8806692608721355
5265,4689,0.8923524814474231
5265,2771,0.9216569229752092
5265,2783,0.9257240356951254
5265,2217,0.9172585744421281
5265,7439,0.8632886142083924
5265,5836,0.8522715134116539
5265,4814,0.8572038999201246
5265,1052,0.9196949407470726
5265,290,0.929353150201598
5265,1192,0.9418468744826483
5265,6556,0.9249842053822369
5265,11025,0.9338020373114561
5265,92799,0.8945062455053081
5265,79143,0.8662784221845513
5265,391,0.9301268432158143
5265,29992,0.9153132796728702
5265,240,0.881812531431025
5265,6386,0.8806460863460668
5265,54458,0.9113009063647316
5265,5777,0.8587741896688373
5265,978,0.8998927362373118
5265,10288,0.899200729024344
5265,4778,0.8663128076782279
5265,7454,0.9140787210463441
5265,963,0.8881157716077832
5265,10487,0.8829809735816637
5265,9473,0.8971355027552559
5265,7133,0.8777321625433593
5265,10211,0.8739675300794373
5265,6398,0.9001583352436529
5265,126364,0.9335295815551249
5265,7132,0.8813195492691693
5265,55505,0.9291818772623025
5265,7879,0.9214451030386299
5265,533,0.9217668273301898
5265,54518,0.8618247788056312
5265,4615,0.9025200546053893
5265,5538,0.9104771914825779
5265,116985,0.9206552170739384
5265,55911,0.8730203234689102
5265,79930,0.9197920020186914
5265,9770,0.8964673068158316
5265,1912,0.8777807405260383
5265,115727,0.9334975839563942
5265,79168,0.9095303289272387
5265,4947,0.8501116947367926
5265,5724,0.9152914771118299
5265,8301,0.8670434763482158
5265,4067,0.8562968759035787
5265,57085,0.8638620052490371
5265,51170,0.8811025390008813
5265,2885,0.9166787950853621
5265,9260,0.8769280295174173
5265,729737,0.8821354922116941
5265,140885,0.936614237762327
5265,112268246,0.8697412423547762
5265,10261,0.8846573605833896
5265,8650,0.8746964550409358
5265,5899,0.8703637240466869
5265,3614,0.9537225544066691
5265,150372,0.9638602377788094
5265,29108,0.9309305937715191
5265,112694756,0.8617621418612141
5265,10312,0.8708065292994821
5265,427,0.8564937284581321
5265,9114,0.9571099948830817
5265,5175,0.91014562293741
5265,9123,0.9116053247471452
5265,54918,0.8954459525673751
5265,10956,0.9205909761244113
5265,5580,0.9484184448400903
5265,100506115,0.9055509520430721
5265,7295,0.8893513956992782
5265,2280,0.8784640459755225
5265,8992,0.9107063298253858
5265,9103,0.9109217344509933
5265,152007,0.9239866603645801
5265,5691,0.8975003592203309
5265,8125,0.8649196097073855
5265,2787,0.9253984362408035
5265,26234,0.8728238880727438
5265,23569,0.8673586726587319
5265,144423,0.8796340892280904
5265,80301,0.9080731890229595
5265,64218,0.9384613076243074
249,353514,0.8744533708248912
249,5836,0.9249548250666789
249,5226,0.8584561141733116
249,2319,0.9233124467696503
249,4778,0.8780101852655059
249,10211,0.8837028696122285
249,84418,0.9556093837604945
249,8291,0.8976922416349077
249,116844,0.9476160109136174
249,306,0.9210154521692757
249,9123,0.8507521656662529
249,8972,0.8600207408301859
249,8993,0.8874437205019776
249,100506115,0.8904855622823146
249,1378,0.8597527327125907
7791,1441,0.9083448806076732
7791,7305,0.8918347531387876
7791,6277,0.8544418571048227
7791,2357,0.8928115636430725
7791,102465993,0.8513453819095962
7791,3936,0.8890057386123009
7791,4688,0.8896773171349875
7791,7940,0.9007012668463557
7791,728,0.8600678511849897
7791,397,0.8822897996851032
7791,4542,0.8543273935520989
7791,6688,0.9483652858548287
7791,3687,0.8717015593607789
7791,409,0.9451516835278124
7791,120425,0.9057809981623239
7791,7408,0.9072726886486097
7791,3055,0.9493539354504451
7791,51734,0.8986579448430835
7791,64386,0.8656216715785945
7791,3059,0.9307741953412847
7791,2268,0.864924646880181
7791,64115,0.948525068480851
7791,11337,0.8657596447427203
7791,2212,0.8865309789202827
7791,10094,0.8530182075607794
7791,4046,0.8769208298376712
7791,7086,0.8588411202198579
7791,1265,0.8531666589983143
7791,63940,0.8661331536227315
7791,407008,0.8823994194666589
7791,4689,0.895648248239792
7791,2771,0.8879192318635366
7791,2783,0.9387409282523507
7791,2217,0.8593599405291269
7791,6404,0.8760160163165303
7791,5836,0.8836264133403152
7791,1052,0.8839066929197772
7791,290,0.9161952143424398
7791,5226,0.872893526831276
7791,1192,0.9248438700574683
7791,6556,0.9120234461729773
7791,2319,0.8791511828044372
7791,11025,0.9400613097039446
7791,92799,0.9143511198720915
7791,79143,0.8782065979192735
7791,391,0.9644602675586452
7791,29992,0.8565429508096672
7791,27128,0.8629087790523227
7791,240,0.8890824786383013
7791,6386,0.8620811320927904
7791,54458,0.9128684462454097
7791,978,0.9079515322997334
7791,4778,0.9134342792392226
7791,7454,0.9128537222395916
7791,963,0.8805399137351685
7791,23401,0.8515198525517932
7791,10487,0.8941279307187042
7791,9473,0.8710029855651092
7791,10211,0.9239325857438583
7791,6398,0.8552750605552825
7791,126364,0.9246162208852436
7791,7132,0.9030533673155953
7791,55505,0.9004681942823646
7791,84418,0.8577127495464039
7791,7879,0.9057144257166816
7791,533,0.8603459569527866
7791,54518,0.8900200236730071
7791,4615,0.8717624540314927
7791,5538,0.8859425279082425
7791,116985,0.8916142486325
7791,55911,0.8956990076920593
7791,8291,0.8824540699100702
7791,79930,0.9431668946930505
7791,9770,0.85959241219047
7791,1912,0.8971852440808986
7791,115727,0.9223405745571284
7791,79168,0.930918764841997
7791,5724,0.8975161980227847
7791,1992,0.8646350089591047
7791,116844,0.8870481552641797
7791,84649,0.8689913598695428
7791,11240,0.8602244502157713
7791,8301,0.8531638873448683
7791,57085,0.859063990637427
7791,2885,0.8699799203489946
7791,9260,0.8762290948239382
7791,729737,0.9271459440735368
7791,140885,0.926715193073937
7791,9961,0.853734630264802
7791,112268246,0.8939642928924098
7791,10261,0.873469680040538
7791,8650,0.8563938792095199
7791,3614,0.9649944616459359
7791,150372,0.9392703690980424
7791,29108,0.9045440344356335
7791,112694756,0.8649940307820102
7791,10312,0.8846090841016171
7791,9114,0.9274947762958603
7791,5175,0.8516415416860192
7791,9123,0.9553058554322282
7791,10956,0.8929518316964694
7791,8993,0.8662126113630596
7791,5580,0.9482301831963582
7791,100506115,0.9463823771822452
7791,829,0.8646022987489198
7791,7295,0.8873649010662256
7791,8992,0.8966968987476738
7791,22904,0.8623074008239204
7791,9103,0.8927990045196179
7791,152007,0.9186203209297784
7791,5691,0.8723929860692359
7791,6195,0.8745065124930708
7791,8125,0.8554357729874806
7791,2787,0.9047897988093487
7791,26234,0.8585498533267257
7791,23569,0.8969158409219402
7791,25801,0.8666363906572842
7791,144423,0.8563652876610015
7791,80301,0.9184569103426622
7791,64218,0.9487595255511273
6688,10581,0.8659397453971287
6688,2512,0.864758743197764
6688,2495,0.8817870771503353
6688,4332,0.8618800563391119
6688,1441,0.9196977518339636
6688,7305,0.944752452598226
6688,6277,0.8876376426212123
6688,2357,0.9115032538146239
6688,10135,0.8640126991269971
6688,5552,0.9170899879426107
6688,102465993,0.8981991176180393
6688,3936,0.9046900167795308
6688,23406,0.8904892741768267
6688,440926,0.914056464534942
6688,4688,0.9638198320330064
6688,366,0.8719535496469006
6688,10409,0.8586591120906759
6688,7940,0.9577548929068768
6688,2124,0.9018071675021785
6688,728,0.9405450760681882
6688,3020,0.9103736865803689
6688,4542,0.8893715168548175
6688,3687,0.8821379124909119
6688,409,0.9678382805870838
6688,120425,0.9509428001948977
6688,597,0.8854466152223329
6688,7408,0.9420129245933525
6688,3055,0.9882297557067553
6688,51734,0.9170374645470855
6688,64386,0.8695667840758478
6688,3059,0.9313816431105856
6688,976,0.857868886488407
6688,2268,0.888212936627606
6688,64115,0.9751788669898878
6688,11337,0.9346732163631654
6688,1439,0.8575057778832145
6688,2212,0.9145627012764322
6688,7127,0.8724109200108341
6688,10094,0.9269113484964823
6688,4046,0.9227931240863552
6688,7086,0.9020721376106814
6688,1051,0.8808329885756769
6688,63940,0.8728814778402508
6688,7846,0.8954402088249225
6688,407008,0.8919130049569911
6688,4689,0.9163363173235505
6688,2771,0.9457617234058089
6688,2783,0.9593897037771347
6688,2217,0.9420057206680802
6688,7439,0.894665337373392
6688,4814,0.9076703766593403
6688,1052,0.9271502670778228
6688,290,0.9306458915649994
6688,1192,0.954227235495503
6688,6556,0.8895333271056294
6688,11025,0.9313237859496697
6688,2752,0.8802730223658979
6688,92799,0.9102697440174101
6688,79143,0.9119651023401005
6688,9445,0.8528467277466869
6688,391,0.936867874541417
6688,29992,0.9495971693386807
6688,27128,0.8826322031126476
6688,5093,0.8979176425663622
6688,4084,0.8656994254959424
6688,240,0.9081340529859521
6688,6386,0.9199660139078761
6688,6648,0.8555008116403526
6688,54458,0.9379242591881759
6688,5777,0.9019281524951319
6688,978,0.9344640090196454
6688,677,0.8656724635392508
6688,64581,0.8886959231979629
6688,10288,0.8763556835766232
6688,4778,0.8677879799464288
6688,7454,0.9474566877151859
6688,963,0.8978559329582645
6688,23401,0.8684337144059905
6688,10487,0.9007231057589026
6688,9802,0.8692426681567469
6688,9473,0.9260763705300001
6688,7133,0.9005449084604369
6688,837,0.8599933553405795
6688,2358,0.8531008431089218
6688,10211,0.8740872610755485
6688,6398,0.92736287854811
6688,170954,0.8868084954385234
6688,126364,0.9612035659174377
6688,7132,0.908360380500046
6688,55505,0.9265085859727987
6688,81671,0.8691299439029987
6688,65220,0.8619163557965954
6688,7879,0.9371779238715405
6688,533,0.9553388934374185
6688,54518,0.8777625701628935
6688,4615,0.9205184745218156
6688,5538,0.9044823852404212
6688,116985,0.9384411457015782
6688,55911,0.9049805586775197
6688,79930,0.9494972525421056
6688,87,0.8550107238670241
6688,51291,0.8701582373500867
6688,3310,0.8580024786154449
6688,9770,0.9338033747987142
6688,1912,0.9016617507392363
6688,1032,0.8682250973563296
6688,115727,0.9683386045406713
6688,79168,0.8971811714085796
6688,53829,0.8732726838799888
6688,7462,0.8905806983523725
6688,4947,0.8989139690045233
6688,5724,0.951733654741564
6688,56905,0.9093258167869628
6688,84649,0.861928430783053
6688,11240,0.850460405319374
6688,8301,0.9123229725048394
6688,4067,0.9153671894732466
6688,51170,0.9163041621285382
6688,2885,0.9462474724527785
6688,9260,0.9148491240889766
6688,23558,0.8657247479110955
6688,729737,0.8912586147144447
6688,126308,0.868888197118519
6688,140885,0.9334582836043004
6688,9961,0.8638869801026869
6688,100500853,0.8691207801275999
6688,112268246,0.8983856198571625
6688,53917,0.873400255943319
6688,10261,0.9164355895559709
6688,8650,0.9134448915761422
6688,25797,0.8777535442537425
6688,5899,0.9069024251236509
6688,3614,0.9618228742792843
6688,150372,0.9807927346195618
6688,29108,0.9241118685471773
6688,55313,0.900676187251022
6688,10312,0.9000729698516707
6688,2790,0.8667552116793568
6688,284996,0.8788197693064527
6688,427,0.85363688121353
6688,1955,0.8906121722798265
6688,9114,0.945946823666768
6688,5175,0.928390964722198
6688,9123,0.9187996450535332
6688,4210,0.8724914040836527
6688,89849,0.8792933567396483
6688,8778,0.8750419934743368
6688,54918,0.9291310759298433
6688,10956,0.9314787217081494
6688,5580,0.9545338121266288
6688,100506115,0.8907561951668652
6688,829,0.8596903367402119
6688,7295,0.9077992028205573
6688,7090,0.8975717852893544
6688,7009,0.8529424607592134
6688,2280,0.8606533160251347
6688,8992,0.8756328140409081
6688,22904,0.8711303269409091
6688,9103,0.9354012648325549
6688,152007,0.9223769132031162
6688,5691,0.8808489044168865
6688,552891,0.8672012487626429
6688,8125,0.9081137701448371
6688,23258,0.8616463187845579
6688,2787,0.9197739008072019
6688,26234,0.9183204935152454
6688,5878,0.8718375844525814
6688,23569,0.8951306489727768
6688,25801,0.8771201969055968
6688,338442,0.8549147067485353
6688,144423,0.9208267441812561
6688,80301,0.9424360845290323
6688,64218,0.9392198658844938
3055,10581,0.8809556780401193
3055,4332,0.8813117662395404
3055,1441,0.9409399902939719
3055,7305,0.9200896801288735
3055,6277,0.8598757362962988
3055,2357,0.9372983859986205
3055,10135,0.8901955477752302
3055,5552,0.9181543542812935
3055,102465993,0.8938443607041405
3055,3936,0.9241346750324292
3055,23406,0.8595253295532204
3055,440926,0.9374057453080405
3055,8794,0.8521453743203474
3055,4688,0.9722577772358896
3055,366,0.9093193642493504
3055,10409,0.8923103150373451
3055,3577,0.8725986609942771
3055,7940,0.9521199080705604
3055,2124,0.9146241681356938
3055,728,0.9417906225530784
3055,397,0.8863282497624771
3055,3020,0.9338972907028185
3055,3385,0.8591025283765092
3055,4542,0.9039947230727309
3055,8875,0.8607284821236786
3055,3687,0.9029266949375286
3055,409,0.9760527328764883
3055,11151,0.8561425520106648
3055,120425,0.960682907538355
3055,597,0.890685825924985
3055,7408,0.9619897872824015
3055,51734,0.9367117808001354
3055,2180,0.8806328687969192
3055,64386,0.8957996020791504
3055,3059,0.9529138137498636
3055,976,0.874502747184355
3055,2268,0.8830710915406013
3055,64115,0.9662184145837667
3055,11337,0.9098621009106619
3055,1439,0.8844941698602625
3055,2212,0.9454743667092905
3055,10094,0.9277390925775868
3055,4046,0.9153843617475208
3055,7086,0.870541717537356
3055,1265,0.8762586117668926
3055,1051,0.8859409512309407
3055,63940,0.8915957479934622
3055,7846,0.8849726890616423
3055,407008,0.9174269658580572
3055,4689,0.9376295736877586
3055,2771,0.9320763639085906
3055,2783,0.9654117189847086
3055,2217,0.9212490160276419
3055,7439,0.8571813405645392
3055,6404,0.8511804074806076
3055,5836,0.8696985589107563
3055,4814,0.8909338043156103
3055,1052,0.9025038698084537
3055,290,0.930582258672129
3055,1192,0.956014630254653
3055,6556,0.8845546480810412
3055,2319,0.8700789766212396
3055,80325,0.8726419545107792
3055,51312,0.8813520085629097
3055,11025,0.9430578228096294
3055,2752,0.8729714309143618
3055,92799,0.9161762951120265
3055,79143,0.931433202792319
3055,9445,0.8734976529896795
3055,391,0.9407709287562597
3055,29992,0.9372177954295323
3055,27128,0.910145171827026
3055,5093,0.8962315430957022
3055,4084,0.8803851808673575
3055,240,0.9280674175967566
3055,6386,0.9444754309821196
3055,6648,0.8774892261026328
3055,54458,0.9536406008435598
3055,5777,0.9149520034093026
3055,978,0.9304985699645085
3055,677,0.8580298140467953
3055,60675,0.8646583795762194
3055,64581,0.8664028998056101
3055,4778,0.8957345101951395
3055,116496,0.8538483914243786
3055,7454,0.9540498564373084
3055,963,0.9357098224154623
3055,23401,0.9022012126918579
3055,10487,0.9340194318272467
3055,9802,0.8591641656280606
3055,9473,0.9129294715788702
3055,7133,0.8758850032415422
3055,837,0.8771629430180591
3055,3303,0.8554745331862849
3055,2358,0.9017968869892004
3055,10211,0.9006206437482096
3055,6398,0.9235479022862281
3055,170954,0.9088431974088529
3055,126364,0.9752508277310826
3055,7132,0.9374588185422924
3055,55505,0.9274441723995476
3055,146225,0.8615852327344414
3055,81671,0.8867379830733163
3055,65220,0.8733936279353564
3055,7879,0.9499443139161938
3055,533,0.935004092374348
3055,54518,0.9126484720976318
3055,4615,0.9249440284694856
3055,5538,0.897611465021985
3055,116985,0.9426585334313002
3055,55911,0.91126879175967
3055,8291,0.8796659973441502
3055,79930,0.9634845958875284
3055,8826,0.8611043934340625
3055,87,0.884173935105403
3055,51291,0.8902613118234962
3055,3310,0.8812817713274916
3055,9770,0.9503816547923428
3055,1912,0.921347419351485
3055,1032,0.8799055791096102
3055,115727,0.9769076848014275
3055,79168,0.9259411924260605
3055,53829,0.9118885492621567
3055,7462,0.8980705276631031
3055,4947,0.9167000363402504
3055,5724,0.9620948446681789
3055,133,0.8804090782214786
3055,56905,0.8938800201129069
3055,116844,0.8532939344670779
3055,84649,0.8954712290340912
3055,11240,0.8948080747756991
3055,8301,0.929988155833084
3055,4067,0.9292867718231514
3055,51170,0.9363133293411559
3055,2885,0.9487912884336357
3055,9260,0.924432824582871
3055,23558,0.8865745056377414
3055,729737,0.9058469109121584
3055,126308,0.8786996269829448
3055,140885,0.9511621409317138
3055,9961,0.8810123364503822
3055,100500853,0.8998022959836394
3055,112268246,0.9139790613806241
3055,53917,0.8597904470650582
3055,10261,0.9521654697989975
3055,8650,0.9363284230364207
3055,25797,0.8850959207405898
3055,5899,0.9343232386428608
3055,3614,0.9622559553277917
3055,150372,0.9766447668693519
3055,29108,0.9045877772304564
3055,55313,0.9064124575241929
3055,10312,0.894152833933118
3055,2790,0.907840440306848
3055,284996,0.9023779715474172
3055,1955,0.8960684570300187
3055,9114,0.9346152513474307
3055,5175,0.9267641016002574
3055,9123,0.9384629881516422
3055,4210,0.8851955484946309
3055,9170,0.8639358757527048
3055,89849,0.8895788741586612
3055,8778,0.8887511808696106
3055,54918,0.9454786943646756
3055,10956,0.910293759430747
3055,5580,0.9654750519621921
3055,120892,0.8631713787318647
3055,100506115,0.9122317474651092
3055,283349,0.8530640268579249
3055,829,0.9097034937881276
3055,7295,0.9223115389401045
3055,7090,0.8975358449647902
3055,7009,0.8686021149131493
3055,8992,0.8884779091795826
3055,22904,0.8988736202980622
3055,9103,0.951510608291941
3055,152007,0.9177131519984646
3055,1084,0.8634548910813765
3055,26578,0.8764842512038583
3055,5691,0.8833425187404587
3055,552891,0.9080809452223868
3055,6195,0.8621537118046053
3055,8125,0.9226525291647545
3055,23258,0.8688262240081982
3055,2787,0.9014109768300422
3055,26234,0.9393753929154602
3055,5878,0.8575589172002368
3055,23569,0.8982120349307879
3055,25801,0.9237658947351521
3055,338442,0.8560642633846346
3055,83931,0.8600093179822447
3055,144423,0.9387381927866972
3055,80301,0.9568550237564464
3055,64218,0.9465500003862993
353514,2207,0.8828311456852244
353514,706,0.8939506269091017
353514,5226,0.9289154785737236
353514,199675,0.911701192390784
353514,3101,0.8686774125102984
353514,6813,0.9570456315435447
353514,2907,0.9420948523721044
353514,84418,0.8958266530149653
353514,1992,0.8780150192746979
353514,100506115,0.8948579045846825
353514,126014,0.9051314887441084
2783,10581,0.9387721860811179
2783,4332,0.897001295128216
2783,1441,0.9625711909108892
2783,7305,0.8973736773468711
2783,2357,0.9615238465445136
2783,10135,0.8945256094217493
2783,5552,0.9047704838051023
2783,102465993,0.9108586310907874
2783,3936,0.8904508320010203
2783,3579,0.8908675843380075
2783,8407,0.8824703458728624
2783,440926,0.9442715021975807
2783,8794,0.8947199028284805
2783,4688,0.9540850370557451
2783,366,0.920236223406876
2783,10409,0.9100740434659579
2783,3577,0.9242934778342226
2783,6286,0.8526677385089102
2783,7940,0.9406496264789299
2783,2124,0.8860804493259888
2783,728,0.9332929494225224
2783,397,0.902053800368963
2783,3020,0.9397866985367541
2783,3385,0.9130186804271188
2783,4542,0.9467492642998843
2783,8875,0.8690112935668813
2783,3687,0.9267018664515673
2783,409,0.9722433307912314
2783,11151,0.8960597834236175
2783,91300,0.8960071830383244
2783,120425,0.9615627760081026
2783,597,0.8876733970860606
2783,7408,0.9743823700534633
2783,51734,0.9685374511364719
2783,2180,0.8704191616505708
2783,64386,0.9368394616747961
2783,3059,0.9652271455490424
2783,976,0.9291543962707013
2783,64115,0.9454027552688908
2783,9516,0.8958294428943309
2783,11337,0.8638473153124383
2783,1439,0.9065091440561529
2783,2212,0.9420440525837532
2783,10094,0.8554299155560567
2783,4046,0.9355766661169562
2783,1265,0.9015915782398106
2783,1051,0.9222193317329068
2783,63940,0.9371640889231807
2783,7846,0.8707281370146681
2783,407008,0.9192107254718422
2783,4689,0.9598331869326331
2783,2771,0.9006377206489339
2783,101,0.875836237553743
2783,2217,0.8800423910194567
2783,8031,0.8530052277975728
2783,6404,0.9003635579790682
2783,4814,0.8870342505201362
2783,1052,0.8539596596135797
2783,290,0.8999278973494342
2783,83719,0.8564660601116525
2783,1192,0.9362708490028563
2783,2319,0.8953322291642782
2783,80325,0.929719934037608
2783,51312,0.901579057513361
2783,11025,0.9165289214129652
2783,241,0.8910743095044821
2783,2752,0.868268031729523
2783,92799,0.9243474334282282
2783,79143,0.9687880583151587
2783,9445,0.8982124481413305
2783,391,0.9565806590742345
2783,29992,0.9143190975958893
2783,27128,0.9545221896300877
2783,5093,0.8758069011897841
2783,23214,0.9023525986175481
2783,4084,0.9027033009252347
2783,240,0.8779827077093286
2783,8334,0.8511881533399062
2783,6386,0.9328321875056598
2783,6648,0.901047575197422
2783,54458,0.9725619183548113
2783,5777,0.8823989851096172
2783,978,0.9441785431237134
2783,60675,0.8826112099359736
2783,4778,0.9176092143721829
2783,116496,0.8549380601839264
2783,7454,0.9796268461782839
2783,963,0.9145297902014455
2783,23401,0.9321341572054362
2783,10487,0.9097642387880467
2783,9473,0.8891090519652654
2783,837,0.897153189551022
2783,3303,0.894922275059367
2783,2358,0.9069506338998851
2783,10211,0.9336294253181099
2783,84243,0.887628488297014
2783,6398,0.9183989842271707
2783,170954,0.9409878612543735
2783,126364,0.9655819217757194
2783,7132,0.9618405670512058
2783,55505,0.9227381224762807
2783,146225,0.9124894195853284
2783,81671,0.9038132850777053
2783,6397,0.8853680592295932
2783,65220,0.892607892747878
2783,7879,0.9288832313387189
2783,752,0.8861217616038454
2783,533,0.9134960247836188
2783,54518,0.917645609707237
2783,116985,0.9499551173205085
2783,55911,0.9513111230208362
2783,8291,0.8617205497838907
2783,79930,0.9373197797113264
2783,87,0.9047013134278862
2783,51291,0.912239997128674
2783,8698,0.8685414112739489
2783,26020,0.8965221202251156
2783,3310,0.9143663286136028
2783,9770,0.9144222806747591
2783,1912,0.951783663662072
2783,1032,0.9363674411342149
2783,115727,0.9694517662645834
2783,79168,0.8635789056778225
2783,53829,0.9045585664209564
2783,7462,0.8921448010988599
2783,4947,0.9217550946050207
2783,5724,0.9359809921577955
2783,133,0.8676484888351705
2783,56905,0.8967572420739766
2783,116844,0.8758094067929475
2783,84649,0.9320222975896965
2783,11240,0.8801831037616006
2783,8301,0.9203953225137721
2783,4067,0.9161687238341216
2783,51170,0.9133216747535043
2783,2885,0.8827026387464993
2783,9260,0.960562319155969
2783,23558,0.9212880717932095
2783,729737,0.9335061284387804
2783,126308,0.9120035366688233
2783,140885,0.8907033067564402
2783,9961,0.9207363624377086
2783,100500853,0.912083466327908
2783,112268246,0.9655642609271367
2783,53917,0.8620850605935045
2783,10261,0.9282932081544459
2783,8650,0.9185535772666507
2783,25797,0.8976646570812306
2783,5899,0.9267127246486998
2783,3614,0.962178701112115
2783,4179,0.8532811711722755
2783,150372,0.9502282841777165
2783,29108,0.8713969316770676
2783,55313,0.9096061540343087
2783,10312,0.9245754048186435
2783,2790,0.9220845890896623
2783,284996,0.9310450632372874
2783,1955,0.8748744224410347
2783,9114,0.8970911275851815
2783,254896,0.8885124499591929
2783,5175,0.8672466685486903
2783,9123,0.9483357756717455
2783,4210,0.8876643072907898
2783,9170,0.9170085889074672
2783,89849,0.9140617538950303
2783,8778,0.9085690724649733
2783,54918,0.8975261043280282
2783,10956,0.8650871460738957
2783,8993,0.8836045216460361
2783,5580,0.9108047974036416
2783,120892,0.8610682946854782
2783,100506115,0.8775280079152495
2783,100507419,0.8791513587844049
2783,3927,0.858324489887301
2783,283349,0.8748929631753838
2783,829,0.8697104064451444
2783,7295,0.9378930016108031
2783,7090,0.9112845488355998
2783,257106,0.8585417217715352
2783,81628,0.9014730645667769
2783,137835,0.8841242396415615
2783,8992,0.868075409443775
2783,389541,0.8670655858617554
2783,22904,0.9337886426945586
2783,9103,0.9260975663929293
2783,152007,0.9029650111071188
2783,1084,0.9071681272143364
2783,26578,0.8966208608572555
2783,5691,0.8863905394602825
2783,552891,0.9224297367599187
2783,6195,0.9210203408616877
2783,8125,0.9369263444686128
2783,3015,0.8640339117355444
2783,23258,0.864515763399746
2783,26234,0.9271233242568212
2783,23569,0.8928300785768436
2783,25801,0.9188688205688605
2783,338442,0.8658533208131769
2783,83931,0.8960894786241269
2783,144423,0.944784076186482
2783,80301,0.9527223340677332
2783,64218,0.8939968616215545
5836,1441,0.8789291989558257
5836,2357,0.8604245428175539
5836,10135,0.8645512379867636
5836,3936,0.859942437976943
5836,366,0.894867344009521
5836,10409,0.9226791432163384
5836,8875,0.8872255320763082
5836,3687,0.8842987484183354
5836,7408,0.8740240664263695
5836,51734,0.8579818379014884
5836,2180,0.9194410344251117
5836,64386,0.8962631600518111
5836,3059,0.8588546882145075
5836,2212,0.9074935515264998
5836,1265,0.8588806730610237
5836,4689,0.8863155597216928
5836,290,0.878023241570114
5836,6556,0.8966409307042107
5836,2319,0.932164347550918
5836,11025,0.9301762968095827
5836,92799,0.9048894827142691
5836,240,0.9153065957505643
5836,6386,0.8685896733456265
5836,54458,0.8518647135705669
5836,60675,0.8703729605342349
5836,4778,0.892490917064699
5836,116496,0.9089367610957014
5836,963,0.8661700124086446
5836,10487,0.8902526473424649
5836,10211,0.9126987362246304
5836,84418,0.8892614089701935
5836,7879,0.8625396374177285
5836,54518,0.925461343262607
5836,8291,0.9735889940196193
5836,604,0.9563534151494826
5836,79930,0.9287408639237859
5836,8826,0.8599807672390357
5836,1912,0.8527330656826273
5836,115727,0.866727124373815
5836,79168,0.9039447162181993
5836,133,0.9425905775201048
5836,116844,0.9282492267787671
5836,84649,0.8857153382201054
5836,11240,0.9138508553749922
5836,729737,0.8768003594083285
5836,140885,0.9290860064969677
5836,8650,0.8653049527997806
5836,306,0.945370950178526
5836,5899,0.8720133621690407
5836,3614,0.8580814926958705
5836,2790,0.8553594409352283
5836,9123,0.8742768250693441
5836,8972,0.9556125572173433
5836,8993,0.8707000033459464
5836,5580,0.9030238953351064
5836,100506115,0.9038409575441556
5836,829,0.8648795935705116
5836,1378,0.8919075714073933
5836,22904,0.865451790085876
5836,9103,0.884610241702722
5836,552891,0.855293146977592
5836,26234,0.8558902096415707
5836,25801,0.9111537073224771
5836,64218,0.916407652972056
5226,2207,0.9126599478557845
5226,6556,0.877679487081489
5226,199675,0.8604333343197428
5226,3101,0.9449675368533211
5226,6813,0.9295666748607521
5226,2907,0.9336477158254024
5226,84418,0.8614872824012421
5226,79168,0.893112282261073
5226,1992,0.9234238604495076
5226,57085,0.856122657753512
5226,89790,0.8608948092197205
5226,5355,0.8564760436470201
5226,967,0.8650056389564255
5226,100506115,0.9243925996106855
5226,126014,0.9073128369676763
5226,64218,0.8930887857932195
1192,10581,0.8519333879354258
1192,2512,0.879620216747023
1192,1441,0.887192520141043
1192,7305,0.9509669180782024
1192,6277,0.8903639664251546
1192,2357,0.8830304638408523
1192,5552,0.8660157138803133
1192,3936,0.8789064518456966
1192,23406,0.8625837820677833
1192,440926,0.8727464639410563
1192,4688,0.9203186055796427
1192,7940,0.9352381479367049
1192,728,0.8642735225534831
1192,3020,0.8619307522533852
1192,4542,0.8543292318056978
1192,409,0.9468607599491762
1192,11151,0.8638667331597624
1192,120425,0.9211485047567041
1192,7408,0.9071500444111427
1192,51734,0.8921850880243263
1192,199,0.8532154783374796
1192,3059,0.904267549282233
1192,2268,0.8897178940995479
1192,64115,0.9349220418288252
1192,11337,0.928156883956496
1192,2212,0.8805153969784764
1192,10094,0.9261349533489722
1192,4046,0.8697889663329761
1192,7086,0.8525585219418066
1192,407008,0.8816876962397242
1192,4689,0.8791956085752858
1192,2771,0.9205010152278913
1192,2217,0.8920639824581367
1192,6404,0.8521056761220825
1192,1052,0.8737460749232283
1192,290,0.8535212286727688
1192,11025,0.888215429131432
1192,92799,0.8854854040840944
1192,79143,0.8641664788336593
1192,391,0.9421041570999762
1192,29992,0.890720354931538
1192,27128,0.8611520408375535
1192,240,0.8559838203460547
1192,6386,0.8613368495498773
1192,54458,0.9149146977578395
1192,5777,0.87971846024256
1192,978,0.893637839417081
1192,4778,0.8708544324769146
1192,7454,0.913834269958222
1192,963,0.9289565430248022
1192,10487,0.8735906021753247
1192,9473,0.9218609225058326
1192,7133,0.8780452677254801
1192,837,0.8500493463553678
1192,10211,0.8601862806283793
1192,6398,0.944837572793369
1192,170954,0.8589938987496679
1192,126364,0.9210719262579183
1192,7132,0.9104908584024162
1192,55505,0.9215782231433768
1192,7879,0.891745332837908
1192,533,0.9082663803779863
1192,4615,0.9034239909757276
1192,5538,0.8787576235086074
1192,116985,0.8870347851081695
1192,55911,0.8862842426442666
1192,79930,0.8895832892539848
1192,9770,0.8592656758468872
1192,1912,0.8591694073940364
1192,115727,0.912303883592035
1192,79168,0.8817604120060402
1192,7462,0.8787215020321409
1192,5724,0.8913565353953454
1192,56905,0.8508354069849815
1192,8301,0.8651974333325764
1192,4067,0.8554420635276024
1192,57085,0.8617381161469361
1192,51170,0.8684797487373928
1192,2885,0.8917603816879096
1192,9260,0.8548015305999365
1192,729737,0.8604304365357237
1192,126308,0.8502257952342777
1192,140885,0.8693473576352152
1192,9961,0.8637237744528619
1192,112268246,0.8821703570574602
1192,53917,0.8947955035673888
1192,10261,0.8991665470817427
1192,5899,0.8604039652464577
1192,3614,0.9269284388263639
1192,150372,0.9538224145244187
1192,29108,0.9353125862895899
1192,10312,0.9001972787057185
1192,9114,0.9443458280816702
1192,5175,0.8680848200068745
1192,9123,0.9300130683158842
1192,54918,0.8851660270573427
1192,10956,0.9489233891677943
1192,5580,0.9382614177108967
1192,100506115,0.8805717669665768
1192,829,0.8731998536591651
1192,7295,0.8864104887120419
1192,2280,0.8572060453491173
1192,8992,0.934336592418833
1192,9103,0.912149716861991
1192,152007,0.9490867374737805
1192,5691,0.9276484179239701
1192,6195,0.8534976532954008
1192,8125,0.8511285515167347
1192,2787,0.9373736460280542
1192,26234,0.8688535453228378
1192,80301,0.9514838259573098
1192,64218,0.9042185812198805
6556,3936,0.86533440946524
6556,2268,0.8604272332771077
6556,64115,0.8744972590376838
6556,290,0.8869309575507427
6556,11025,0.9451199020082218
6556,92799,0.8503517407162937
6556,391,0.8500810620535493
6556,240,0.8675769827627953
6556,10288,0.8955521863087897
6556,10487,0.8545670382205918
6556,126364,0.8526646426855815
6556,7879,0.8618499659093224
6556,4615,0.8638015329328348
6556,5538,0.8651345333062687
6556,8291,0.8572301735421018
6556,604,0.9003135860729542
6556,79930,0.9011273776289005
6556,115727,0.8579640165626552
6556,79168,0.8963964480895673
6556,133,0.8622057735630285
6556,2885,0.8521989999832227
6556,140885,0.9282080590157776
6556,3614,0.8766020864110434
6556,150372,0.8629448336969664
6556,9114,0.853134872594733
6556,5580,0.9127528270069245
6556,100506115,0.8969290794808783
6556,2787,0.8772963432307906
6556,64218,0.9100136695256127
2319,10581,0.886351137551469
2319,1441,0.9311992617807435
2319,2357,0.9172106417106697
2319,10135,0.8650439941410136
2319,366,0.911743840372105
2319,10409,0.9363732386932657
2319,3577,0.8720142396044435
2319,397,0.8581720287972513
2319,8875,0.86706709575876
2319,3687,0.8774134478845561
2319,409,0.8639434105378195
2319,7408,0.8964706162700511
2319,51734,0.9224580064308503
2319,2180,0.9125563179613397
2319,64386,0.9358379062755954
2319,3059,0.8874034059240758
2319,9516,0.8565249512332637
2319,2212,0.9200646199668643
2319,1265,0.9140820938243801
2319,63940,0.8961988002986281
2319,407008,0.860619829610555
2319,4689,0.9327813721688917
2319,6404,0.8568010603823103
2319,80325,0.8541899113589005
2319,51312,0.8841481917546549
2319,11025,0.8851379059766978
2319,241,0.865312054540743
2319,92799,0.9269174421702048
2319,79143,0.8897145398988994
2319,391,0.9096063939501271
2319,27128,0.9173997159756557
2319,23214,0.8557790994192065
2319,240,0.902425331333583
2319,6386,0.8521197967171669
2319,54458,0.8928348671562797
2319,60675,0.8988975508088499
2319,4778,0.9546653290258814
2319,116496,0.8988671504343989
2319,7454,0.8648321780846978
2319,963,0.8679438127777518
2319,23401,0.9027912409304778
2319,2358,0.8721766698349422
2319,10211,0.950846705962621
2319,7132,0.8956843604042386
2319,84418,0.9380716351864875
2319,54518,0.9187320091724922
2319,55911,0.8647939183243791
2319,8291,0.9488892015199614
2319,79930,0.916681085718278
2319,8698,0.8666481769243779
2319,3310,0.8740262261091392
2319,1912,0.8948917923142646
2319,115727,0.8737708941666353
2319,79168,0.871802370067132
2319,133,0.9064940179553673
2319,116844,0.973632807563218
2319,84649,0.9368682424368739
2319,11240,0.914556267528696
2319,9260,0.8688489207785778
2319,729737,0.9307806657796764
2319,140885,0.8547295132404782
2319,100500853,0.8557172834680038
2319,112268246,0.9058511283001546
2319,306,0.9124133148571802
2319,5899,0.8702517016855412
2319,3614,0.8731319810924084
2319,2790,0.8927303866239666
2319,284996,0.855121019325363
2319,9123,0.9316234333870204
2319,9170,0.8643201023279553
2319,8972,0.8865015100028909
2319,8993,0.941129201242917
2319,5580,0.8586638548232082
2319,100506115,0.8996219208132094
2319,100507419,0.8767033545072043
2319,7295,0.8536692897709807
2319,22904,0.9037144466628089
2319,9103,0.8785436796873373
2319,552891,0.8924919798346258
2319,6195,0.8838217092212461
2319,25801,0.9252812955090677
2319,144423,0.8569870387170028
2319,80301,0.8546547301136821
2319,64218,0.8911674561172941
11025,10581,0.8768676614872474
11025,1441,0.9346984960665315
11025,2357,0.9145067238105753
11025,10135,0.8815838759024498
11025,5552,0.8618805751106097
11025,102465993,0.8781716447137493
11025,3936,0.9006436670686113
11025,440926,0.8955899063461864
11025,4688,0.9134386283603579
11025,366,0.910856535910704
11025,10409,0.907941947187834
11025,7940,0.8838997744102296
11025,2124,0.8779746504677827
11025,728,0.8854765075290583
11025,397,0.8792323113161441
11025,3020,0.8933609704758675
11025,4542,0.8579698611796549
11025,8875,0.8908396807073251
11025,3687,0.9167541907015788
11025,409,0.927697304730551
11025,120425,0.9016749538372024
11025,597,0.8781893720899545
11025,7408,0.9349100942450204
11025,51734,0.9185490404280537
11025,2180,0.8995188116481213
11025,64386,0.916637083066113
11025,3059,0.9210185792708393
11025,64115,0.9193066999388331
11025,1439,0.8635193849545024
11025,2212,0.9403184114183261
11025,4046,0.8873420861922031
11025,1265,0.8871967993787835
11025,1051,0.8565544376925883
11025,63940,0.8822123940170676
11025,407008,0.8987043772377927
11025,4689,0.9346278495734732
11025,290,0.9269225359275953
11025,80325,0.8507098481659134
11025,51312,0.870525752164688
11025,92799,0.910909987471518
11025,79143,0.8970208049773098
11025,391,0.9068315340544713
11025,29992,0.862452408377228
11025,27128,0.8900218776341163
11025,4084,0.8566929152975734
11025,240,0.9301458600968509
11025,6386,0.9180725270535376
11025,54458,0.9307916220636367
11025,5777,0.8762374041813813
11025,978,0.9233164811098716
11025,4778,0.8918062342723155
11025,116496,0.8720881204443053
11025,7454,0.9082752560882549
11025,963,0.9121598356281678
11025,23401,0.8716097265803375
11025,10487,0.9195051889823347
11025,3303,0.8544198094526195
11025,2358,0.8732784719494725
11025,10211,0.9248099362659142
11025,170954,0.8558885194996532
11025,126364,0.9305161722394063
11025,7132,0.8971864813930613
11025,55505,0.8995579709133942
11025,84418,0.8533970157332929
11025,7879,0.9204405490846254
11025,54518,0.9353367853839534
11025,4615,0.8890019306210344
11025,116985,0.9104535792874053
11025,55911,0.9048102421370721
11025,8291,0.9294880645704874
11025,604,0.9279741362674279
11025,79930,0.9629293125119213
11025,8826,0.8668326416823412
11025,87,0.877282179547104
11025,51291,0.8947961739269867
11025,9770,0.9002700306848292
11025,1912,0.9221540600433245
11025,1032,0.8528046902426479
11025,115727,0.9461387503901103
11025,79168,0.9176585312164339
11025,53829,0.882790556151294
11025,5724,0.8960631114631394
11025,133,0.9227633796765521
11025,116844,0.8990157765880066
11025,84649,0.8996487308409259
11025,11240,0.90062844544395
11025,8301,0.9002293049611507
11025,4067,0.8858766421305064
11025,51170,0.8689306471131274
11025,2885,0.8840922468627171
11025,9260,0.9099460986544772
11025,23558,0.8515672550104886
11025,729737,0.9027327178470724
11025,140885,0.9480505315190337
11025,100500853,0.900795427888733
11025,112268246,0.8785505138657567
11025,10261,0.9092966474417965
11025,8650,0.9218273727283163
11025,5899,0.916918407795267
11025,3614,0.9215280501529199
11025,150372,0.9168082513996647
11025,10312,0.8600770400039459
11025,2790,0.8739167937492599
11025,284996,0.8740305210594316
11025,1955,0.8561290905871538
11025,9114,0.859354295542626
11025,9123,0.9141732257954
11025,4210,0.8540761012682836
11025,9170,0.8822982695101056
11025,89849,0.8548619987945938
11025,8972,0.8705446624394835
11025,54918,0.8647625349678847
11025,8993,0.8692813773641774
11025,5580,0.9557514418631244
11025,100506115,0.9073317280104233
11025,829,0.8812727155311065
11025,7295,0.8827825668987087
11025,7090,0.8529152035303926
11025,22904,0.8941929718978228
11025,9103,0.9313065981613802
11025,152007,0.8578165253152238
11025,26578,0.8639459204925466
11025,552891,0.8737539413143183
11025,6195,0.8600451828082067
11025,8125,0.876417162130994
11025,2787,0.8678510082185721
11025,26234,0.9023333218499042
11025,23569,0.8982992204818008
11025,25801,0.9187719995000512
11025,144423,0.9064168340533664
11025,80301,0.8972732460340828
11025,64218,0.9213884129623368
92799,10581,0.8757054037126463
92799,1441,0.906870098063275
92799,2357,0.9255810615996191
92799,440926,0.871380520672792
92799,4688,0.865387488562634
92799,366,0.8798679860499352
92799,10409,0.8981345951622565
92799,7940,0.9002404535873898
92799,397,0.875162457724004
92799,3020,0.8660468754242855
92799,8875,0.8632900748873393
92799,3687,0.8833037310909011
92799,409,0.9076253048614084
92799,120425,0.9036076267850706
92799,7408,0.9173219041385255
92799,51734,0.9332334193697425
92799,2180,0.8601849449628091
92799,64386,0.8983994463310151
92799,3059,0.901539176047486
92799,64115,0.8812326870406011
92799,2212,0.9006050380045678
92799,4046,0.8615194461832151
92799,1265,0.8709921093895006
92799,63940,0.89219675546111
92799,407008,0.8859715207274395
92799,4689,0.930491058496677
92799,6404,0.8753319779994823
92799,290,0.8950432309545101
92799,241,0.8628512908568414
92799,79143,0.877055264667119
92799,391,0.9428179061772033
92799,27128,0.8871372432085168
92799,240,0.880239555676483
92799,6386,0.882096177282043
92799,54458,0.9103683293049671
92799,978,0.8893455888354458
92799,60675,0.8621389086449566
92799,4778,0.9263283294108657
92799,7454,0.9021343042247881
92799,963,0.8827642566092786
92799,23401,0.8915505198589417
92799,10487,0.8704715069519554
92799,10211,0.934410062822745
92799,170954,0.8526535480030197
92799,126364,0.8888492407312399
92799,7132,0.8919627609060324
92799,55505,0.9030023319239558
92799,146225,0.8553563943356887
92799,84418,0.8544581049166128
92799,7879,0.8772493030033023
92799,54518,0.9065206262947939
92799,116985,0.8676708807031697
92799,55911,0.8836290820252231
92799,8291,0.8962608869212937
92799,79930,0.9251426064543948
92799,3310,0.8815150462170042
92799,9770,0.852605416095786
92799,1912,0.8957125275877041
92799,115727,0.9120872882512485
92799,79168,0.8588599074097312
92799,5724,0.8618604415205172
92799,133,0.8720100721952926
92799,116844,0.9019385635012918
92799,84649,0.904561495456252
92799,9260,0.8912780191462311
92799,729737,0.9115099271102798
92799,140885,0.8880168528496186
92799,100500853,0.8504438727504093
92799,112268246,0.8929061035143308
92799,8650,0.8503864757364092
92799,25797,0.8718903144663769
92799,5899,0.8696539889298823
92799,3614,0.9418990732022581
92799,150372,0.890759272146409
92799,29108,0.8509007402869514
92799,10312,0.8513474617200945
92799,2790,0.8676110533315836
92799,9114,0.8783980815516539
92799,9123,0.9340811062963644
92799,9170,0.8765279203575486
92799,8993,0.9355574386976665
92799,5580,0.9042723434901966
92799,100506115,0.8919753767615023
92799,7295,0.9160975201831135
92799,8992,0.8541836490589817
92799,22904,0.8701781117303632
92799,9103,0.890075115312538
92799,152007,0.8601191804431161
92799,5691,0.8671888747015088
92799,552891,0.8678093672597071
92799,6195,0.8817320197063806
92799,8125,0.8731090199711751
92799,26234,0.8652531377939339
92799,23569,0.8963467461234619
92799,25801,0.8836512435067028
92799,144423,0.8677909523656783
92799,80301,0.8861289333419419
92799,64218,0.9165077721384475
391,10581,0.8918896495896044
391,1441,0.9248908821419946
391,7305,0.8963483307009669
391,2357,0.9311262886507251
391,440926,0.8561323131655094
391,4688,0.8775144253470917
391,4637,0.8685812990065965
391,7940,0.927898691019852
391,397,0.8984573485777215
391,4542,0.8501394206029156
391,3687,0.861652004610352
391,409,0.9404440183849194
391,11151,0.8864271028894131
391,120425,0.9197571784974831
391,7408,0.9126560145235275
391,51734,0.9360515497127962
391,64386,0.8778414527615154
391,3059,0.9308255358289339
391,64115,0.9282065826943822
391,11337,0.8692702013736093
391,2212,0.8836685964897263
391,10094,0.8538693669312224
391,4046,0.8592125556354897
391,1265,0.8690655115040252
391,63940,0.9028805683090434
391,407008,0.9045679254144998
391,4689,0.9211534242106462
391,2771,0.8514195014101456
391,6404,0.9080136943194358
391,290,0.8743066539472485
391,80325,0.8512866212442479
391,241,0.89202515264158
391,79143,0.8973934884232225
391,27128,0.8849372453028321
391,240,0.865169277276611
391,54458,0.9296159068945419
391,978,0.9037152227295356
391,4778,0.9461064298600931
391,7454,0.9232552313914117
391,963,0.889368251676036
391,23401,0.8794516338892172
391,10487,0.8541636815352401
391,10211,0.9432576616226849
391,6398,0.8877729480105678
391,126364,0.9171047048982204
391,7132,0.9293060273404123
391,55505,0.9245990483469274
391,84418,0.8843494387506916
391,7879,0.8674353017769368
391,533,0.8514532568117683
391,54518,0.8728951102395148
391,116985,0.8755205289432176
391,55911,0.8872029948047395
391,8291,0.8537533731085178
391,79930,0.916635430185424
391,8698,0.8820179714957213
391,1912,0.9089205019738954
391,115727,0.9115290369942739
391,79168,0.8920480665019146
391,5724,0.8784619388131643
391,116844,0.9060596583854483
391,84649,0.895943537805034
391,9260,0.8926287314151562
391,729737,0.9450023264666962
391,140885,0.8725599579500615
391,9961,0.8581919443369054
391,112268246,0.9428003233452348
391,10261,0.8712341094362993
391,3614,0.9614664812328427
391,150372,0.9260927663244239
391,29108,0.9152929564108875
391,10312,0.8723133948311943
391,9114,0.9243742921549483
391,9123,0.9789369335257043
391,9170,0.8551069093117004
391,10956,0.8729001978991812
391,8993,0.9172327341714621
391,5580,0.9129521436465937
391,100506115,0.9350949193604242
391,7295,0.9099431153873884
391,8992,0.9274925302479492
391,22904,0.8541442050596801
391,9103,0.8779848973910865
391,152007,0.8941992846556589
391,5691,0.9340546954217651
391,6195,0.9018456880789836
391,8125,0.8556013556577411
391,2787,0.8715559065838888
391,23569,0.8761852091480855
391,25801,0.862252356775497
391,80301,0.9265284369515175
391,64218,0.926410946898118
6813,2207,0.9091540976583333
6813,706,0.8800718541306045
6813,199675,0.8617571956514345
6813,3101,0.8649518730168875
6813,2907,0.9295952489088347
6813,57085,0.8729594199924834
6813,100506115,0.8857121919638326
6813,126014,0.9210081411374101
4778,10581,0.8806065215368754
4778,1441,0.9303993287483163
4778,2357,0.9180856109445285
4778,366,0.8753888842332388
4778,10409,0.8869422141563279
4778,3577,0.8828185501866175
4778,7940,0.8541325433909802
4778,397,0.8765377830367067
4778,3687,0.8739306459638457
4778,409,0.896089628490634
4778,11151,0.8640184907588211
4778,91300,0.8516778089376013
4778,120425,0.8966137955773602
4778,7408,0.9038815071551077
4778,51734,0.9397721033489291
4778,2180,0.8660159781964644
4778,64386,0.9111596967925794
4778,3059,0.8878028732522901
4778,2212,0.9119488202105897
4778,1265,0.9062868075108192
4778,63940,0.9011904000136758
4778,407008,0.9089065521353624
4778,4689,0.9377106540750251
4778,6404,0.9089895422001756
4778,80325,0.8702453275424668
4778,51312,0.8960921804340314
4778,241,0.8679032152937141
4778,79143,0.8976603419299226
4778,27128,0.9012821737350901
4778,240,0.8681675535466403
4778,54458,0.8956596771232817
4778,978,0.8632184973627434
4778,60675,0.8742760924095656
4778,7454,0.8849866763856792
4778,963,0.8764403760006853
4778,23401,0.9228201405677556
4778,3303,0.8559579976773763
4778,2358,0.8583942016475209
4778,10211,0.9392698083073611
4778,126364,0.8714160931766312
4778,7132,0.937722531106537
4778,55505,0.8624933944321697
4778,146225,0.8592845517547423
4778,84418,0.9014536011250789
4778,54518,0.9213126190159999
4778,55911,0.8621221915705733
4778,8291,0.9053029465988921
4778,79930,0.9040878635398171
4778,8698,0.919478834035694
4778,3310,0.8858639363823219
4778,1912,0.8828915310207851
4778,115727,0.879958243134953
4778,79168,0.8722592977158689
4778,53829,0.8583456380602756
4778,133,0.860590810807576
4778,116844,0.9431767692743415
4778,84649,0.9218885114254052
4778,11240,0.8647524447653465
4778,9260,0.8810515209183701
4778,729737,0.9536974226728704
4778,9961,0.8514923669367251
4778,112268246,0.9424208090869287
4778,10261,0.8709677555266232
4778,3614,0.9130630577686578
4778,150372,0.8755704740906446
4778,2790,0.8580755573099671
4778,9114,0.8500634069466934
4778,9123,0.9645456923698609
4778,9170,0.8941790329700062
4778,8993,0.9333769460180873
4778,5580,0.8883161172768124
4778,100506115,0.9090213864545642
4778,829,0.8589192951258352
4778,7295,0.8798480360952831
4778,8992,0.8661700253930239
4778,22904,0.885263936139322
4778,9103,0.8791704529657772
4778,5691,0.8591813302217948
4778,552891,0.8577703351291713
4778,6195,0.9036244015329312
4778,23569,0.858538233464706
4778,25801,0.8934214074025763
4778,80301,0.8973810439368354
4778,64218,0.8862520867348732
10211,10581,0.9126809059234204
10211,1441,0.9453136173321541
10211,2357,0.9476766650947445
10211,10135,0.8554181247279992
10211,440926,0.874905139817587
10211,4688,0.8552454282710095
10211,366,0.9077987169596298
10211,10409,0.9251355473101635
10211,3577,0.869138267127168
10211,7940,0.8614009350339391
10211,397,0.9164070433066527
10211,3020,0.8713768754446559
10211,3385,0.8619042069610888
10211,4542,0.8721443362602003
10211,8875,0.8830424626810408
10211,3687,0.9129011164426183
10211,409,0.9233247684513928
10211,120425,0.8838222081265218
10211,7408,0.9264331683203315
10211,51734,0.9436839782858892
10211,2180,0.8819318671377824
10211,64386,0.9424224151055864
10211,3059,0.9485326356179147
10211,976,0.8590008531451654
10211,64115,0.877069462900125
10211,9516,0.8705797229085842
10211,2212,0.9187322793034395
10211,4046,0.8587771011974716
10211,1265,0.9152985828302151
10211,1051,0.8500991151911346
10211,63940,0.9170827825423135
10211,407008,0.907243616823521
10211,4689,0.9439696439583546
10211,6404,0.9154315932455194
10211,290,0.8714267260361253
10211,80325,0.8886844069426394
10211,51312,0.8668162536753076
10211,241,0.9300782511443607
10211,79143,0.9128024406958192
10211,27128,0.9143077394891664
10211,23214,0.8632687490904322
10211,240,0.877453588110018
10211,6386,0.8817054994234339
10211,54458,0.934531800849381
10211,978,0.8938983620611872
10211,60675,0.8555247730338831
10211,116496,0.8699670753106974
10211,7454,0.9148137495932073
10211,963,0.8956715871055281
10211,23401,0.9045216290307673
10211,10487,0.8907826849407006
10211,3303,0.851599783191755
10211,2358,0.8856303856015043
10211,170954,0.8606793719176982
10211,126364,0.8983398254286121
10211,7132,0.9198009238429238
10211,55505,0.884243943573012
10211,146225,0.8808274503523479
10211,84418,0.9153386386709936
10211,7879,0.8818554157010672
10211,6653,0.8659454841106499
10211,54518,0.9227902282046325
10211,116985,0.8710899602493108
10211,55911,0.9117765348198245
10211,8291,0.9206123577696854
10211,604,0.852120924495278
10211,79930,0.9197883833411375
10211,87,0.8689219217999025
10211,51291,0.8723366007333407
10211,8698,0.8727488972364951
10211,26020,0.8610134070924735
10211,3310,0.8616593734020046
10211,1912,0.9423157490345794
10211,1032,0.8643371162778065
10211,115727,0.906834319999271
10211,79168,0.8924967216932576
10211,53829,0.8556790982158444
10211,5724,0.851536014196908
10211,133,0.9001396961871981
10211,116844,0.9532499028618178
10211,84649,0.9417185044390379
10211,11240,0.8906375840076812
10211,9260,0.9105997527583872
10211,729737,0.9390562817200768
10211,140885,0.8815409680508334
10211,9961,0.8601573911219675
10211,100500853,0.8960595418532378
10211,112268246,0.9251377565408507
10211,10261,0.8785233364310666
10211,8650,0.8646616893896178
10211,306,0.8531226743981081
10211,5899,0.8772767151659157
10211,3614,0.9216033759465894
10211,150372,0.8607657694314956
10211,10312,0.8616349121117873
10211,2790,0.8913112379902457
10211,284996,0.8697629393307357
10211,9123,0.950062230976957
10211,9170,0.8961357457908442
10211,8972,0.8684721218568509
10211,8993,0.9396677999717644
10211,5580,0.8857218877126902
10211,100506115,0.9206664486672265
10211,100507419,0.8971914472910861
10211,7295,0.8990084549981971
10211,22904,0.9182195535792466
10211,9103,0.8774200962616632
10211,26578,0.8621529761477363
10211,552891,0.8909791589318754
10211,6195,0.9321557045129661
10211,8125,0.8676648024964653
10211,26234,0.8570380048194693
10211,23569,0.8833046997755433
10211,25801,0.9227363098894138
10211,144423,0.8832199442672668
10211,80301,0.8795663623058697
10211,64218,0.8847201456359255
84418,1441,0.8535435195708998
84418,8291,0.8951715611465029
84418,79168,0.8901811706580692
84418,1992,0.9002904431596243
84418,116844,0.9684531272003238
84418,729737,0.8688705287848569
84418,306,0.9051735819659917
84418,9123,0.903741630994432
84418,8993,0.8971999398922305
84418,100506115,0.9296931152701357
84418,64218,0.8747981895438408
79168,1441,0.8805252156983799
79168,2357,0.8615773016861986
79168,3936,0.8921247959938406
79168,4688,0.8536245674883052
79168,409,0.9042728713731683
79168,7408,0.8601866049137538
79168,2180,0.8633750264323029
79168,3059,0.9004435410445745
79168,2268,0.8696629209934639
79168,64115,0.8885574628350984
79168,2212,0.8854368744821555
79168,10094,0.8536897101419423
79168,4689,0.8516910036722234
79168,290,0.8675797525458423
79168,240,0.9309099363422692
79168,6386,0.8500469199213277
79168,54458,0.871394468935284
79168,963,0.9028361944225073
79168,10487,0.8842154779655974
79168,126364,0.8776101706589999
79168,7879,0.8763624986685522
79168,54518,0.8670590917916732
79168,4615,0.8978539603139475
79168,5538,0.8543857346003173
79168,8291,0.9089528605596492
79168,604,0.8643635523298251
79168,79930,0.9257403603414219
79168,1912,0.8518591051921691
79168,115727,0.8802831801264117
79168,5724,0.8576194814856228
79168,1992,0.9374211333072996
79168,133,0.8633384514697594
79168,116844,0.8884877415657317
79168,11240,0.8908131487518516
79168,2885,0.8658294969484376
79168,729737,0.8673702199726663
79168,140885,0.9414234315048013
79168,10261,0.8754260588609475
79168,8650,0.8557248730402635
79168,3614,0.8900113736549456
79168,150372,0.8709619687440894
79168,9114,0.8532559799866593
79168,9123,0.9122141251549546
79168,5580,0.9411598270431697
79168,100506115,0.966696209673609
79168,829,0.8684350308246032
79168,9103,0.8978752122270511
79168,152007,0.853917833534045
79168,2787,0.8767553227050915
79168,25801,0.8908064770919873
79168,80301,0.8673401564120106
79168,64218,0.9523130344586463
1992,3101,0.8812505216800912
1992,116844,0.8524593194538684
1992,9123,0.8539896187407395
1992,5580,0.8559558237598116
1992,100506115,0.9256279290258411
1992,64218,0.9022802248530548
116844,10581,0.8739973494098158
116844,1441,0.921578331204119
116844,2357,0.9081323632841162
116844,366,0.8865996866337406
116844,10409,0.9123147909364276
116844,3687,0.8607725279078924
116844,409,0.8534502149931922
116844,7408,0.868915641725995
116844,51734,0.8983566028274546
116844,2180,0.8893212609633384
116844,64386,0.9107963012443886
116844,3059,0.8806502517525048
116844,2212,0.9007849138740218
116844,1265,0.8973704103824287
116844,63940,0.8660249123179271
116844,407008,0.855729600380216
116844,4689,0.9085717257191265
116844,6404,0.8511779654879028
116844,51312,0.8528279356303975
116844,241,0.877763542489909
116844,79143,0.8642859679123053
116844,27128,0.8901675662688973
116844,240,0.8856996346254221
116844,54458,0.8799514358139431
116844,116496,0.8692656999388828
116844,963,0.8623779750216226
116844,23401,0.8618344453227376
116844,2358,0.8560535316880398
116844,7132,0.8693514332017949
116844,54518,0.9034820050246894
116844,55911,0.8543024536865518
116844,8291,0.9378576315789199
116844,604,0.853070098732947
116844,79930,0.8971271502143928
116844,1912,0.8848517839997183
116844,133,0.9170879176503376
116844,84649,0.9201959418403298
116844,11240,0.8904586690757306
116844,729737,0.9167354654348877
116844,112268246,0.8908550200322803
116844,306,0.9146604004195215
116844,3614,0.8504677619950678
116844,2790,0.8681508860940547
116844,9123,0.9313393911288957
116844,8972,0.8815334440099638
116844,8993,0.9348006880978081
116844,5580,0.8513268482404274
116844,100506115,0.9284282094512837
116844,22904,0.8751092631766547
116844,9103,0.8590928216889923
116844,552891,0.8677934913725399
116844,6195,0.8680597923417132
116844,25801,0.9077750355858636
116844,64218,0.8836016812596946
57085,7305,0.8954446320336268
57085,6277,0.909588326907704
57085,2207,0.8976890420719574
57085,3689,0.852604674214445
57085,23406,0.8581779938611429
57085,1509,0.855660345965252
57085,199,0.8990180640272261
57085,2268,0.8739617959359557
57085,11337,0.8600236288918693
57085,7086,0.857168922908113
57085,10095,0.9188662929553569
57085,2907,0.8664473831714216
57085,5538,0.8625287984589093
57085,967,0.8872482772074122
57085,29108,0.9104554823545079
57085,112694756,0.9254233207675586
57085,9114,0.9028630667378863
57085,10956,0.8985567609762447
57085,2280,0.8920839139048454
57085,83706,0.8949576322119082
57085,255809,0.9154193173277129
57085,8992,0.8627993058543845
57085,152007,0.9016376964858897
57085,126014,0.8817460348965122
57085,5691,0.8545509834175278
57085,2787,0.8983750043696935
57085,84106,0.8768725915262667
729737,10581,0.9162788819366408
729737,1441,0.9601652074050963
729737,2357,0.9422509244662798
729737,440926,0.8685739187784173
729737,4688,0.872820196788757
729737,366,0.8855995136955891
729737,10409,0.9008400634964673
729737,3577,0.8916856753637848
729737,7940,0.8852365550592002
729737,397,0.9033089118852492
729737,3020,0.8641962512385915
729737,3385,0.8796104976197895
729737,4542,0.8753889373408174
729737,3687,0.909795421786617
729737,409,0.910662787415795
729737,11151,0.8819184749363811
729737,91300,0.8816218358219893
729737,120425,0.9098300936270205
729737,7408,0.9283194471175118
729737,51734,0.950119206736163
729737,2180,0.8535131940128862
729737,64386,0.9348844066065386
729737,3059,0.9280167464455423
729737,976,0.8558733726036531
729737,64115,0.8921213003836226
729737,9516,0.8518555656773101
729737,2212,0.9115141957756203
729737,4046,0.8699133534951461
729737,1265,0.9309864181651291
729737,63940,0.9340250068767851
729737,407008,0.9359192731834373
729737,4689,0.9497830758529189
729737,6404,0.9142181489953999
729737,290,0.889319754345258
729737,80325,0.9126396576137613
729737,51312,0.9039410908957775
729737,241,0.9157065117286899
729737,79143,0.9338198730295385
729737,27128,0.9137015739004142
729737,23214,0.8692329840634874
729737,240,0.8825753566476517
729737,6386,0.8609635419030409
729737,54458,0.932734527249814
729737,5777,0.8513659976675869
729737,978,0.8932468493244222
729737,60675,0.8551917680683562
729737,7454,0.9305438915945304
729737,963,0.8663801639931163
729737,23401,0.9219082490168256
729737,10487,0.8561686912101951
729737,3303,0.8792379405915579
729737,2358,0.8745642303600663
729737,170954,0.876916893737411
729737,126364,0.9037320659563912
729737,7132,0.940092512953189
729737,55505,0.8867808201598507
729737,146225,0.8887899963716163
729737,7879,0.8623947496878372
729737,54518,0.9149115403817856
729737,116985,0.8857828527123941
729737,55911,0.8830353658547161
729737,8291,0.892270521554612
729737,79930,0.9294387353294004
729737,87,0.8720492336770722
729737,51291,0.8574290877911952
729737,8698,0.9085635624401843
729737,26020,0.8641445848816983
729737,3310,0.8768351344158375
729737,9770,0.8566101469579943
729737,1912,0.9349381635556824
729737,115727,0.9197878447167606
729737,53829,0.8725964295118788
729737,5724,0.8674486693859269
729737,84649,0.9367874710246844
729737,11240,0.8740949162818119
729737,9260,0.9288769030067101
729737,23558,0.8683644943257706
729737,126308,0.8802124239343818
729737,140885,0.8650600259625322
729737,9961,0.8583627268667021
729737,100500853,0.8758288832063733
729737,112268246,0.9577389611685506
729737,10261,0.8822144002869889
729737,8650,0.8636617491613671
729737,5899,0.8663161211906375
729737,3614,0.9317938839586227
729737,150372,0.8958557442174458
729737,2790,0.859626335520699
729737,284996,0.8646764699060209
729737,9123,0.9503591227665846
729737,9170,0.9066757852208849
729737,89849,0.869955106816668
729737,8993,0.9342397056199494
729737,5580,0.8974584425044025
729737,100506115,0.9009852964606038
729737,100507419,0.8754639131635134
729737,7295,0.895827057024749
729737,81628,0.8502016383724356
729737,22904,0.8947479457519772
729737,9103,0.8757280123205343
729737,1084,0.8598823637060027
729737,552891,0.8592497677254646
729737,6195,0.9104338152377557
729737,8125,0.8777531208124799
729737,23569,0.8848978003695708
729737,25801,0.8914493982546362
729737,144423,0.8767569995462499
729737,80301,0.9088201880320952
729737,64218,0.8919106817298629
3614,10581,0.8670427341587068
3614,1441,0.9207253147270259
3614,7305,0.9188915363599784
3614,6277,0.8684068307171694
3614,2357,0.9293056336015134
3614,5552,0.8585353054081889
3614,102465993,0.8805316920991795
3614,3936,0.8858578576044035
3614,440926,0.8938259409455556
3614,4688,0.9198484763401952
3614,366,0.8660139945722045
3614,10409,0.864269596815798
3614,7940,0.9551231905697097
3614,728,0.8919215869184465
3614,397,0.9100081386308455
3614,3020,0.8883395795121629
3614,3385,0.8671953494531742
3614,4542,0.903304845588376
3614,3687,0.8974286804855167
3614,409,0.9529829941398329
3614,11151,0.8914342696813494
3614,120425,0.9484146719452295
3614,7408,0.9368827372417005
3614,51734,0.9366410475746229
3614,64386,0.8878550792874067
3614,3059,0.9502504497357566
3614,976,0.87048323924195
3614,2268,0.8547487787268506
3614,64115,0.9558999632218063
3614,11337,0.9019348999807603
3614,2212,0.8950859586654706
3614,10094,0.8908310469190722
3614,4046,0.9072438711401969
3614,7086,0.8616725068618196
3614,1265,0.8665743291752473
3614,63940,0.8910270948433153
3614,407008,0.9142495039561492
3614,4689,0.930946400138042
3614,2771,0.9170300890015953
3614,2217,0.9132180599935088
3614,6404,0.8986810502982663
3614,4814,0.8634245484902526
3614,1052,0.9057812449140807
3614,290,0.9408605164616162
3614,80325,0.8794259554897346
3614,241,0.8712745393766945
3614,79143,0.9151083375427033
3614,29992,0.9033613182608063
3614,27128,0.8855968067121368
3614,5093,0.856677644818038
3614,240,0.8818263573454161
3614,6386,0.8938828580380745
3614,54458,0.9356292370661824
3614,5777,0.8518037253161838
3614,978,0.9313173671084771
3614,7454,0.9474710757632925
3614,963,0.8901019807507986
3614,23401,0.8974302639617278
3614,10487,0.9062639717637945
3614,9473,0.871000601715037
3614,6398,0.8648737706248493
3614,170954,0.8776441820146872
3614,126364,0.9460023911953882
3614,7132,0.9296858888099044
3614,55505,0.9387658486183474
3614,146225,0.8674717471531329
3614,7879,0.9259178847919233
3614,533,0.9156580474184948
3614,54518,0.8898169061935209
3614,5538,0.8883036299269151
3614,116985,0.9380594557410904
3614,55911,0.8995955998139566
3614,79930,0.9412124113799936
3614,51291,0.8515528916367903
3614,3310,0.8545263740956798
3614,9770,0.9077042966902862
3614,1912,0.921672159857247
3614,115727,0.9513405387747008
3614,53829,0.8642612512915355
3614,7462,0.8606961483772817
3614,4947,0.8790418474799302
3614,5724,0.9416009271848178
3614,84649,0.9048797225171433
3614,11240,0.8607895594488518
3614,8301,0.872719562220946
3614,4067,0.8546159479961266
3614,51170,0.8745964671774443
3614,2885,0.8952972517423987
3614,9260,0.9261567746630062
3614,126308,0.8782137330259076
3614,140885,0.9269654276605228
3614,9961,0.8654334719405711
3614,100500853,0.8727553341580054
3614,112268246,0.9247170639896507
3614,10261,0.8959385865245657
3614,8650,0.8811203843295581
3614,25797,0.8726608606816462
3614,5899,0.874888302825608
3614,150372,0.9581895716124097
3614,29108,0.9273333090719094
3614,55313,0.8600473236892772
3614,10312,0.9024925818343325
3614,2790,0.8589886408926773
3614,284996,0.8507513712627459
3614,1955,0.8543481273542483
3614,9114,0.952862493670406
3614,5175,0.8892104101969464
3614,9123,0.9443795402981654
3614,9170,0.8723999224236507
3614,89849,0.864273146715117
3614,54918,0.8897630245647329
3614,10956,0.8900065830477205
3614,8993,0.8798429903933257
3614,5580,0.9340092679520896
3614,100506115,0.9033625268035068
3614,829,0.8535296187229291
3614,7295,0.9359544157976374
3614,8992,0.9064282326292147
3614,22904,0.8782441272504623
3614,9103,0.8982572721212672
3614,152007,0.9278868298428959
3614,5691,0.9175984963752515
3614,552891,0.8594424106756569
3614,6195,0.8992977881051438
3614,8125,0.906864806850499
3614,2787,0.8792331613537143
3614,26234,0.8849995958192216
3614,23569,0.9157905219764746
3614,25801,0.8735595107009483
3614,144423,0.9034059475478181
3614,80301,0.9325945994414645
3614,64218,0.9300638691201759
29108,2512,0.9546483895810027
29108,7305,0.9465449561249873
29108,6277,0.9477169289188354
29108,4946,0.9120335427982925
29108,23406,0.9291995976904918
29108,4637,0.8584375917081061
29108,7940,0.9326867696500927
29108,409,0.8756033168421307
29108,120425,0.880544694205711
29108,199,0.9201766324571139
29108,64115,0.9085736734814968
29108,11337,0.9652294652163766
29108,10094,0.9139937835787977
29108,7086,0.902027170213252
29108,2771,0.9000813143638406
29108,2217,0.9241713023505392
29108,1052,0.9027374794782397
29108,10095,0.89915193513094
29108,29992,0.8544557994453084
29108,10288,0.8674964305269435
29108,9473,0.8505948130845554
29108,7133,0.8801858928972355
29108,6398,0.8689973157751342
29108,126364,0.8646181943850524
29108,55505,0.9056934842513491
29108,533,0.9039795974526152
29108,5538,0.9013135583797134
29108,5724,0.8587057230297533
29108,2885,0.8602415030573757
29108,150372,0.9293319838466704
29108,112694756,0.9255749323015252
29108,9114,0.9766423981955434
29108,5175,0.860845624617678
29108,9123,0.877929434337915
29108,5199,0.878259764728886
29108,10956,0.9354730103769688
29108,5580,0.8718556910432738
29108,7295,0.8520694737268376
29108,2280,0.9190202239620014
29108,255809,0.8735821522776821
29108,8992,0.939213540485587
29108,152007,0.9219951426355508
29108,5691,0.9475431976557704
29108,2787,0.9067325603490861
29108,84106,0.8619409683469119
29108,80301,0.8776456581391451
29108,64218,0.8723809759458004
9114,2512,0.9263062717970733
9114,7305,0.9426625809868765
9114,6277,0.935369476161149
9114,4946,0.8844656888668967
9114,23406,0.9212767883922092
9114,4688,0.8794623071781299
9114,7940,0.9280508624240872
9114,409,0.9051453640321289
9114,11151,0.8517362641616406
9114,120425,0.9039907095657931
9114,7408,0.8576513036927795
9114,199,0.9032252370740164
9114,3059,0.8622634388989475
9114,2268,0.8818032853395524
9114,64115,0.921592164126137
9114,11337,0.9624794196289884
9114,10094,0.9142439870699522
9114,7086,0.914634529841161
9114,2771,0.9259428347220692
9114,2217,0.9296435162154993
9114,1052,0.9048662810845648
9114,290,0.8925702916814151
9114,10095,0.8866574398411236
9114,29992,0.8785957352841687
9114,387,0.864400923308014
9114,54458,0.8527748335670974
9114,978,0.8631379009296111
9114,10288,0.8859094482209843
9114,7454,0.8753100455993066
9114,9473,0.8737939725693225
9114,7133,0.8983804854467605
9114,6398,0.8750654961024636
9114,126364,0.892687327310795
9114,7132,0.8628341161811552
9114,55505,0.9118367584866353
9114,7879,0.8663402048506794
9114,533,0.910954569088612
9114,4615,0.8591877206109413
9114,5538,0.9246982302437066
9114,116985,0.8820928250156431
9114,79930,0.869695608865566
9114,115727,0.8843879549836865
9114,5724,0.8901815441062598
9114,2885,0.8916810709529108
9114,140885,0.8759878683474107
9114,150372,0.9582088614172644
9114,112694756,0.9195707495999539
9114,10312,0.8576503681752774
9114,427,0.8530421176659464
9114,5175,0.8862823361713186
9114,9123,0.900740079030969
9114,54918,0.8593885841487449
9114,5199,0.8603991331229405
9114,10956,0.945833783231468
9114,5580,0.9190186458139087
9114,100506115,0.8616462946370661
9114,7295,0.8684866744818904
9114,7009,0.8510735093765732
9114,2280,0.9198550377842635
9114,255809,0.8617048636790795
9114,8992,0.9305237626505037
9114,9103,0.8511590566310022
9114,152007,0.9425542671792084
9114,5691,0.9369896492780991
9114,2787,0.9195657935398125
9114,80301,0.9044194843013519
9114,64218,0.9008350889991092
9123,10581,0.8931341141695723
9123,1441,0.937781255014001
9123,7305,0.8589995718174107
9123,2357,0.9327782710234253
9123,440926,0.8684195530445338
9123,4688,0.8823999744094724
9123,366,0.8735341941200617
9123,10409,0.8726533990513254
9123,3577,0.8634535738270368
9123,7940,0.8924808204317455
9123,397,0.8847319332060084
9123,3020,0.8611041808878608
9123,4542,0.8661872638651609
9123,3687,0.8865133524655323
9123,409,0.9342643056646195
9123,11151,0.8722772352829962
9123,120425,0.9127484087066345
9123,7408,0.9223704192013977
9123,51734,0.9410808319481019
9123,2180,0.8538234459173819
9123,64386,0.8953454795440535
9123,3059,0.9295655006525727
9123,976,0.8593215960407372
9123,64115,0.9003599681888613
9123,2212,0.9111758535648753
9123,4046,0.8538211251523503
9123,1265,0.8860188844945712
9123,63940,0.8960185701007634
9123,407008,0.9117450666829721
9123,4689,0.9294919754374793
9123,6404,0.9131133399216634
9123,290,0.8705001183923524
9123,80325,0.8591258241956142
9123,51312,0.8610995250848148
9123,241,0.8981311499512852
9123,79143,0.905141869769991
9123,27128,0.9007597653970436
9123,240,0.8852295569768375
9123,6386,0.863597114311593
9123,54458,0.9259004607592597
9123,5777,0.8549612129735216
9123,978,0.8806178712076314
9123,7454,0.9191967654460302
9123,963,0.9204739053347731
9123,23401,0.9017978781614582
9123,10487,0.8709118312805666
9123,3303,0.8631244672168452
9123,2358,0.8596226972032898
9123,6398,0.8780283221575694
9123,170954,0.8588738055480201
9123,126364,0.9180809208729689
9123,7132,0.9452318062514397
9123,55505,0.8931636148709046
9123,146225,0.8533103894831221
9123,7879,0.8649829490095328
9123,54518,0.9132651532179429
9123,116985,0.8813424916628358
9123,55911,0.9005375198520565
9123,8291,0.8975685770029403
9123,79930,0.9256670373028181
9123,8698,0.8853757769996808
9123,3310,0.8677931059136745
9123,1912,0.9084279701179366
9123,115727,0.9118952045082751
9123,53829,0.8577320304664156
9123,5724,0.8749734285402632
9123,133,0.8582465731174967
9123,84649,0.9119192135338076
9123,11240,0.870646344871441
9123,9260,0.8852429444774395
9123,126308,0.8644236487964084
9123,140885,0.8805335510479959
9123,9961,0.8650063710503066
9123,112268246,0.9439312621337784
9123,10261,0.8961058721493187
9123,5899,0.8649014867995016
9123,150372,0.921725065410394
9123,10312,0.8759952421360194
9123,2790,0.8652120347832188
9123,9170,0.8634838450974507
9123,10956,0.8536914668674865
9123,8993,0.9108614788064026
9123,5580,0.9290947015080535
9123,100506115,0.9462771902231054
9123,829,0.8832851252329169
9123,7295,0.8925907457536802
9123,8992,0.9052622801052194
9123,22904,0.8753396433835477
9123,9103,0.9000510457192552
9123,152007,0.881596335686966
9123,5691,0.8972729246985574
9123,552891,0.8651382280207089
9123,6195,0.9199884184552607
9123,8125,0.855015280621242
9123,26234,0.8532721028758665
9123,23569,0.8793064080724691
9123,25801,0.9008667249817254
9123,144423,0.8544154888173954
9123,80301,0.9350184922883357
9123,64218,0.9286515712312142
8993,10581,0.9017736788142235
8993,1441,0.9032700971970626
8993,2357,0.9180727048004335
8993,366,0.8526249990679321
8993,10409,0.8867837203884715
8993,3577,0.8566435218885783
8993,397,0.8658921912592648
8993,3687,0.8539745461516534
8993,7408,0.8721534079452453
8993,51734,0.9278971467122269
8993,64386,0.910138375276428
8993,3059,0.8654857670744395
8993,2212,0.8553923622765239
8993,1265,0.8930495145815214
8993,63940,0.9029384345535791
8993,407008,0.872759034278033
8993,4689,0.9242981703444197
8993,6404,0.8686073822650789
8993,80325,0.8645821850623162
8993,241,0.8955338532806612
8993,79143,0.8685681663298538
8993,27128,0.8753721327077538
8993,54458,0.8764271039427697
8993,978,0.8509904509586715
8993,7454,0.8529637226690566
8993,23401,0.8774519387370914
8993,7132,0.8657634457208713
8993,146225,0.8749226367663313
8993,54518,0.8706812902566916
8993,8291,0.8686681296000778
8993,79930,0.8670901901131135
8993,8698,0.8943994366231325
8993,1912,0.8970443609818884
8993,84649,0.9287385245748738
8993,9260,0.8817395111611309
8993,112268246,0.9118675422986472
8993,9170,0.886128411853148
8993,100506115,0.8524489878322687
8993,100507419,0.8521580392101962
8993,7295,0.8771931209133498
8993,6195,0.8765736348416184
8993,25801,0.8525716828500373
5580,1441,0.9129676543523774
5580,7305,0.8898499215838485
5580,2357,0.8845442894384435
5580,10135,0.8538684802001386
5580,5552,0.8564952057662465
5580,102465993,0.8738597532413735
5580,3936,0.920414662345407
5580,440926,0.8794936380532783
5580,4688,0.932162298799891
5580,366,0.8744712546811642
5580,10409,0.8670667951131363
5580,7940,0.9000685468980983
5580,2124,0.8837180640515893
5580,728,0.8775312416791395
5580,3020,0.8758273395736688
5580,4542,0.8612107602382731
5580,3687,0.8980112526868377
5580,409,0.9427714257819383
5580,120425,0.9144398835739059
5580,7408,0.9274912887788704
5580,51734,0.8962587341919144
5580,2180,0.8839457191391951
5580,64386,0.8648413316248726
5580,3059,0.9128875582549681
5580,2268,0.8941705031815254
5580,64115,0.933396590605721
5580,11337,0.8669109675859071
5580,2212,0.9268781480883872
5580,10094,0.8975286341609316
5580,4046,0.8907193794219197
5580,7086,0.8662247622325789
5580,407008,0.8981172779520555
5580,4689,0.9039377341357906
5580,2771,0.8993508203941953
5580,2217,0.8649853047726475
5580,1052,0.8620546851516061
5580,290,0.9270485451708516
5580,79143,0.8756783733658904
5580,29992,0.8890444666937584
5580,27128,0.8669524665523841
5580,240,0.937283323684837
5580,6386,0.9037407817630848
5580,54458,0.9135131147683205
5580,5777,0.9064649409498358
5580,978,0.899643362296147
5580,10288,0.8636209894350514
5580,7454,0.910277092236345
5580,963,0.9297102726276141
5580,23401,0.866716425996883
5580,10487,0.924722453003082
5580,9473,0.8944539208131812
5580,2358,0.8547475823747702
5580,6398,0.8741612933628804
5580,170954,0.8658408700179452
5580,126364,0.9337880309338353
5580,7132,0.905398792993921
5580,55505,0.8917393066866802
5580,7879,0.9278205652239985
5580,533,0.87266757765128
5580,54518,0.916345646836977
5580,4615,0.9410380588545376
5580,5538,0.8936616546710876
5580,116985,0.910116171489042
5580,55911,0.8936989982094311
5580,8291,0.9128636838837574
5580,604,0.8888914802525716
5580,79930,0.9596090608299574
5580,8826,0.8573785936594718
5580,51291,0.8598427504067249
5580,9770,0.916211501851055
5580,1912,0.8811602965618196
5580,115727,0.9450730965550734
5580,53829,0.8782912710029562
5580,7462,0.8758925781803498
5580,5724,0.9100284200368483
5580,133,0.8716178020421519
5580,11240,0.8794443651511729
5580,8301,0.9039090868608017
5580,4067,0.8838219918291547
5580,51170,0.8753419767449523
5580,2885,0.9214706656906374
5580,9260,0.8712805622464367
5580,126308,0.8647096445759933
5580,140885,0.9530565352453132
5580,100500853,0.8607206740859339
5580,7094,0.8680405892637519
5580,112268246,0.860951020096455
5580,10261,0.9259747635326668
5580,8650,0.9057184846308612
5580,5899,0.8996560124492966
5580,150372,0.95663907258822
5580,10312,0.8881300994846825
5580,1955,0.860357391862841
5580,5175,0.8778142466849377
5580,4210,0.8568999802662909
5580,8778,0.8590536491656061
5580,54918,0.8969704945479645
5580,10956,0.8994460850976019
5580,100506115,0.9131091933804432
5580,829,0.9164790428090589
5580,7295,0.8690570754318804
5580,8992,0.8735169454390148
5580,22904,0.8612883111340275
5580,9103,0.9484836738956183
5580,152007,0.9109132080300054
5580,26578,0.8532875994318242
5580,8125,0.8681603063042811
5580,2787,0.9213944910054431
5580,26234,0.9070766039205826
5580,23569,0.9050060432482461
5580,25801,0.8992084448149882
5580,144423,0.8817417646050766
5580,80301,0.9338059711776662
5580,64218,0.9498959171326589
100506115,1441,0.8791775313302481
100506115,2357,0.8737305468363472
100506115,409,0.8969017946936889
100506115,51734,0.8521003861286526
100506115,3059,0.8999163867740831
100506115,64115,0.8805461230829901
100506115,2212,0.8588319039360638
100506115,407008,0.8531051706089191
100506115,4689,0.8601434882469353
100506115,290,0.8504140011438375
100506115,240,0.9032386123737794
100506115,54458,0.8667178685900597
100506115,963,0.8863559660721302
100506115,10487,0.8514002026613324
100506115,126364,0.8630948269189828
100506115,54518,0.8586843826228068
100506115,8291,0.8921541183004104
100506115,79930,0.9108617437565836
100506115,115727,0.8567232471287379
100506115,133,0.8573834241338247
100506115,84649,0.8564031619849776
100506115,11240,0.8613134876861437
100506115,140885,0.9095579027841756
100506115,112268246,0.8523249652033521
100506115,89790,0.8684561394258417
100506115,150372,0.8627875625429365
100506115,8992,0.8640229888981594
100506115,9103,0.8613105740700615
100506115,2787,0.8521521499826556
100506115,25801,0.8638218230518353
100506115,80301,0.858790763701712
100506115,64218,0.9559355189075013
8992,2512,0.8845685839830372
8992,7305,0.8992506272067052
8992,6277,0.8828458242210063
8992,2357,0.8502510087444238
8992,4946,0.9013331693879902
8992,4637,0.9300704603305608
8992,7940,0.9132866922217914
8992,397,0.8720631021598082
8992,409,0.8751207121695209
8992,11151,0.8894932346251698
8992,120425,0.8794192191066931
8992,51734,0.855257294557101
8992,3059,0.8627429893329309
8992,64115,0.8850834837507994
8992,11337,0.8930834317899587
8992,10094,0.8830492667162062
8992,407008,0.8828629591676456
8992,6404,0.8874146328412187
8992,54458,0.85576022413941
8992,963,0.8675275122447329
8992,126364,0.8666776532903492
8992,7132,0.8726427488292207
8992,55505,0.9267072465534122
8992,5538,0.8544023929872654
8992,150372,0.8997330344828794
8992,10956,0.8681030660606772
8992,7295,0.883324437776556
8992,152007,0.8998087018944536
8992,5691,0.9620220498571724
8992,2787,0.8753778369214977
8992,80301,0.8862171919030515
8992,64218,0.8506165170250286
126014,2207,0.918648347774569
126014,199,0.864459900912112
126014,706,0.9521190002292341
126014,10095,0.8943129165135975
126014,3101,0.8651310070387267
126014,2907,0.9552956038791109
126014,5355,0.8652393489761104
126014,967,0.9110300702782849
126014,112694756,0.8874839991870676
126014,83706,0.8790303468464141
126014,255809,0.8881283771959082
126014,84106,0.865592589198242
126014,7076,0.9431513449126684
5691,2512,0.8884026869805183
5691,7305,0.9067892871260644
5691,6277,0.8976530536767219
5691,4946,0.897999883553142
5691,4637,0.9172428018646365
5691,7940,0.9230429361860203
5691,409,0.8733825731943917
5691,11151,0.9002085951021576
5691,120425,0.8799779555221562
5691,51734,0.857423344091259
5691,3059,0.8595147113059705
5691,64115,0.8696874615171621
5691,11337,0.9093051180279919
5691,10094,0.8749513630712015
5691,407008,0.8507608079442374
5691,2217,0.8547435411356165
5691,6404,0.8731132357682512
5691,7454,0.8540868201938
5691,6398,0.8560835301780434
5691,126364,0.8530961730826254
5691,7132,0.8665311908741947
5691,55505,0.9110767045738839
5691,533,0.8533582399474557
5691,112268246,0.8664435134936473
5691,150372,0.8894110747463597
5691,112694756,0.8501222126110228
5691,10956,0.8760810794766778
5691,7295,0.8785662047761927
5691,152007,0.8939403895980716
5691,80301,0.8814074088842976
64218,1441,0.8830426681621104
64218,7305,0.8659290704047028
64218,2357,0.8728844017461462
64218,3936,0.8843878310485731
64218,4688,0.8750373633704861
64218,7940,0.8758263256746128
64218,409,0.9092535719925445
64218,120425,0.8606298750367077
64218,7408,0.8789533978244249
64218,51734,0.8624924027561541
64218,199,0.8503005216281612
64218,3059,0.8938004539993678
64218,2268,0.8867477048692411
64218,64115,0.9223649704559014
64218,2212,0.885801578113911
64218,10094,0.8765843453834671
64218,7086,0.853541001611309
64218,4689,0.872261388133267
64218,2771,0.8556059911979534
64218,1052,0.8769589736174038
64218,290,0.8902883066251938
64218,240,0.9264253241320001
64218,6386,0.8611806755901007
64218,54458,0.8767525725066134
64218,5777,0.8535932615063375
64218,7454,0.8660987704168202
64218,963,0.8877924242510272
64218,10487,0.8799189667000835
64218,9473,0.8509546631345856
64218,126364,0.8948213631857146
64218,7132,0.8549798879059514
64218,7879,0.8814415652596316
64218,54518,0.8703598079395243
64218,4615,0.8908529515782678
64218,5538,0.8929989770354121
64218,116985,0.85109694062935
64218,8291,0.9029088813500316
64218,79930,0.9438550686120545
64218,9770,0.8637031954726034
64218,1912,0.850920209769
64218,115727,0.905612452459847
64218,5724,0.8766289209449227
64218,133,0.8644962045098733
64218,84649,0.8559549774338133
64218,11240,0.8948961827417681
64218,2885,0.8907311922691223
64218,140885,0.9575640539630416
64218,10261,0.8581375555725137
64218,8650,0.8591395877303207
64218,5899,0.8590891331725823
64218,150372,0.9109309253500842
64218,54918,0.8619901118149378
64218,10956,0.8814061501328643
64218,829,0.8577766489380081
64218,9103,0.9040566624254612
64218,152007,0.877750770414278
64218,2787,0.9021463265535612
64218,26234,0.8622423850159169
64218,25801,0.8776946451802439
64218,144423,0.8503477374663096
64218,80301,0.8882830531134659
113218500,3107,0.8677791710466202
113218500,3106,0.894931812090652
113218500,567,0.9798254978039342
113218500,3133,0.8766800534650488
113218500,2214,0.8696710457461507
113218500,9445,0.8600904397014468
113218500,837,0.8504795543279682
113218500,84243,0.8575399894735425
113218500,81671,0.8651271190675961
113218500,5698,0.8958245894778766
113218500,4179,0.8547176843011086
113218500,2634,0.8645709573681539
113218500,6890,0.8722482978794307
113218500,101927015,0.8501781020266418
113218500,137835,0.8517113162040046
113218500,3015,0.8838674243982848
3107,3106,0.903434432540012
3107,2215,0.8675184090247026
3107,4332,0.8695675511112612
3107,567,0.885805754003438
3107,3133,0.9318245789313166
3107,3579,0.8567502194061328
3107,2214,0.8997356038655993
3107,8794,0.8678168021942116
3107,4542,0.8707866987467974
3107,976,0.859841893608963
3107,9516,0.8605042170698312
3107,101,0.881131419599455
3107,83719,0.8568681873318993
3107,9445,0.8626329106801967
3107,64333,0.8613051844962899
3107,4084,0.8589827681126551
3107,8334,0.8696722340563672
3107,837,0.858174322177889
3107,84243,0.890811918944499
3107,57580,0.8707387088663163
3107,170954,0.8541408183052558
3107,81671,0.850502303040495
3107,6397,0.8702975907049357
3107,65220,0.8656717317502715
3107,752,0.8940045378159001
3107,26020,0.8640868820998775
3107,7456,0.8664533852690207
3107,5089,0.8583492448726859
3107,23558,0.8648910274927186
3107,4179,0.867487609540975
3107,2634,0.8592968895318018
3107,6890,0.8573401026201104
3107,254896,0.8669244493583339
3107,4210,0.8524000275097328
3107,89849,0.852051542521198
3107,3482,0.872787207022525
3107,81628,0.9012736196636572
3107,137835,0.8729817117479286
3107,83931,0.8602785613687074
3106,567,0.9072987902703474
3106,3105,0.8967785174556432
3106,3133,0.9163143183299014
3106,2214,0.8834247056227478
3106,3136,0.8558179400245925
3106,101,0.8658632049470698
3106,752,0.8637940171809886
3106,81628,0.8552248374459891
567,2215,0.8575466739256706
567,4332,0.8525190730745905
567,3105,0.8624219719688458
567,3133,0.9191115420937179
567,2214,0.8801551541170334
567,9445,0.8848656549221948
567,8334,0.8520974472096268
567,84243,0.8762247436353867
567,81671,0.8817270194633297
567,7456,0.8506049416201392
567,5698,0.8733260013749293
567,4179,0.8836117526268312
567,2634,0.866696206554525
567,6890,0.8682912412008065
567,283349,0.8519090196170552
567,137835,0.8786533090834711
567,3015,0.8525513529076296
3133,2215,0.8714617235558044
3133,3105,0.8866014522248273
3133,3579,0.8610294713565867
3133,2214,0.9105007248608353
3133,8794,0.8665794337700041
3133,723790,0.8538030562842405
3133,8337,0.8534684776145385
3133,3136,0.876812537505288
3133,9516,0.8642991579702538
3133,101,0.903610731001782
3133,83719,0.8609925793329063
3133,9445,0.8678231093641251
3133,64333,0.8987669498697616
3133,23214,0.8596995707950921
3133,8334,0.870674532563695
3133,84243,0.9016993193654532
3133,57580,0.9044035650930782
3133,6397,0.8762467952624545
3133,752,0.8961201147762172
3133,57153,0.8867163604281638
3133,26020,0.8815824597105731
3133,7456,0.942879823508237
3133,5089,0.8809572771265816
3133,4179,0.8734362433443992
3133,339287,0.8629824005398065
3133,2634,0.8630752844344983
3133,6890,0.877054280230749
3133,254896,0.8702200951308326
3133,3482,0.9044717429820133
3133,81628,0.8925030102873455
3133,137835,0.8761320201580215
3133,89846,0.8844335260959851
2214,10581,0.8840933583116857
2214,2215,0.9635921033107587
2214,4332,0.9463382991780355
2214,6402,0.882828931684217
2214,10135,0.8697552012092227
2214,102465993,0.8614443127415876
2214,3579,0.9180886980252305
2214,8407,0.8666876356559237
2214,440926,0.9043407640024678
2214,8794,0.9197437391498734
2214,653361,0.8547194097575306
2214,4688,0.8623973257970632
2214,366,0.8759186199315923
2214,3577,0.8999006925914297
2214,2124,0.858931536713448
2214,728,0.8511022133583677
2214,3020,0.9054832029398456
2214,3385,0.8763694069140241
2214,4542,0.9119176211537885
2214,654817,0.8533685211891361
2214,3687,0.8652124553791782
2214,91300,0.8655347802370313
2214,7408,0.8824698614912353
2214,654816,0.8522788562205574
2214,51734,0.8568576402918751
2214,976,0.8962179422423547
2214,9516,0.9142153131466426
2214,1439,0.9187505723829392
2214,2212,0.8639864808855359
2214,2867,0.8820739245980813
2214,4046,0.8599152098013702
2214,1051,0.8739938317509639
2214,101,0.9280013553994907
2214,8031,0.8745358229859574
2214,83719,0.9041734258060337
2214,80325,0.8852177509221505
2214,79143,0.8824952869201176
2214,9445,0.9254580729264692
2214,64333,0.8936465385198267
2214,27128,0.8929211265139401
2214,23214,0.9081318130602948
2214,4084,0.9359050533887165
2214,8334,0.915909209927835
2214,6386,0.8754097524526322
2214,6648,0.9015196949927792
2214,54458,0.8696834586103608
2214,7454,0.8767178926994432
2214,23401,0.8729538880199929
2214,837,0.9255552619597681
2214,3303,0.8547638777169562
2214,2358,0.8736331259214175
2214,84243,0.9307517913061507
2214,57580,0.9178652209115077
2214,170954,0.9128449410967655
2214,7132,0.8638247431505354
2214,146225,0.8577837978102261
2214,81671,0.9082095084715732
2214,6397,0.9124360395898454
2214,65220,0.9339254007181185
2214,6653,0.8517963140815665
2214,752,0.925403806444656
2214,57153,0.8733579668332536
2214,116985,0.859485358719579
2214,55911,0.883576665691923
2214,87,0.8815347053352347
2214,51291,0.9038374599023001
2214,26020,0.9174537810290183
2214,3310,0.9058657542813113
2214,55196,0.8662631706579487
2214,1912,0.8526751087587262
2214,1032,0.8895772974122571
2214,7456,0.9032966281045908
2214,53829,0.8814217075220735
2214,4947,0.8812795743027529
2214,56905,0.8570992961117349
2214,5698,0.8596645427460626
2214,8301,0.9002109661670128
2214,4067,0.8854801227423236
2214,5089,0.9002011064246036
2214,51170,0.8635998872712038
2214,9260,0.8682754946460163
2214,23558,0.906082873547965
2214,126308,0.8770641674422012
2214,100500853,0.8773162017623403
2214,10261,0.858394669511129
2214,8650,0.8686211057529679
2214,23347,0.8793817307715941
2214,5899,0.8918618168914187
2214,4179,0.9267134655483006
2214,339287,0.9018860006960081
2214,55313,0.8861958680723098
2214,2634,0.9039488905019822
2214,2790,0.8527121949510231
2214,284996,0.9107170718979227
2214,6890,0.8770720778095895
2214,254896,0.915205607203835
2214,4210,0.9105292218703113
2214,9170,0.8641839521193336
2214,89849,0.8925670513031949
2214,8778,0.8792497084114673
2214,3482,0.916436935838369
2214,101927015,0.8950989373494045
2214,84658,0.8858358578773831
2214,120892,0.908838203145094
2214,100507419,0.8692723288265627
2214,3927,0.8814473060900654
2214,283349,0.8918304530283325
2214,7090,0.8655913808993917
2214,257106,0.8786616649858525
2214,81628,0.9192405865891147
2214,137835,0.912727230604221
2214,22904,0.8503410195557595
2214,9111,0.9068079639687041
2214,1084,0.9176310419047485
2214,26578,0.8820262615682238
2214,552891,0.8528453413400565
2214,89846,0.8709405746791652
2214,8125,0.8734256785149432
2214,23258,0.8696460842581436
2214,26234,0.8792706134817528
2214,83931,0.9118664418224169
2214,144423,0.8741411808573478
9445,10581,0.9291775647725303
9445,2215,0.9650929965686297
9445,5997,0.8618523380355693
9445,4332,0.978260261094892
9445,1441,0.9231804604430637
9445,6402,0.9122066157181341
9445,2357,0.9197316274873543
9445,10135,0.9337388984551623
9445,5552,0.9128678644742747
9445,102465993,0.9275614867628497
9445,3579,0.9715066546506049
9445,8407,0.9363172961975301
9445,440926,0.9689032949177622
9445,8794,0.9706740254556697
9445,723790,0.87866541059751
9445,653361,0.8678675704064939
9445,8337,0.8774685690524836
9445,4688,0.9383250224231536
9445,366,0.9413505888077676
9445,10409,0.9108033495007816
9445,3577,0.9369919254288166
9445,7940,0.8642303244157857
9445,2124,0.9497983683576868
9445,728,0.9424700063097264
9445,397,0.8641257311861852
9445,3020,0.9717000483798096
9445,3385,0.9546192961315361
9445,4542,0.931838180849292
9445,654817,0.8703024247169253
9445,8875,0.902644595711209
9445,3687,0.9041025040574105
9445,409,0.8931285086376283
9445,91300,0.9344177738852373
9445,120425,0.9178929643325713
9445,597,0.870910149243485
9445,7408,0.9455152326901471
9445,654816,0.8733512196530333
9445,51734,0.9195140346392062
9445,2180,0.8754496387052054
9445,64386,0.9204175347180051
9445,64744,0.9092696302124115
9445,3059,0.9056649878273302
9445,976,0.905823588695017
9445,64115,0.8634921375924391
9445,9516,0.929399032735988
9445,1439,0.9629068172007863
9445,2212,0.9263654648985068
9445,4046,0.9216706897882752
9445,1265,0.8979713287032767
9445,1051,0.9510765001933464
9445,63940,0.921924574038741
9445,7846,0.8846109758320597
9445,407008,0.8907698253757692
9445,4689,0.9159484366831467
9445,101,0.9130938468144635
9445,8031,0.9362978064534658
9445,4814,0.9199912249920871
9445,83719,0.937928230805468
9445,80325,0.9469847425989919
9445,51312,0.8984602458781729
9445,2752,0.9026960376859793
9445,79143,0.9534456872874454
9445,29992,0.9148411615314243
9445,27128,0.9206039881801856
9445,5093,0.8631317370144515
9445,23214,0.9605814460025701
9445,4084,0.9728510630243415
9445,8334,0.9501648614832451
9445,6386,0.9554670240713441
9445,6648,0.965256659158828
9445,54458,0.9385117628076852
9445,978,0.9047710725944254
9445,60675,0.8646151948322176
9445,116496,0.8883582866128067
9445,7454,0.9367402897720514
9445,23401,0.922229571375173
9445,10487,0.8847175356566435
9445,9802,0.8618157125128202
9445,8349,0.8744578711084569
9445,837,0.9463638601886526
9445,3303,0.8739238700183095
9445,2358,0.9414258654558939
9445,84243,0.9747339255735042
9445,57580,0.904852337804742
9445,1116,0.8830486484582758
9445,170954,0.9500717787052682
9445,271,0.911325446084331
9445,126364,0.9219440177363596
9445,7132,0.905801634103713
9445,146225,0.9293576448603894
9445,10957,0.8687892012226908
9445,81671,0.980629721450429
9445,6397,0.9731390186359918
9445,65220,0.943933359722816
9445,7879,0.9165265037750392
9445,6653,0.8998212610592317
9445,752,0.9313875513219537
9445,54518,0.8873136961562665
9445,2533,0.8586304927834726
9445,116985,0.9077323439811671
9445,55911,0.8904994332635221
9445,79930,0.8608502779432079
9445,8826,0.8531743842286795
9445,87,0.9677734329881106
9445,51291,0.9543171059253167
9445,26020,0.9618392123654942
9445,3310,0.9198778961081027
9445,9770,0.9254031796061831
9445,55196,0.8947622502835031
9445,1912,0.935641086970544
9445,1032,0.9404590697532809
9445,115727,0.93400223840035
9445,7456,0.8747866733435066
9445,53829,0.9408203598506729
9445,4947,0.957115809198135
9445,5724,0.9059907058080994
9445,162466,0.8789264323822282
9445,56905,0.9157390576006892
9445,84649,0.8920880994302228
9445,8301,0.9470590481551956
9445,4067,0.9409798500201344
9445,5089,0.9627192412028673
9445,51170,0.9456293766595083
9445,100507006,0.8906373478111922
9445,9260,0.9485248685492731
9445,23558,0.9732123537413047
9445,126308,0.8730161498570982
9445,9961,0.8874678866147031
9445,100500853,0.954685982257693
9445,112268246,0.8802868346534293
9445,10261,0.9257165052526881
9445,8650,0.9524103313358641
9445,23347,0.8653304668702421
9445,25797,0.9200794114927154
9445,54210,0.9150247329609216
9445,9750,0.8823877301300401
9445,5899,0.9527772905570995
9445,4179,0.9708640144775718
9445,150372,0.8558634493044375
9445,339287,0.9611165274510217
9445,55313,0.9706790165244982
9445,2634,0.91146026960026
9445,2790,0.9225260569027609
9445,284996,0.968977647181564
9445,1955,0.9267085119663524
9445,6778,0.8638876028538232
9445,254896,0.9697887590703363
9445,4210,0.9523936337793277
9445,9170,0.9114509405588697
9445,89849,0.9450888346129837
9445,8778,0.9151278155408178
9445,54918,0.8836882076831788
9445,3482,0.9279289999965386
9445,8338,0.873403521959054
9445,101927015,0.8948686632438418
9445,84658,0.9456347175013802
9445,120892,0.9641383253267662
9445,100507419,0.8911948555683846
9445,3927,0.8571417171054744
9445,283349,0.9734249421855419
9445,7295,0.899448798713368
9445,7090,0.9487891512435667
9445,257106,0.8546509061533326
9445,8843,0.8720429689198804
9445,81628,0.9357562920999845
9445,137835,0.9647720536978982
9445,389541,0.8727834466009449
9445,22904,0.9141164764867418
9445,9103,0.8763586075058205
9445,9111,0.8801220243016069
9445,1084,0.9385207039646875
9445,26578,0.8840953972131808
9445,552891,0.9222260271975742
9445,89846,0.893640076633799
9445,8125,0.9540525595036311
9445,3015,0.8691956091466271
9445,23258,0.9655562578495155
9445,26234,0.9340783326719792
9445,25801,0.9064541117874638
9445,338442,0.900213850736689
9445,83931,0.9574210906727376
9445,144423,0.96245150905158
9445,80301,0.8744501258463211
837,10581,0.919657186880967
837,2215,0.9472529701775922
837,4332,0.970805995081873
837,1441,0.911010513491962
837,6402,0.920118742824852
837,2357,0.8901589027922264
837,10135,0.9263972436920314
837,5552,0.8899043737560016
837,102465993,0.8723433132327316
837,3579,0.947711804862762
837,8407,0.8775254758185534
837,440926,0.9460813194453301
837,8794,0.9439539257013119
837,653361,0.904704716147347
837,4688,0.938576000803602
837,366,0.9173034585439257
837,10409,0.8795570411458781
837,3577,0.9531505726959972
837,2124,0.9140991125897104
837,728,0.9046377746274923
837,3020,0.942356295167343
837,3385,0.8877467182653876
837,4542,0.9045281250939737
837,654817,0.9023770779634877
837,8875,0.8618950039454827
837,3687,0.8765259964097315
837,409,0.8879005502593506
837,91300,0.908689013203218
837,120425,0.9075609048347972
837,597,0.8599099123524007
837,7408,0.9281945923656605
837,654816,0.9017638012599541
837,51734,0.9082965719890631
837,2180,0.8901262446896815
837,64386,0.8882048125036054
837,3059,0.8581717209521919
837,976,0.8831146539317233
837,9516,0.9118028229605843
837,1439,0.942336247033751
837,2212,0.9335183713039461
837,2867,0.9120971731301597
837,4046,0.8810609476969902
837,1265,0.8616598754168338
837,1051,0.9191970951589093
837,63940,0.8956158829625807
837,7846,0.8773544801241548
837,407008,0.8576682693840969
837,4689,0.9035704857957297
837,101,0.8909872843598423
837,8031,0.878892625682537
837,4814,0.8723709058295231
837,83719,0.8889245315352106
837,80325,0.8974490893095552
837,51312,0.9024666757345472
837,2752,0.8838106223110046
837,79143,0.9280373435337325
837,29992,0.8790825337428962
837,27128,0.9360326112674476
837,23214,0.93439970259517
837,4084,0.9629317539851017
837,8334,0.9156195205224394
837,6386,0.9254759218337573
837,6648,0.9277775133778546
837,54458,0.9189301863595623
837,978,0.8720778731945669
837,677,0.8556608088871657
837,60675,0.8897925100394213
837,64581,0.8511267169173865
837,116496,0.8642143571837805
837,7454,0.918404613305761
837,963,0.8584111858638246
837,23401,0.9101137353005465
837,8349,0.8586613210976799
837,3303,0.8897597735408979
837,2358,0.9085959377171301
837,84243,0.9335431722532775
837,6398,0.9059621788397971
837,57580,0.8520894494988043
837,170954,0.945448159333661
837,271,0.8530137580803732
837,126364,0.8870229751677754
837,7132,0.9109579213885537
837,146225,0.8724831700396671
837,81671,0.9287041958385841
837,6397,0.9143336420067245
837,65220,0.9637000265078245
837,7879,0.8693243706386861
837,752,0.9094121413641175
837,54518,0.8766976861520521
837,116985,0.8798879770802842
837,55911,0.8899587513268572
837,87,0.9240010655982679
837,51291,0.9148356950690899
837,26020,0.9168823245135874
837,3310,0.9489595146616308
837,9770,0.8893951856747246
837,55196,0.8504816482012845
837,1912,0.8795181374730408
837,1032,0.9287744615331495
837,115727,0.9188582476328857
837,53829,0.930476554971025
837,4947,0.9090556222390215
837,51246,0.8626888383065836
837,5724,0.8696768098716847
837,56905,0.9159925741083192
837,5698,0.8662530135882154
837,8301,0.9234555986082281
837,4067,0.9353774715314396
837,5089,0.8962395936822193
837,51170,0.9134331196743172
837,100507006,0.8741197428998544
837,9260,0.9087194433554816
837,23558,0.9423666534176632
837,126308,0.874063476579088
837,9961,0.8963941358134617
837,100500853,0.8874764366837172
837,112268246,0.8763095009260802
837,53917,0.9139101275111234
837,10261,0.9154111001980447
837,8650,0.9191955004982553
837,23347,0.8679560045705528
837,25797,0.8860743921750797
837,54210,0.8877891480066128
837,5899,0.9339151640315075
837,4179,0.925829202550023
837,150372,0.8657430967372463
837,339287,0.9024539483717078
837,55313,0.9182570531325168
837,2634,0.936931422031962
837,2790,0.9057170343622412
837,284996,0.9538442852068132
837,1955,0.8602794452233934
837,6890,0.8567850314453437
837,254896,0.9332820599399511
837,4210,0.9613009411646809
837,9170,0.8978477270306273
837,89849,0.936044280084707
837,8778,0.9543689401070222
837,54918,0.8595513384002872
837,3482,0.8620141539976364
837,101927015,0.9154053192823767
837,84658,0.8730854096789019
837,120892,0.9367322404431145
837,100507419,0.8576979673746695
837,283349,0.9129616601659946
837,7295,0.8695688646893811
837,7090,0.9278072748627882
837,8843,0.8932175642230474
837,81628,0.9017270883739337
837,137835,0.9090494965341344
837,22904,0.9060184152193941
837,9103,0.9089722734866146
837,9111,0.9294647570519354
837,1084,0.9506276547692595
837,26578,0.8630616334090047
837,552891,0.905816620112432
837,8125,0.9000631913416619
837,23258,0.9273058138277394
837,26234,0.9320368668440439
837,25801,0.8880782040257789
837,338442,0.9195361552448106
837,83931,0.9161089254399659
837,144423,0.9264568436359666
837,80301,0.8950573895429258
84243,10581,0.931127026675518
84243,2215,0.9606892381433484
84243,4332,0.9614143697083332
84243,1441,0.9097167936307937
84243,6402,0.8826999808587381
84243,2357,0.9059733112989407
84243,10135,0.91167976838274
84243,5552,0.8603963893886194
84243,102465993,0.8979387174116271
84243,3579,0.985415044027646
84243,8407,0.9431331237814489
84243,440926,0.9498318538054655
84243,8794,0.9852236607340359
84243,723790,0.8899183012813505
84243,8337,0.8891592804812455
84243,4688,0.900741448304124
84243,366,0.933052537308001
84243,10409,0.9072124368785902
84243,3577,0.9581826525776941
84243,2124,0.9018549862258576
84243,728,0.9047038530913691
84243,3020,0.952793900770939
84243,3385,0.9623780775005853
84243,4542,0.9368536926195103
84243,654817,0.8519681761463919
84243,8875,0.8822168488143831
84243,3687,0.8959681576926446
84243,409,0.8550190135647124
84243,91300,0.9562213643970173
84243,120425,0.8952531766414916
84243,7408,0.9311483438175971
84243,654816,0.8550789423178113
84243,51734,0.9170237869078011
84243,2180,0.8555416174094984
84243,64386,0.9289799078313066
84243,64744,0.8764552426852854
84243,3059,0.8745035090678334
84243,976,0.9094276508944426
84243,9516,0.958288903791265
84243,1439,0.9648260268354246
84243,2212,0.906469729688001
84243,4046,0.8931135371288479
84243,1265,0.8961172795578276
84243,1051,0.9379776066976969
84243,63940,0.9189015360916779
84243,407008,0.8672060293154134
84243,4689,0.9101288676616923
84243,101,0.9443782516620742
84243,8031,0.9288422115167495
84243,4814,0.8799037752093075
84243,83719,0.9635421638858978
84243,80325,0.9638730671383109
84243,51312,0.9094724047565302
84243,2752,0.8580914591728404
84243,79143,0.953626571084156
84243,29992,0.8610423348721901
84243,64333,0.866268805501839
84243,27128,0.9275821969650485
84243,23214,0.9808914507520795
84243,4084,0.9592899456201117
84243,8334,0.9700913118375118
84243,6386,0.923570949122476
84243,6648,0.9643258820162031
84243,54458,0.9127697276005816
84243,978,0.8762681606757353
84243,60675,0.874580509528035
84243,116496,0.8767360652938175
84243,7454,0.9177635556135775
84243,23401,0.9308382242956441
84243,8349,0.881654534344053
84243,3303,0.8733992417714604
84243,2358,0.9328881571165342
84243,57580,0.9216992663253486
84243,1116,0.8871411528369112
84243,170954,0.9591697723568418
84243,271,0.8776392418600921
84243,126364,0.8866874707023841
84243,7132,0.9041899676353589
84243,146225,0.9408620730747148
84243,10957,0.8594040304482736
84243,81671,0.9604308613670365
84243,6397,0.9761451848437215
84243,65220,0.9312136005341971
84243,7879,0.861143056726348
84243,6653,0.898830018657947
84243,752,0.9410498505333661
84243,54518,0.870238095550335
84243,57153,0.9024468941234977
84243,116985,0.8884631509547131
84243,55911,0.875848441434853
84243,87,0.9608202332007769
84243,51291,0.9451204493507337
84243,26020,0.9795992624480558
84243,3310,0.9306853999885952
84243,9770,0.8898568436345493
84243,55196,0.9093298694106342
84243,1912,0.9182914634120812
84243,1032,0.9392244303488703
84243,115727,0.9045969612543574
84243,7456,0.9014181916994105
84243,53829,0.9242005225322159
84243,4947,0.9393401276030765
84243,5724,0.8685666675532367
84243,162466,0.9091786966663223
84243,56905,0.8844179272330756
84243,84649,0.8926446087446664
84243,8301,0.908682106804199
84243,4067,0.9136171028744318
84243,5089,0.9645062465386107
84243,51170,0.9001506312500055
84243,100507006,0.8783219470380383
84243,9260,0.9481751749022231
84243,23558,0.9732276304790498
84243,126308,0.8861370286259559
84243,9961,0.8696662857830006
84243,100500853,0.9324678012726206
84243,112268246,0.8874746497397838
84243,10261,0.8975309706977364
84243,8650,0.919641915811022
84243,23347,0.8616795743659016
84243,25797,0.9139182555964367
84243,54210,0.8869234300859201
84243,9750,0.9047609869721912
84243,5899,0.9194274863964119
84243,4179,0.9674518333403418
84243,339287,0.9673376377030702
84243,55313,0.9403010130355083
84243,2634,0.8893209439875162
84243,2790,0.9208585750253618
84243,284996,0.9596638452317429
84243,1955,0.877565490215908
84243,254896,0.9841285848303336
84243,4210,0.9289256473378557
84243,9170,0.9250473744924038
84243,89849,0.9473014045792394
84243,8778,0.9146959365378452
84243,3482,0.9428512504836102
84243,8338,0.8813594716933172
84243,101927015,0.8723300697763566
84243,84658,0.9659372667337022
84243,120892,0.9332818637781841
84243,100507419,0.9218684301558672
84243,3927,0.8584250692034877
84243,283349,0.962851816612237
84243,7295,0.8746746038297063
84243,7090,0.9351706873020226
84243,257106,0.8631018459491696
84243,8843,0.8622177316862277
84243,81628,0.9553033426199141
84243,137835,0.9695467650560395
84243,389541,0.8742575200229122
84243,22904,0.9209030212780674
84243,9111,0.864186155893184
84243,1084,0.9584662761047721
84243,26578,0.8668263200995892
84243,552891,0.9205187942286881
84243,89846,0.9307270961326456
84243,8125,0.9295277081734468
84243,3015,0.8573557713544665
84243,23258,0.9310539945276604
84243,26234,0.9038805952236999
84243,25801,0.8902576165594147
84243,338442,0.8967229263652953
84243,83931,0.9691592058145309
84243,144423,0.9399109418480268
81671,10581,0.9181703355697356
81671,2215,0.941425247548932
81671,5997,0.8686999377121306
81671,4332,0.965144851494023
81671,1441,0.9070842653218383
81671,6402,0.857781723267208
81671,2357,0.925836692276357
81671,10135,0.8949984293907725
81671,5552,0.9094481518752114
81671,102465993,0.9137767762195054
81671,3579,0.9483236412351109
81671,8407,0.9559995090388826
81671,440926,0.9718136347947005
81671,8794,0.9462721766716208
81671,723790,0.8582314689764426
81671,8337,0.8574838374898087
81671,4688,0.9415704588165696
81671,366,0.9133504670051582
81671,10409,0.8787045239699444
81671,3577,0.9271023300086895
81671,7940,0.9031228873757826
81671,2124,0.9391510373182832
81671,728,0.9405658836387916
81671,397,0.869388527379153
81671,3020,0.9727683611601791
81671,3385,0.9587518983257954
81671,4542,0.9296562395419875
81671,654817,0.8519459923083867
81671,8875,0.8778674608068996
81671,3687,0.8875340487285305
81671,409,0.8918955243492526
81671,91300,0.9320686841890619
81671,120425,0.9310722448719769
81671,597,0.8518229071734558
81671,7408,0.9426758175729737
81671,654816,0.8576310505014184
81671,51734,0.9212649015656013
81671,64386,0.8956859737730967
81671,64744,0.911548521146806
81671,3059,0.9095991024871607
81671,976,0.8926791229243696
81671,64115,0.8757968504444372
81671,9516,0.8988578299031077
81671,1439,0.9384474227408682
81671,2212,0.8999828790276692
81671,7127,0.861151385661625
81671,4046,0.9160773501380799
81671,1265,0.8766875751669011
81671,1051,0.9340119959799059
81671,63940,0.9077851239740488
81671,7846,0.8668642202235524
81671,407008,0.8982565573188334
81671,4689,0.9138142028363745
81671,101,0.8963699030385088
81671,8031,0.945145207329336
81671,4814,0.9408341914827766
81671,83719,0.9444134164015386
81671,80325,0.9476480663206387
81671,51312,0.8824408373240934
81671,2752,0.8908101963662421
81671,79143,0.9457912003825313
81671,29992,0.934837097369861
81671,27128,0.8989988487763495
81671,5093,0.8824145664929551
81671,23214,0.93342633369473
81671,4084,0.9446624934666324
81671,8334,0.9353627122149192
81671,6386,0.9414655901807905
81671,6648,0.9532276692029866
81671,54458,0.9360773184365989
81671,978,0.9057534355583332
81671,64581,0.8665248067058533
81671,7454,0.9422075975404148
81671,963,0.8505695200877421
81671,23401,0.9140314782290591
81671,10487,0.8770330261871242
81671,9802,0.8594669513216705
81671,3303,0.852853615505485
81671,2358,0.9229484322198795
81671,57580,0.8816945100575401
81671,1116,0.9011078317668074
81671,170954,0.9430104615108446
81671,271,0.9277270111594076
81671,126364,0.9360040614360591
81671,7132,0.9070000662048029
81671,55505,0.8802347500519666
81671,146225,0.9445311061659347
81671,6397,0.966383733871232
81671,65220,0.9290296068915639
81671,7879,0.9114668950777297
81671,6653,0.8597199428965481
81671,752,0.9106570665005081
81671,533,0.8927757615505375
81671,54518,0.8581881044392023
81671,116985,0.923573830293988
81671,55911,0.8697777629028611
81671,79930,0.8531370656951212
81671,87,0.9362107260734808
81671,51291,0.9277057624159436
81671,26020,0.9384012230078482
81671,3310,0.9093651986687111
81671,9770,0.9347029473318654
81671,55196,0.853744888157131
81671,1912,0.9323109176933205
81671,1032,0.9226274098336458
81671,115727,0.934203123663098
81671,53829,0.9254953580645325
81671,4947,0.980094551849969
81671,5724,0.9267059336523581
81671,162466,0.9090704325949837
81671,56905,0.9117140062253118
81671,84649,0.8858889178966172
81671,8301,0.928759047929714
81671,4067,0.9317040192114996
81671,5089,0.9393350993634352
81671,51170,0.9527993201130416
81671,100507006,0.8889628235309185
81671,9260,0.9508065124966564
81671,23558,0.9638045889540464
81671,126308,0.8821547340436985
81671,9961,0.8685928244205148
81671,100500853,0.9441904553638472
81671,112268246,0.8840388845112732
81671,10261,0.9231742724936168
81671,8650,0.9334082857710126
81671,25797,0.921746068735667
81671,54210,0.9177662967531404
81671,5899,0.9387596767263571
81671,4179,0.958030752325432
81671,150372,0.8763715822146937
81671,339287,0.922237416362865
81671,55313,0.9770545875988896
81671,2634,0.8690726411655629
81671,2790,0.9109291575879283
81671,284996,0.9444449375466036
81671,1955,0.9143624482515875
81671,6778,0.8747797549648473
81671,254896,0.9485012301097442
81671,5175,0.8743875306170565
81671,4210,0.9239718285577925
81671,9170,0.8960775531361507
81671,89849,0.9551453633830347
81671,8778,0.8906632172009181
81671,54918,0.901975273699265
81671,3482,0.9122772081918988
81671,8338,0.8531138142169233
81671,101927015,0.9040335186353865
81671,84658,0.9415997999460843
81671,120892,0.9383789348754473
81671,100507419,0.8536108369564217
81671,3927,0.8567384729215811
81671,283349,0.9519124968906774
81671,7295,0.9104768168571005
81671,7090,0.9324544704764092
81671,8843,0.884816076807143
81671,81628,0.913216704157808
81671,137835,0.9506593420235266
81671,389541,0.909472555562938
81671,22904,0.8846789395297692
81671,9103,0.8624649562319089
81671,1084,0.9308643344938957
81671,26578,0.868572275648431
81671,552891,0.9106103708734253
81671,89846,0.8615743736317603
81671,8125,0.9577171769790339
81671,3015,0.8913625343557976
81671,23258,0.9421696253657196
81671,26234,0.9169919245401487
81671,5878,0.8610147800530592
81671,25801,0.884526406729899
81671,338442,0.9131059061568766
81671,83931,0.962046500333132
81671,144423,0.9582938803956329
81671,80301,0.8830280542006652
5698,2215,0.8517401053964472
5698,2867,0.8830420961960183
5698,65220,0.8685927783561181
5698,51246,0.8809117215184131
5698,2634,0.8736650747679958
5698,6890,0.9317380163314484
5698,101927015,0.8606024236968441
5698,9111,0.9053796906134269
4179,10581,0.8681723734580883
4179,2215,0.9533537317949017
4179,5997,0.8830217307147079
4179,4332,0.9654923174608268
4179,1441,0.8581036410285793
4179,6402,0.8810074911836167
4179,2357,0.8611371106315481
4179,10135,0.9138288012827086
4179,5552,0.9015400408759155
4179,102465993,0.8885110097716302
4179,3579,0.9577630219694556
4179,8407,0.9061629402024256
4179,440926,0.9482007612549846
4179,8794,0.9597282072050485
4179,723790,0.8944398950767113
4179,8337,0.8945659155749612
4179,4688,0.9091101901276407
4179,366,0.9135398221177153
4179,10409,0.8705955396592671
4179,3577,0.8981026602476582
4179,2124,0.9194549344519234
4179,728,0.9287515020883048
4179,3020,0.9540801635090601
4179,3385,0.9173880073274487
4179,4542,0.9142865733462614
4179,8875,0.8605377114667557
4179,3687,0.8599510874000232
4179,91300,0.8892160918740857
4179,120425,0.8678759593613514
4179,7408,0.904459159481021
4179,51734,0.8634020392329164
4179,64386,0.8719342526722627
4179,976,0.8790961932787635
4179,9516,0.9145650743793213
4179,1439,0.9594628943897444
4179,2212,0.8833805368237715
4179,4046,0.8774106145644089
4179,1051,0.9368741607871814
4179,7846,0.8733918189421704
4179,4689,0.8609788044423443
4179,101,0.9036847665038016
4179,8031,0.9515833590750052
4179,4814,0.8930986573413601
4179,83719,0.9092551457762659
4179,80325,0.9036934191585443
4179,51312,0.8527626431126517
4179,5788,0.8718903308932306
4179,2752,0.9012167597370667
4179,79143,0.9122201042764598
4179,29992,0.8785092230771995
4179,27128,0.8819030490355037
4179,5093,0.8588428626395187
4179,23214,0.9336526369843545
4179,4084,0.9544586976953491
4179,8334,0.956547608471234
4179,6386,0.9323025586601675
4179,6648,0.9752283414267866
4179,54458,0.8780416781321502
4179,677,0.8627929196960841
4179,64581,0.8523857752797808
4179,116496,0.8601987717972218
4179,7454,0.8871428881466311
4179,23401,0.8795377180069701
4179,8349,0.8811977307302779
4179,2358,0.9166558809152319
4179,57580,0.9057120979989515
4179,1116,0.8552807238991544
4179,170954,0.9292196827164112
4179,271,0.8971618854914751
4179,126364,0.8780972624715065
4179,146225,0.8919489881344752
4179,10957,0.8910611725147987
4179,6397,0.9723645712778832
4179,65220,0.9256797736812621
4179,7879,0.869167996684007
4179,6653,0.8809138398402717
4179,752,0.928155419965175
4179,2533,0.8505229253037644
4179,116985,0.880748909932278
4179,55911,0.8534447854400723
4179,87,0.9377333075897861
4179,51291,0.9364699689316571
4179,26020,0.936555100461759
4179,3310,0.8942245404394452
4179,9770,0.9067242842370501
4179,55196,0.9124236752926796
4179,1912,0.8685211038740276
4179,1032,0.9120010734535476
4179,115727,0.8882158198779423
4179,7456,0.8863002843112249
4179,53829,0.9064475419056429
4179,4947,0.9470599867157604
4179,5724,0.8732684580239968
4179,162466,0.8586183886432108
4179,56905,0.9004604300581439
4179,8301,0.9334767407846082
4179,4067,0.9359868638176472
4179,5089,0.963587632973304
4179,51170,0.9368851972091878
4179,100507006,0.8570816877938351
4179,9260,0.8993879430452598
4179,23558,0.9402219015460901
4179,100500853,0.9108499098974507
4179,10261,0.8872148253994347
4179,8650,0.9273772270288043
4179,23347,0.8775069948350265
4179,25797,0.9110725606362918
4179,54210,0.9156437488698097
4179,9750,0.8849577214177442
4179,5899,0.9244978856746265
4179,339287,0.9577379364757389
4179,55313,0.95734927175806
4179,2634,0.8885281605410481
4179,2790,0.9120268243863324
4179,284996,0.9465026229078946
4179,1955,0.9170570208155412
4179,6778,0.8567808086289183
4179,254896,0.9655596652633031
4179,4210,0.9329124048609526
4179,9170,0.8614897141491792
4179,89849,0.9130945780365837
4179,8778,0.8952666872456396
4179,54918,0.8764920233646658
4179,3482,0.9314440543712849
4179,8338,0.8849526028699255
4179,101927015,0.8534950494570085
4179,84658,0.9605808869783115
4179,120892,0.9589561173734783
4179,100507419,0.8581006045282332
4179,3927,0.8511627304166638
4179,283349,0.9753437287107327
4179,7090,0.9334962216222578
4179,8843,0.886221102726274
4179,81628,0.9028694784268491
4179,137835,0.9642529978676152
4179,22904,0.8853315609977289
4179,9111,0.8690332795259981
4179,1084,0.9094628859949966
4179,26578,0.8736973974870317
4179,552891,0.9118414754567056
4179,89846,0.8552363282927504
4179,8125,0.9186428271670847
4179,3015,0.8554212314558688
4179,23258,0.9636570134189375
4179,26234,0.9225234168488895
4179,25801,0.8742316764395871
4179,338442,0.9111506328800297
4179,83931,0.9495405398721073
4179,144423,0.9363772013043574
2634,10581,0.8673172701172168
2634,2215,0.9242675558357282
2634,4332,0.9234661722588975
2634,8519,0.8645601321328716
2634,6402,0.9275827882616194
2634,10135,0.86082635797224
2634,3579,0.8789049095491173
2634,440926,0.8633330515590696
2634,8794,0.8824553881173843
2634,653361,0.8665710542932139
2634,4688,0.8519194913005401
2634,3577,0.8825428550121664
2634,3020,0.859793332896603
2634,654817,0.8635612865616039
2634,654816,0.8635401609500073
2634,976,0.8527898447268534
2634,9516,0.8607095024164775
2634,1439,0.8800835391073298
2634,2212,0.860458878866103
2634,2867,0.9182625566353875
2634,1051,0.8563375798376025
2634,79143,0.8545240746275853
2634,27128,0.8614268935478584
2634,23214,0.891747339623304
2634,4084,0.9238583884639212
2634,8334,0.8891160968209976
2634,6648,0.8692325168274961
2634,7454,0.8510837940465483
2634,170954,0.8690210108663682
2634,4600,0.8631033042272345
2634,6397,0.8669732136216836
2634,65220,0.9279643519243118
2634,752,0.8731121024132225
2634,2533,0.8666995108347146
2634,87,0.8853856323551323
2634,51291,0.8684824054059085
2634,26020,0.8738081827099246
2634,3310,0.874686522718594
2634,1032,0.8720944147951991
2634,7456,0.854531776459722
2634,53829,0.8583915247916459
2634,51246,0.9006736019646657
2634,8301,0.860980487002462
2634,5089,0.8747094362539771
2634,23558,0.8957621189319547
2634,9961,0.9079233187148444
2634,53917,0.8576210217651145
2634,23347,0.8976799776042121
2634,5899,0.8616261169277564
2634,339287,0.8664608641367855
2634,284996,0.9004184660058654
2634,6890,0.9203168163882852
2634,254896,0.8752754500339602
2634,4210,0.9192014301506576
2634,9170,0.8563050550363092
2634,89849,0.8622798778609829
2634,8778,0.8906668943364526
2634,101927015,0.8911124053675576
2634,120892,0.8927425536864404
2634,283349,0.8661474785911372
2634,81628,0.8803067579363479
2634,137835,0.8564625003936633
2634,22904,0.8624257793899769
2634,9111,0.9302013924147114
2634,1084,0.8942523510232588
2634,23258,0.8829335355230339
6890,2215,0.8692210785923647
6890,2867,0.8730829446297546
6890,4600,0.8699063093778577
6890,65220,0.8685143131166803
6890,51246,0.8830226378396475
6890,23347,0.886842374247025
6890,9111,0.8967663317027209
101927015,10581,0.9029258800048066
101927015,2215,0.9288764038098932
101927015,4332,0.9154302930288702
101927015,6402,0.859457264405578
101927015,2357,0.8562722103222227
101927015,3579,0.858390243008043
101927015,8407,0.8632375049741506
101927015,440926,0.8865445959378926
101927015,8794,0.8605250516168438
101927015,653361,0.8736264022785524
101927015,3577,0.9011451809509634
101927015,3020,0.8797801158177825
101927015,3385,0.8548769196185745
101927015,654817,0.8640511764531205
101927015,91300,0.8808282977641138
101927015,7408,0.8527051166102421
101927015,654816,0.8729146526128366
101927015,51734,0.8691818068153165
101927015,2867,0.8824513773433922
101927015,63940,0.8601282135874778
101927015,4689,0.8562951715416759
101927015,83719,0.8658413031029495
101927015,80325,0.8648520950098989
101927015,79143,0.8579509632266847
101927015,23214,0.8690893884811554
101927015,4084,0.8850056207998808
101927015,8334,0.859637128337442
101927015,54458,0.8585650230972083
101927015,7454,0.8521891971694845
101927015,23401,0.850137608671338
101927015,3303,0.85745990110209
101927015,6398,0.8501129935478932
101927015,146225,0.8707640424918265
101927015,65220,0.916414930251078
101927015,3310,0.8932027920014683
101927015,1912,0.8518585546132529
101927015,1032,0.8697833728730887
101927015,51246,0.8699273713907328
101927015,100507006,0.876157415809339
101927015,9260,0.8555182779618432
101927015,23558,0.8873879830390375
101927015,53917,0.8587970643513683
101927015,5899,0.8703872462146658
101927015,284996,0.8675503936073526
101927015,254896,0.854707117012018
101927015,4210,0.8555685713954315
101927015,9170,0.8630144944847083
101927015,89849,0.8903770951057691
101927015,8778,0.8551963754190912
101927015,120892,0.8520399757831462
101927015,9111,0.8915093885536626
101927015,1084,0.9085765467749463
137835,10581,0.8823281183341444
137835,2215,0.9220265235845074
137835,4332,0.9379342273888253
137835,1441,0.8752996681261741
137835,2357,0.8809752915303009
137835,10135,0.9042573281935267
137835,5552,0.8936747637307219
137835,102465993,0.8973860582399167
137835,3579,0.9574343537409038
137835,8407,0.9097266089704981
137835,440926,0.9388429520018633
137835,8794,0.960735335903726
137835,723790,0.8752311644021101
137835,8337,0.8744882446881954
137835,4688,0.9104679232879788
137835,366,0.9146387303646493
137835,10409,0.8792689618749826
137835,3577,0.9107506636194536
137835,2124,0.9004758469999673
137835,728,0.9217568946176555
137835,3020,0.9433459474592774
137835,3385,0.9309285801804502
137835,4542,0.9434433294779191
137835,8875,0.8571070422510534
137835,3687,0.8956170125606623
137835,409,0.8620708806008566
137835,91300,0.9041180128563215
137835,120425,0.8845852783862329
137835,7408,0.9196766038752319
137835,51734,0.8821418700201838
137835,64386,0.8904086330537914
137835,3059,0.8770329940333275
137835,976,0.9071239229638141
137835,9516,0.9408093682071933
137835,1439,0.9545919804629467
137835,2212,0.8900984281900751
137835,4046,0.8886703734070273
137835,1265,0.8509345816409846
137835,1051,0.9293608989591343
137835,63940,0.8804996614155696
137835,7846,0.8541873697383164
137835,4689,0.8740579656670009
137835,101,0.938843342309613
137835,8031,0.9488180413079432
137835,4814,0.8912842694255377
137835,83719,0.9200549031802573
137835,80325,0.9254872609118047
137835,51312,0.8693800081956091
137835,5788,0.882116578304692
137835,2752,0.883844610484798
137835,79143,0.9305678254544789
137835,29992,0.8840579832956952
137835,64333,0.8650115116466346
137835,27128,0.9091916276183559
137835,5093,0.863131353860147
137835,23214,0.9352455730691653
137835,4084,0.9393219147525678
137835,8334,0.941650048950494
137835,6386,0.9327382956665624
137835,6648,0.9547192612322647
137835,54458,0.8996539711838343
137835,978,0.8592962526003978
137835,60675,0.8673324276452251
137835,116496,0.8645951050126239
137835,7454,0.9069176511457528
137835,23401,0.894418772187534
137835,10487,0.876760812296084
137835,8349,0.8709338618063573
137835,2358,0.9215393750596877
137835,57580,0.9302087996528573
137835,1116,0.8724863747254311
137835,170954,0.9427877211631586
137835,271,0.8995625978562933
137835,126364,0.8907818752730771
137835,7132,0.8738279470333994
137835,146225,0.9071592949693047
137835,10957,0.8653625716937564
137835,6397,0.9621207313616266
137835,65220,0.8933294916141362
137835,7879,0.8961568730644456
137835,6653,0.8920833405756162
137835,752,0.9415828214875243
137835,54518,0.8563625747148471
137835,57153,0.8533587591293047
137835,116985,0.8975465125626849
137835,55911,0.8773973858626084
137835,8826,0.8608400684492247
137835,87,0.9400718862933796
137835,51291,0.9387472399305015
137835,26020,0.9443259905585685
137835,3310,0.8842055417838596
137835,9770,0.8968133375402383
137835,55196,0.870103739899759
137835,1912,0.8927357296286703
137835,1032,0.9275050142847634
137835,115727,0.9056802026149023
137835,7456,0.8901457868901795
137835,53829,0.9076826181710225
137835,4947,0.9398889967763638
137835,5724,0.8850308408100028
137835,162466,0.8705024828140763
137835,56905,0.897274792465933
137835,84649,0.8674041844313795
137835,8301,0.9299857504795657
137835,4067,0.9166642000169932
137835,5089,0.951004215892384
137835,51170,0.9228417166814771
137835,9260,0.9205334823319132
137835,23558,0.9444082168725817
137835,126308,0.8632408866053157
137835,9961,0.8652888561284057
137835,100500853,0.9237177221004688
137835,10261,0.8919634178984378
137835,8650,0.9243320591930687
137835,25797,0.9164426950152459
137835,54210,0.9023313009816506
137835,9750,0.8652226842041963
137835,5899,0.9095141536773467
137835,339287,0.9464339367636202
137835,55313,0.9482455833511555
137835,2790,0.9160691051510323
137835,284996,0.9513362007501834
137835,1955,0.9099631772848633
137835,6778,0.8574372691788368
137835,254896,0.9611075698539354
137835,4210,0.9119276009320542
137835,9170,0.8757348982631706
137835,89849,0.9128565277446798
137835,8778,0.8889412861498693
137835,54918,0.8676714143563137
137835,3482,0.9370819800154485
137835,8338,0.8695022590947548
137835,84658,0.9585757619108909
137835,120892,0.9222978474175312
137835,100507419,0.890134858677679
137835,3927,0.8873600202562472
137835,283349,0.9675551599669978
137835,7295,0.8675815944544345
137835,7090,0.9285646337639326
137835,257106,0.8769031345533286
137835,8843,0.8786357870241857
137835,81628,0.9360101222656901
137835,389541,0.8512814265980506
137835,22904,0.9044427401420012
137835,1084,0.9128769644241888
137835,26578,0.9030079236090277
137835,552891,0.9163648134600519
137835,89846,0.893184936270726
137835,8125,0.9243598606558641
137835,3015,0.8762019743981188
137835,23258,0.9350639243917641
137835,26234,0.9225134346976784
137835,25801,0.8785981971825311
137835,338442,0.9042212891047137
137835,83931,0.9453725755527831
137835,144423,0.9418381915383122
3015,2357,0.8623556190118071
3015,440926,0.8858335647664902
3015,4688,0.8509378081027951
3015,397,0.8721786871139401
3015,3020,0.8811065812478978
3015,3385,0.8799332868731949
3015,4542,0.8607034592793291
3015,11151,0.8706668446136341
3015,91300,0.8610415975159809
3015,120425,0.866882242470534
3015,7408,0.8692265418629281
3015,51734,0.8586131944540143
3015,3059,0.8617967472717016
3015,976,0.850185105415669
3015,8031,0.8540133339322381
3015,80325,0.8680364487533893
3015,79143,0.8600997173382532
3015,6386,0.8522621805399702
3015,6648,0.8550046801941977
3015,54458,0.8549510186690447
3015,7454,0.862033761367156
3015,23401,0.8625611565285054
3015,170954,0.8604850020789652
3015,126364,0.8684073668086455
3015,7132,0.8688935208868085
3015,146225,0.8807150195775173
3015,116985,0.8543341993543611
3015,4947,0.9021839725705318
3015,51170,0.8800593674734799
3015,9260,0.8546672057850212
3015,9961,0.8571390430598598
3015,10261,0.8511426496334824
3015,103910,0.8580885010437029
3015,55313,0.8552978955100609
3015,2790,0.8607158539228288
3015,283349,0.8727237663239522
3015,7295,0.8832865354544926
3015,81628,0.8544332695636139
3015,389541,0.8980227558436689
3015,552891,0.8606465769614632
3015,6195,0.850801199544846
3015,8125,0.8743965517898108
3015,144423,0.8604169452148761
199675,4318,0.8555588822984427
199675,706,0.8630237277898278
199675,2907,0.8845432873145114
199675,109729184,0.8552171246998425
2907,2207,0.9562904763962712
2907,706,0.9458588805336876
2907,10095,0.8568794963587469
2907,3101,0.9366084203492364
2907,5355,0.8776491159068558
2907,967,0.8899857048300829
2907,83706,0.8513328706154777
2907,255809,0.8584354292388766
2907,7076,0.9058636240208607
4512,4513,0.910502453931615
4512,4509,0.9015220304818053
4512,4508,0.8994282964747691
4512,4538,0.8760442018753722
4512,4514,0.8965121278687751
4512,4539,0.8756617063910032
4512,4535,0.8943298473177488
4512,4540,0.8609517037617859
4512,4574,0.9639784097366207
4512,113219467,0.9313676177248142
4512,4579,0.9218085472462261
4512,4511,0.9075640600339422
4512,4570,0.9048303664441169
4512,4553,0.8888828413176373
4513,4509,0.9737588294806168
4513,4508,0.9784484508921584
4513,4538,0.9488398234108469
4513,4514,0.9767098954346232
4513,4539,0.9484639946019433
4513,4536,0.9371539779525082
4513,4519,0.9370898527700349
4513,4535,0.923951516357551
4513,4537,0.9171086576522997
4513,4541,0.8603556873827988
4513,4540,0.9184014888151925
4513,4574,0.8704812139317251
4513,4579,0.9173734903915197
4513,4511,0.9089285207290912
4513,4570,0.8970067649215424
4513,4553,0.8589638616376754
4509,4508,0.9944317247085881
4509,4538,0.976039421605138
4509,4514,0.9735668238052745
4509,4539,0.9815566391555238
4509,4536,0.9642325288790963
4509,4519,0.9692680276451964
4509,4535,0.932502738993586
4509,4537,0.9146814634750063
4509,4541,0.8949458666908513
4509,4540,0.950025496645376
4509,4579,0.9305276682455065
4509,4556,0.8672961549477802
4509,4511,0.9188838219755998
4509,4570,0.8867062340520914
4509,4553,0.8525095418112763
4508,4538,0.9789227141878439
4508,4514,0.9766380860873627
4508,4539,0.9756958140935953
4508,4536,0.9668039714823488
4508,4519,0.967814391211205
4508,4535,0.9332444065413045
4508,4537,0.9283976615835987
4508,4541,0.8988082168636117
4508,4540,0.9446119586491687
4508,4579,0.9290495591679292
4508,4556,0.8781397221358509
4508,4511,0.9255654635594769
4508,4570,0.8991000969259288
4508,4553,0.8696398414841103
4538,4514,0.952657628473453
4538,4539,0.9919790593812902
4538,4536,0.9657362692845409
4538,4519,0.9779900102846804
4538,4535,0.9343829664075699
4538,4537,0.888001762677023
4538,4541,0.8907560775296819
4538,4540,0.9408018779475213
4538,4579,0.9290232491440403
4538,4556,0.8770513285493949
4538,4511,0.9210572304792611
4538,4570,0.8923363387311629
4538,4553,0.8671432471395365
4514,4539,0.9556489272236642
4514,4536,0.9488039874147763
4514,4519,0.94874606777195
4514,4535,0.9357431463555375
4514,4537,0.9206668650394636
4514,4540,0.9059324218026535
4514,4579,0.927846979265769
4514,4511,0.9206934608883974
4514,4570,0.9058216663738858
4514,4553,0.8676313211387819
4539,4536,0.9619904064846433
4539,4519,0.9758893672396803
4539,4535,0.9289779941951096
4539,4537,0.8833989795234191
4539,4541,0.8757938950168417
4539,4540,0.9438842825908096
4539,4579,0.933235341674707
4539,4556,0.8588247210392943
4539,4511,0.9167490780750605
4539,4570,0.881461244391119
4535,4536,0.9593792964151194
4535,4519,0.9267150187182164
4535,4537,0.8724941821663789
4535,4540,0.89574037576177
4535,4574,0.8575545412651756
4535,4579,0.9258682505385313
4535,4511,0.9124309777510022
4535,4570,0.9152221230561839
4535,4553,0.8874472681664187
4540,4536,0.938272602656066
4540,4519,0.9606700171645413
4540,4537,0.8647668412299006
4540,4541,0.9730573729803148
4540,4579,0.8915884720317611
4540,4556,0.9593841147826324
4540,4511,0.8815475756709339
4574,113219467,0.9787954194036516
4574,4579,0.8704463345577966
4574,4511,0.8703985227031282
4574,4570,0.8964472383074102
4574,4553,0.8949869399898802
113219467,4570,0.8771702634043057
113219467,4553,0.8747529345256678
4579,4536,0.9061667517489811
4579,4519,0.8997745484215998
4579,4511,0.9914037961042785
4579,4570,0.9708630168667264
4579,4553,0.9486736490551311
4511,4536,0.9032630181896707
4511,4519,0.8926836403728665
4511,4537,0.8589673142136346
4511,4570,0.9853389308658381
4511,4553,0.9728255350641852
4570,4536,0.8816654845900093
4570,4519,0.8586238417940154
4570,4553,0.9894289844810503
4553,4536,0.8505112747410374
4069,5660,0.9137943589297665
4069,10437,0.8536661996758654
4069,7431,0.8639369404831854
4069,968,0.9169542084646207
4069,2219,0.9293585526658074
4069,9314,0.8784704631099894
4069,1848,0.910691170049855
4069,219972,0.9254060806440279
4069,1522,0.8608854964055821
4069,100507347,0.8620158130695015
4069,334,0.8582907764862504
4069,1536,0.8940960163342906
4069,6446,0.8935130216151534
4069,9935,0.8600999512009725
4069,1462,0.8574995263851841
4069,1471,0.9154469639780514
4069,7045,0.9273306799599618
4069,342510,0.8854099679167032
4069,1508,0.8553704704907057
4069,9056,0.9208331010104808
4069,308,0.8818770114990975
4069,10577,0.8793485641773529
4069,1200,0.8603937546938449
4069,64231,0.8920209684486209
4069,4125,0.8977429882352738
4069,51816,0.8659239026402696
4069,948,0.8773087965743155
5660,10437,0.9536759988473358
5660,7431,0.8696883879314644
5660,1520,0.8872210260018104
5660,3553,0.850514956034899
5660,929,0.9233786478016979
5660,968,0.9579055002507977
5660,2896,0.9183028489131119
5660,2219,0.9731660123606343
5660,9314,0.8596645526671796
5660,1848,0.9342469027357739
5660,100616211,0.9423822427124215
5660,219972,0.9571164333946999
5660,1522,0.9387918395971556
5660,100507347,0.8731249413200352
5660,334,0.9244588333954668
5660,1536,0.921316417979385
5660,6446,0.9302436030293552
5660,9935,0.9013928539341962
5660,1471,0.956162534600848
5660,7045,0.9090037164445605
5660,342510,0.9252335943470146
5660,1508,0.892958370616944
5660,1475,0.9151227690999025
5660,9056,0.9673374491379919
5660,527,0.9082518443481616
5660,7453,0.9077911113692293
5660,308,0.9393214566779696
5660,5199,0.8880194355047124
5660,10577,0.9627426965983987
5660,1200,0.8663743835073057
5660,64231,0.9503241396759362
5660,4125,0.9074893394101755
5660,51816,0.8873906366062074
5660,3958,0.8834793945216203
5660,948,0.895061959868986
10437,7431,0.8517677818310017
10437,929,0.9370336124484245
10437,968,0.9430601347901004
10437,2896,0.9504656889916171
10437,2219,0.9295075996419098
10437,1848,0.8806767448265008
10437,100616211,0.9434086437881916
10437,219972,0.9006794252056338
10437,1522,0.9324100272990239
10437,334,0.8854419237150748
10437,1536,0.8951537019888155
10437,6446,0.8600576276448536
10437,9935,0.8731257808512569
10437,1471,0.928070536347103
10437,7045,0.8555023532159644
10437,342510,0.9114492397102101
10437,1508,0.8987314740231014
10437,1475,0.890840561188969
10437,9056,0.9305971383027238
10437,527,0.9064877895176469
10437,7453,0.8922347093380044
10437,308,0.9237696165984759
10437,5199,0.8808989283922483
10437,10577,0.9598133371136225
10437,64231,0.9566264675600054
10437,255809,0.8552300910030755
10437,3162,0.8847963723934187
10437,59342,0.8792305079709452
10437,4125,0.8919060185381552
10437,3958,0.8867813250166509
10437,84106,0.861520694694626
10437,948,0.8646367572980813
7431,2597,0.8557223027156223
7431,301,0.9178716461427302
7431,929,0.8879456496526852
7431,968,0.9240840733205713
7431,2219,0.8839602537825821
7431,9314,0.8562727856427128
7431,1848,0.8717421281603592
7431,219972,0.8677968606152281
7431,6281,0.8918331397148566
7431,100507347,0.9946586268332136
7431,334,0.8733353812729737
7431,6446,0.8864642411513239
7431,9935,0.9012620408915677
7431,1462,0.9134559857819302
7431,7045,0.9176028789968212
7431,342510,0.8561397415581251
7431,5315,0.8794401148956653
7431,1508,0.9126437982403595
7431,9056,0.8987721698365829
7431,308,0.9019454646207002
7431,1200,0.8793042786733075
7431,64231,0.9167968285440233
7431,59342,0.8592804621883973
7431,4125,0.8928962054657864
7431,23166,0.8695953756549128
7431,3958,0.858369540709016
7431,948,0.9259282960156704
968,301,0.8608506015490375
968,3553,0.8663092239276851
968,929,0.9124963474317567
968,2896,0.8923899255448228
968,2219,0.9737120458984989
968,3956,0.8533148586982322
968,9314,0.8892827095142987
968,1848,0.9398392022718354
968,100616211,0.9046555945772644
968,219972,0.9627580176793609
968,6281,0.8924312201218175
968,1522,0.9270515201958992
968,100507347,0.918809215421789
968,334,0.9066077947510994
968,1536,0.9512450334543796
968,6446,0.920123185399009
968,2950,0.8583540857630707
968,9935,0.9518258208253914
968,2014,0.8600502778353553
968,1462,0.9123042434680749
968,1471,0.9549978133289851
968,7045,0.9614202129457644
968,342510,0.9570825535023925
968,5315,0.8750865866840775
968,1508,0.9459763125661719
968,1475,0.8543575327715284
968,9056,0.980899539080506
968,527,0.888624368145576
968,7453,0.8543774544182727
968,4048,0.8647605553912778
968,308,0.9575771238232003
968,10577,0.943822454286351
968,1200,0.9277996113676552
968,64231,0.9708713932673678
968,3162,0.8780664300985999
968,59342,0.893788418840419
968,4125,0.9557153283617683
968,51816,0.9256960800936406
968,23166,0.8724333698900614
968,3958,0.9141339054722344
968,948,0.9497660836978771
2219,3553,0.8836603845379782
2219,929,0.893981100415404
2219,2896,0.8776556086148125
2219,9314,0.8915991018479891
2219,1848,0.9456056975038359
2219,100616211,0.9182376633739051
2219,219972,0.9718583187990489
2219,6281,0.8787655850786054
2219,1522,0.917822675889284
2219,100507347,0.8791865165662094
2219,334,0.8974151271897751
2219,1536,0.9324358759352409
2219,6446,0.933040709202941
2219,2950,0.8702187013146246
2219,9935,0.9219345929017301
2219,2014,0.8666779482519683
2219,1462,0.8642385359484571
2219,1471,0.9775047600456267
2219,7045,0.9543264383429173
2219,342510,0.9420031924359392
2219,1508,0.9061277517233948
2219,1475,0.8664308199891795
2219,9056,0.9771203438762558
2219,527,0.8720578121094233
2219,7453,0.8829236749079642
2219,308,0.9434335139571819
2219,10577,0.9451742233449334
2219,1200,0.8945423772340882
2219,64231,0.9500050594630112
2219,59342,0.8600484407695784
2219,4125,0.9491557174630354
2219,51816,0.9210674552831525
2219,3958,0.9087734303204663
2219,948,0.9135868706392042
9314,2354,0.8752754657344664
9314,301,0.8774129231888206
9314,3553,0.9411173530777318
9314,1316,0.9004251746228576
9314,1848,0.9357527966180882
9314,219972,0.9175997191639543
9314,100507347,0.8643401619354463
9314,1536,0.8526010700543102
9314,6446,0.9166784820324797
9314,9935,0.8599350749891516
9314,1471,0.867123187523938
9314,7045,0.9061699461129706
9314,6348,0.8765601447462669
9314,342510,0.8656454302530128
9314,9056,0.8999442886707266
9314,407013,0.8607566846967104
9314,284454,0.8520085391290317
9314,407018,0.8511501547135639
9314,4125,0.914078500338791
9314,51816,0.8603926185567047
9314,407010,0.8625051838959915
1848,301,0.8588566499369105
1848,3553,0.8937889941732059
1848,929,0.8556427373279621
1848,100616211,0.8605187841850219
1848,219972,0.9575599021174176
1848,1522,0.8812255833220688
1848,100507347,0.8793951372152403
1848,334,0.8902821735448757
1848,1536,0.9170445563902354
1848,6446,0.959402372279257
1848,9935,0.9396202678938416
1848,1462,0.8621503328980048
1848,1471,0.9088707945650546
1848,7045,0.9145092187367246
1848,342510,0.9254726017618895
1848,1508,0.8602502737762623
1848,9056,0.9373120035701604
1848,308,0.9123958168041945
1848,10577,0.9065715625555943
1848,1200,0.8837325697920831
1848,64231,0.8928429567379464
1848,4125,0.9110684303664116
1848,51816,0.887001420617282
1848,948,0.8905351774274121
219972,3553,0.8758002218077572
219972,929,0.8613985624062971
219972,100616211,0.8939233977802319
219972,1522,0.9270617733102332
219972,100507347,0.8701054570024591
219972,334,0.9018750999217361
219972,1536,0.9561169463282446
219972,6446,0.9544133811739062
219972,9935,0.9202044263587451
219972,1462,0.8790395229969113
219972,1471,0.9420817344954888
219972,7045,0.9381431542740459
219972,342510,0.9368900866409918
219972,1508,0.8740886233184506
219972,9056,0.9696451307284888
219972,7453,0.8729610108011597
219972,308,0.9253790583582026
219972,10577,0.9312798706265084
219972,1200,0.9007379598549936
219972,64231,0.921422364074461
219972,59342,0.8505204028383262
219972,4125,0.9474181690833943
219972,51816,0.9197952731610337
219972,3958,0.8724324988619651
219972,948,0.9127502012522186
1522,1520,0.8539945024488451
1522,929,0.9230907854465379
1522,2896,0.9219837396663131
1522,100616211,0.910603708873114
1522,334,0.9295529192617742
1522,1536,0.9028353741034683
1522,6446,0.867554215645642
1522,9935,0.8577429606462758
1522,1471,0.9017916587714728
1522,7045,0.8841621386728299
1522,342510,0.8559294007944834
1522,1508,0.8891905906739571
1522,1475,0.9186623395120999
1522,9056,0.9501435898226205
1522,527,0.879189815775781
1522,4048,0.8565346596983123
1522,308,0.9030132348031529
1522,5199,0.8787720810340467
1522,10577,0.9488763146071972
1522,64231,0.9322240150080081
1522,3162,0.8682221473553182
1522,59342,0.8877915857390095
1522,4125,0.904945021347505
1522,948,0.8666133321976778
100507347,301,0.9141819186634184
100507347,3553,0.853111794751656
100507347,929,0.8816319898230827
100507347,6281,0.8725501195079148
100507347,334,0.8864438621977923
100507347,6446,0.8893238955935906
100507347,9935,0.8988168430258326
100507347,1462,0.9160488983502277
100507347,7045,0.9163188135404348
100507347,5315,0.8574769653436285
100507347,1508,0.9049517018422528
100507347,9056,0.8954825303672559
100507347,308,0.8971661557795709
100507347,1200,0.881351189757974
100507347,64231,0.9119966229967308
100507347,59342,0.8534289488005027
100507347,4125,0.8837227648570816
100507347,23166,0.8700021386443709
100507347,948,0.9189247577621931
334,1520,0.8554494435147282
334,929,0.9284010953957855
334,2896,0.8897762231478064
334,79887,0.865918480882284
334,1536,0.877080766782155
334,387,0.850404406944689
334,6446,0.8972541356482477
334,9935,0.8767491138529028
334,1462,0.8634186125467258
334,7045,0.8803134976317324
334,1508,0.8632281185203073
334,10221,0.8715692919463538
334,1475,0.8898025526494439
334,9056,0.9030361625418842
334,527,0.9043020154531558
334,427,0.8560596090004255
334,4048,0.8657105251128622
334,308,0.8873641996123305
334,5199,0.8574443989342809
334,10577,0.8780420463721611
334,1200,0.869419395743763
334,64231,0.9206487317372978
334,255809,0.8717120902706079
334,3162,0.8566791801409431
334,59342,0.9119935560830983
334,4125,0.8669270470428941
334,84106,0.8545956212816448
334,948,0.8742801952138511
1536,100616211,0.8872199105258896
1536,6446,0.8935396927842965
1536,9935,0.9250723894934062
1536,1462,0.8957525575628361
1536,1471,0.8976384137237267
1536,7045,0.8897895695047444
1536,342510,0.9389568801053055
1536,1508,0.8914237032189738
1536,9056,0.9388522243962415
1536,4048,0.8664758201468814
1536,308,0.9207790806622308
1536,10577,0.9047451038775343
1536,1200,0.9240133931398119
1536,64231,0.919501448886033
1536,59342,0.891177395857315
1536,4125,0.9257788608250843
1536,51816,0.9232917279455994
1536,3958,0.858532349329654
1536,948,0.9395892369994713
6446,3553,0.9001415829460354
6446,929,0.8537554545297305
6446,100616211,0.8699138200374025
6446,9935,0.9355483700352144
6446,1462,0.8640836150314197
6446,1471,0.8882519388588876
6446,7045,0.9013570534786345
6446,342510,0.9021327418341922
6446,10221,0.8539072849692958
6446,9056,0.9278460378525234
6446,308,0.9092886745829291
6446,10577,0.9001260582649376
6446,1200,0.86303138305711
6446,64231,0.8746546094854382
6446,4125,0.9010717419647862
6446,51816,0.8554258780160787
6446,948,0.8915234643037542
9935,301,0.850881743537566
9935,929,0.8642928945418843
9935,100616211,0.8657538376516719
9935,6281,0.8548963300566141
9935,1462,0.9081517145538305
9935,1471,0.877894813095345
9935,7045,0.912126577049033
9935,342510,0.9295754711706666
9935,1508,0.9101771395455853
9935,9056,0.9298478966162659
9935,308,0.929283857142225
9935,10577,0.8959740541644092
9935,1200,0.9159137225087094
9935,64231,0.8997760610612082
9935,59342,0.866130856381562
9935,4125,0.9069590908230738
9935,51816,0.890093644219744
9935,23166,0.8801271178819232
9935,3958,0.85408277492282
9935,948,0.9476465195512939
1462,929,0.8521006375336997
1462,7045,0.9134303147245448
1462,1508,0.9342424571083555
1462,9056,0.8874981934204491
1462,4048,0.9088791722375744
1462,308,0.8830157260926915
1462,1200,0.9237457388162813
1462,64231,0.892718794465881
1462,3162,0.8586817858256931
1462,4125,0.8718203174550611
1462,23166,0.9323032723524716
1462,948,0.9653030724440288
1471,3553,0.8707091889606678
1471,929,0.8606522106981004
1471,2896,0.8611623162591037
1471,100616211,0.9157833713104003
1471,6281,0.8825890083101621
1471,2876,0.8584612984598813
1471,2950,0.891175414406783
1471,2014,0.9099841324050949
1471,7045,0.9292441670841549
1471,342510,0.9305350415715342
1471,1508,0.8848158622750596
1471,3957,0.8594372616471679
1471,1475,0.8572488376500936
1471,9056,0.9666813880168627
1471,527,0.8514053067905227
1471,7453,0.8948317442036449
1471,308,0.9176769498666115
1471,10577,0.9454942941673222
1471,64231,0.9296009868418589
1471,4125,0.9361236102503921
1471,51816,0.9206091520293245
1471,3958,0.9204636528449932
1471,948,0.8746379964729035
7045,301,0.8653437693941406
7045,3553,0.8873309164336156
7045,929,0.8673454626193529
7045,6281,0.9154226967294902
7045,2950,0.8731136648136386
7045,342510,0.8870440191379584
7045,1508,0.9197816971957332
7045,9056,0.9562396054628692
7045,308,0.9081216518651762
7045,10577,0.883062830889081
7045,1200,0.9038383015450085
7045,64231,0.9317433240283635
7045,91544,0.8789638192063143
7045,4125,0.9444011139224351
7045,51816,0.8841346684713279
7045,23166,0.8584749204119334
7045,3958,0.879802298191532
7045,948,0.9266881378846636
342510,3553,0.8531801934477973
342510,100616211,0.8781292050381667
342510,6281,0.8524456294180296
342510,2014,0.8595373821575345
342510,10105,0.8648588097145027
342510,1508,0.8550634511319496
342510,9056,0.9321047078896737
342510,7453,0.8949253250138647
342510,308,0.9194940469711929
342510,1026,0.8506464306654232
342510,10577,0.9079040643057434
342510,1200,0.8783109150135219
342510,64231,0.9052173050157032
342510,4125,0.9082777873403544
342510,51816,0.9478217719792458
342510,3958,0.900606231095125
342510,948,0.8859028461285412
1508,2597,0.8537098194391908
1508,929,0.9184477218115691
1508,2896,0.8778560364569173
1508,3956,0.9023192739722746
1508,100616211,0.8766182035305086
1508,6281,0.862883549471968
1508,5315,0.9239974743516775
1508,9056,0.930965596879354
1508,527,0.8757422163126822
1508,4048,0.902098129819603
1508,308,0.9191493466917235
1508,10577,0.9064854525001
1508,1200,0.8935996091512162
1508,64231,0.950795376908994
1508,3162,0.929224466152205
1508,59342,0.867599362799319
1508,4125,0.9134503157070731
1508,23166,0.9380636332130627
1508,3958,0.8720475329966739
1508,948,0.9502366008729849
9056,3553,0.884710243526474
9056,929,0.9034634360886403
9056,2896,0.8835252626708974
9056,100616211,0.9214699158122287
9056,6281,0.8699528500306473
9056,2950,0.8587047444098886
9056,2014,0.8596844519118537
9056,1475,0.8846492742390674
9056,527,0.8735670299192632
9056,7453,0.8544030968165632
9056,4048,0.8519790964226792
9056,308,0.9444948172809835
9056,10577,0.955580530839201
9056,1200,0.8930996158722927
9056,64231,0.9583316777622506
9056,3162,0.8509055715296345
9056,59342,0.8766211942036938
9056,4125,0.9569999047106462
9056,51816,0.9116449875118847
9056,3958,0.9030795244644334
9056,948,0.9322544607565317
308,929,0.9042170633771572
308,2896,0.8734448898932731
308,100616211,0.9242333315931018
308,1475,0.8543873929451433
308,7453,0.8504778274269
308,10577,0.9463086951934707
308,1200,0.8821454233450301
308,64231,0.9395232366675973
308,59342,0.859487147199823
308,4125,0.9027794790004561
308,51816,0.8688666793850062
308,3958,0.8865759747070902
308,948,0.9248523503745701
10577,1520,0.8692657524969056
10577,929,0.9105924111938435
10577,2896,0.906454156635315
10577,100616211,0.9798585293464026
10577,1475,0.9101759888920444
10577,527,0.8692756316880751
10577,7453,0.9053626845200391
10577,5199,0.8644024155176045
10577,64231,0.9300860061270776
10577,3162,0.8542954499685034
10577,4125,0.893673519995129
10577,51816,0.8570214498056626
10577,3958,0.886771908882739
10577,948,0.8888821443969238
1200,301,0.8688297540201034
1200,2950,0.8537003279622368
1200,4048,0.8625307955233841
1200,64231,0.8913527464522194
1200,59342,0.8616003360598973
1200,4125,0.8985491174194279
1200,51816,0.8914044831898007
1200,23166,0.8597249980124279
1200,948,0.935126447657456
64231,2597,0.8666853383945072
64231,929,0.9323355766423748
64231,2896,0.9238400557482559
64231,3956,0.869477053761591
64231,100616211,0.8987986737336584
64231,5315,0.8894905777686661
64231,1475,0.8846375891757184
64231,527,0.903491616248851
64231,4048,0.8763328493840561
64231,3162,0.9036620599937878
64231,59342,0.915447476153493
64231,4125,0.9280390383883282
64231,51816,0.8690467242594034
64231,23166,0.8692095598740703
64231,3958,0.8945534047386895
64231,948,0.9239234964531237
4125,3553,0.8755550585436914
4125,929,0.8609720150982562
4125,100616211,0.8546670559167723
4125,6281,0.8955362922610441
4125,2950,0.8660455098764256
4125,2014,0.8521583655213579
4125,5315,0.8890613307182644
4125,91544,0.9097171685003362
4125,59342,0.896976318627406
4125,51816,0.9024742501664405
4125,3958,0.8732413460625283
4125,948,0.9056405123763552
51816,6281,0.8791898523309969
51816,2950,0.8705745852299254
51816,2014,0.8821066848896209
51816,7453,0.863821594748682
51816,91544,0.8531416547896251
51816,3958,0.8601602006382998
51816,948,0.883084345339633
948,929,0.8799139108598962
948,100616211,0.8702835691855361
948,6281,0.8788324474658167
948,5315,0.8637561728878576
948,4048,0.896163940746079
948,3162,0.8824840979487176
948,59342,0.8533666633026982
948,23166,0.9273604981397848
948,3958,0.8673256239346898
4536,4519,0.97459060774738
4536,4537,0.9081233171272247
4536,4541,0.8879026732760491
4536,4556,0.8782740773087204
4519,4537,0.9017578031359704
4519,4541,0.9149643906374053
4519,4556,0.8952534387921266
4541,4556,0.9740469778098946
10581,2215,0.9161030466369817
10581,4332,0.9240267801207444
10581,1441,0.9690556351879047
10581,6402,0.8798263965320406
10581,2357,0.9655737084688575
10581,10135,0.8990046774845418
10581,102465993,0.8798214688165608
10581,3579,0.9301850998640634
10581,8407,0.9093546293008034
10581,440926,0.9351584158852755
10581,8794,0.9339300642213648
10581,653361,0.8834097014020124
10581,4688,0.9020199568105859
10581,366,0.9270258320980627
10581,10409,0.9232322868311951
10581,3577,0.9699840643219891
10581,6286,0.8537072229973177
10581,7940,0.8819144954266684
10581,2124,0.8823207020162597
10581,728,0.8763539951799001
10581,397,0.884971029381517
10581,3020,0.9320141109409422
10581,3385,0.9348092522160782
10581,4542,0.9045968550795663
10581,654817,0.878293230256015
10581,8875,0.8881364054893778
10581,3687,0.9106538308985258
10581,409,0.9033888644676858
10581,11151,0.8596951209365848
10581,91300,0.9437709610854929
10581,120425,0.9167477766804292
10581,597,0.8760721272516838
10581,7408,0.9501432065485617
10581,654816,0.8894271111053579
10581,51734,0.9735975190652455
10581,2180,0.8716877137427984
10581,64386,0.953578326572569
10581,64744,0.8950271671102865
10581,3059,0.9226367855569702
10581,976,0.8963787149838736
10581,64115,0.8713533431573334
10581,9516,0.9219715319814704
10581,1439,0.9132205115163841
10581,2212,0.9322731804559319
10581,2867,0.8616008098157819
10581,4046,0.8967729715412966
10581,1265,0.9305782774216355
10581,1051,0.9192366766202255
10581,63940,0.9694548713432816
10581,407008,0.9215615488332362
10581,4689,0.9611708103979913
10581,101,0.8920876985861427
10581,6404,0.8701104254925673
10581,83719,0.9105874720806789
10581,80325,0.9535592844636621
10581,51312,0.9126904942426464
10581,241,0.9132510215404854
10581,79143,0.9644020424385655
10581,29992,0.850803021749599
10581,27128,0.9582566962413753
10581,23214,0.9516906627088668
10581,4084,0.925627632165582
10581,8334,0.8928886667687966
10581,6386,0.9053806236477878
10581,6648,0.8954844954942832
10581,54458,0.9629956601343501
10581,978,0.9189094378116491
10581,60675,0.8661230092167086
10581,116496,0.8602434548556339
10581,7454,0.9480210335392578
10581,963,0.8693119092966731
10581,23401,0.9409355375794732
10581,3303,0.9297018402973177
10581,2358,0.913576899907036
10581,6398,0.8722475855584274
10581,170954,0.9303372330230191
10581,126364,0.9126435019372054
10581,7132,0.9430429471194013
10581,55505,0.8817532091712108
10581,146225,0.9457336239113542
10581,6397,0.9015114521794072
10581,65220,0.9187315127369868
10581,7879,0.8654105901218095
10581,6653,0.852877482841465
10581,752,0.879441805333522
10581,54518,0.8970902691770872
10581,116985,0.8846058150565586
10581,55911,0.9192471792865573
10581,79930,0.8837817598629657
10581,87,0.9255358400803386
10581,51291,0.9114253385923861
10581,8698,0.8821837591821936
10581,26020,0.9438451723447716
10581,3310,0.9411921808230075
10581,9770,0.8575392292800657
10581,1912,0.9630556640778416
10581,1032,0.9443463720659607
10581,115727,0.9251343440929128
10581,53829,0.9078701280837148
10581,4947,0.896040721352127
10581,5724,0.8647964519626455
10581,133,0.8552943534589916
10581,56905,0.857564027445181
10581,84649,0.9312680340177162
10581,8301,0.8785258147641172
10581,4067,0.8890070906544042
10581,5089,0.8703964963911719
10581,51170,0.8657383538635927
10581,100507006,0.8666849720431612
10581,9260,0.9588929021231251
10581,23558,0.9487248731869995
10581,126308,0.893991298833937
10581,9961,0.8855461902908808
10581,100500853,0.9252395143556594
10581,112268246,0.9555168556796473
10581,10261,0.905513802896405
10581,8650,0.8963203590412869
10581,25797,0.8710154539688311
10581,5899,0.9183981913707001
10581,150372,0.8625349316570928
10581,339287,0.8909570555325081
10581,55313,0.8854832480619982
10581,10312,0.8532110229758648
10581,2790,0.9123235834891308
10581,284996,0.9383965369383955
10581,254896,0.9246169834829194
10581,4210,0.8950647024753647
10581,9170,0.9417263933477005
10581,89849,0.9240412985518826
10581,8778,0.904794945019739
10581,3482,0.8505023451895712
10581,84658,0.8534431697014747
10581,120892,0.8737555035360834
10581,100507419,0.91392819725254
10581,283349,0.8740967287202751
10581,7295,0.9123041354684718
10581,7090,0.8906527219655624
10581,81628,0.923200866077149
10581,22904,0.9203583026363082
10581,9103,0.8827742148781675
10581,9111,0.8640434184529137
10581,1084,0.9435104163365293
10581,26578,0.8571882399179284
10581,552891,0.9118634722667253
10581,6195,0.8969919968496703
10581,89846,0.8866325723617077
10581,8125,0.9182052372900549
10581,23258,0.8578174056176412
10581,26234,0.8797764648660371
10581,25801,0.9103379116296308
10581,83931,0.9066910323354939
10581,144423,0.9214038429506657
10581,80301,0.9016193134622753
2215,5997,0.8527486783214431
2215,4332,0.9804180111903477
2215,1441,0.8888545553061233
2215,6402,0.9384277168888197
2215,2357,0.8778930881331968
2215,10135,0.9058703984990459
2215,5552,0.8504685865708909
2215,102465993,0.8762816662355987
2215,3579,0.9553802145368024
2215,8407,0.9097023437158978
2215,440926,0.9357632278327325
2215,8794,0.958281868591192
2215,723790,0.8687104563360755
2215,653361,0.9016680019011055
2215,8337,0.868187123719423
2215,4688,0.8937118333566338
2215,366,0.9117039249835792
2215,10409,0.8703921913281735
2215,3577,0.9377895251486019
2215,2124,0.9091370074287665
2215,728,0.8819864694801552
2215,3020,0.9362113561985729
2215,3385,0.9164097212527893
2215,4542,0.8915220930307275
2215,654817,0.9052178834237264
2215,8875,0.8507194157925563
2215,3687,0.855532770213591
2215,91300,0.9181617655125033
2215,120425,0.8710888023316001
2215,7408,0.9044931078369376
2215,654816,0.9054746571246759
2215,51734,0.8926234624427067
2215,2180,0.8561673474197626
2215,64386,0.8855204130665483
2215,64744,0.8657643221094905
2215,976,0.8695614963340029
2215,9516,0.9159110802791421
2215,1439,0.938262605678163
2215,2212,0.8979611025507311
2215,2867,0.917503253440179
2215,4046,0.8747877670683633
2215,1265,0.8697031405241801
2215,1051,0.9017269071961113
2215,63940,0.886278984872032
2215,4689,0.8890315086587106
2215,101,0.8953433498084986
2215,8031,0.9018363735830398
2215,4814,0.8510967294719091
2215,83719,0.9284390395535062
2215,80325,0.9207142039623933
2215,51312,0.876485618225674
2215,2752,0.850342401500608
2215,79143,0.9213172273634447
2215,27128,0.9004819514768507
2215,23214,0.9504917924693226
2215,4084,0.9682302725917338
2215,8334,0.9569543998137185
2215,6386,0.9061338186501822
2215,6648,0.940718331877824
2215,54458,0.8905713056515103
2215,978,0.8551622925680203
2215,7454,0.8908271896793876
2215,23401,0.8994087243664783
2215,8349,0.875596453249472
2215,3303,0.8898526538236521
2215,2358,0.9093826066498635
2215,57580,0.8709728711193931
2215,170954,0.9223827286857542
2215,126364,0.8626581867858748
2215,7132,0.8795298663429773
2215,146225,0.8981640351061032
2215,6397,0.9410579977185658
2215,65220,0.9636133686986508
2215,6653,0.8549007507924667
2215,752,0.905870871144219
2215,54518,0.8684720967374671
2215,57153,0.8781412250985805
2215,116985,0.8581750770122101
2215,55911,0.8599989764004486
2215,87,0.9339492992544233
2215,51291,0.9164875999649938
2215,26020,0.9407737028767542
2215,3310,0.9298711960501411
2215,9770,0.8687969130700997
2215,55196,0.9094088648324176
2215,1912,0.8858380089294355
2215,1032,0.9091909285990941
2215,115727,0.8803791810508228
2215,7456,0.8770573520730905
2215,53829,0.9157182723626242
2215,4947,0.9087381895208838
2215,51246,0.858185980761721
2215,162466,0.8576945022776333
2215,56905,0.8743415019942398
2215,84649,0.8532438105900781
2215,8301,0.9111307234546989
2215,4067,0.9092590795752117
2215,5089,0.9411805522389631
2215,51170,0.8935914487109428
2215,100507006,0.8943088015470685
2215,9260,0.9066306264984059
2215,23558,0.9519427109100776
2215,126308,0.8610911845983942
2215,9961,0.8530503137525594
2215,100500853,0.9056318833514819
2215,112268246,0.8600611400294154
2215,53917,0.8500982844646092
2215,10261,0.8876707527300556
2215,8650,0.9047803893469127
2215,23347,0.9263237685933046
2215,25797,0.87466473852112
2215,54210,0.8701554911769072
2215,9750,0.8924642345183562
2215,5899,0.9232627436086246
2215,339287,0.937817312234623
2215,55313,0.9185770778454684
2215,2790,0.8824190150318387
2215,284996,0.9393077523042964
2215,1955,0.860900909193504
2215,254896,0.9522611924995523
2215,4210,0.9443605088282739
2215,9170,0.8992447862273546
2215,89849,0.9280804020934708
2215,8778,0.9162259377418667
2215,3482,0.8974744293803572
2215,8338,0.8559226282093151
2215,84658,0.9249354161356947
2215,120892,0.9506556194016773
2215,100507419,0.8665391890645882
2215,283349,0.9319035966618455
2215,7090,0.9155518199792971
2215,81628,0.910657291196321
2215,22904,0.8789167910613004
2215,9111,0.9362858387464786
2215,1084,0.95601753183603
2215,552891,0.8818343159193704
2215,89846,0.8817229104187878
2215,8125,0.9029021717868287
2215,23258,0.9269121053567491
2215,26234,0.8923372672392991
2215,25801,0.875186556867347
2215,338442,0.8642925235922331
2215,83931,0.9376274718547983
2215,144423,0.908072907411926
4332,5997,0.8759796274595099
4332,1441,0.9157552914343137
4332,6402,0.9425437016339926
4332,2357,0.9046446861702717
4332,10135,0.9272490290766169
4332,5552,0.8988613896444311
4332,102465993,0.907563014706427
4332,3579,0.9615087656849698
4332,8407,0.9207265577558116
4332,440926,0.9659563810062268
4332,8794,0.9679426279507671
4332,723790,0.8765069213653217
4332,653361,0.9163324082908815
4332,8337,0.8758350323500848
4332,4688,0.9487222873030865
4332,366,0.929384080755316
4332,10409,0.8897364829816661
4332,3577,0.9413763642072732
4332,7940,0.8572018526553816
4332,2124,0.9554953655575299
4332,728,0.9363114857540232
4332,3020,0.9657161115534161
4332,3385,0.9253019593838958
4332,4542,0.9211255724795052
4332,654817,0.9192097011026293
4332,8875,0.8680827623497894
4332,3687,0.8792313685200103
4332,409,0.8937190176856432
4332,91300,0.9191857698324175
4332,120425,0.9169953913378933
4332,597,0.8565971594826536
4332,7408,0.9415516881807134
4332,654816,0.9202797408304405
4332,51734,0.9163484145665345
4332,2180,0.8791647044263439
4332,64386,0.9005984994142697
4332,64744,0.8854136415388578
4332,3059,0.8858457008454961
4332,976,0.8932784012222227
4332,9516,0.9115947519429032
4332,1439,0.9615014101369314
4332,2212,0.9312038999040311
4332,7127,0.8512404544477207
4332,2867,0.9089362074698472
4332,4046,0.9081267685798525
4332,1265,0.8786662926752363
4332,1051,0.9312580658433827
4332,63940,0.9035512731197625
4332,7846,0.891991338605495
4332,407008,0.8773148427977452
4332,4689,0.9136293044035146
4332,101,0.8957173170888083
4332,8031,0.9323845434620055
4332,4814,0.9042569851587094
4332,83719,0.9231641394277466
4332,80325,0.9267908351425597
4332,51312,0.8910167695563775
4332,2752,0.9017219791344742
4332,79143,0.9456120271569224
4332,29992,0.9086783886036086
4332,27128,0.921380683688991
4332,23214,0.9500937923767345
4332,4084,0.9808383863085712
4332,8334,0.9518354690804818
4332,6386,0.9455409759684095
4332,6648,0.9576132629858263
4332,54458,0.9274761939574954
4332,5777,0.8509813359156829
4332,978,0.8972303829951628
4332,677,0.8702603729583535
4332,60675,0.8610154513980355
4332,64581,0.8657995350322464
4332,116496,0.8647232632676471
4332,7454,0.9312362535926925
4332,963,0.8551926005044224
4332,23401,0.9164504008354325
4332,10487,0.8662812417537871
4332,8349,0.8897911852448589
4332,3303,0.8955068938909178
4332,2358,0.9306051308046107
4332,6398,0.8653175213364134
4332,57580,0.8790334694314811
4332,170954,0.9523441883500425
4332,271,0.8884340502505919
4332,126364,0.9134422249163372
4332,7132,0.9101861343517359
4332,146225,0.9024889135036702
4332,6397,0.9565338839248105
4332,65220,0.9759762658347875
4332,7879,0.88979886434882
4332,6653,0.857132914951089
4332,752,0.9233079640919456
4332,54518,0.885246267830864
4332,116985,0.9063038471382034
4332,55911,0.8933187684225659
4332,79930,0.8553625558795814
4332,87,0.951183192297618
4332,51291,0.9419899763497552
4332,26020,0.9407120032061247
4332,3310,0.9380122904197661
4332,9770,0.9235705084576726
4332,55196,0.8951183107910629
4332,1912,0.9092905992235543
4332,1032,0.9308218565907441
4332,115727,0.9327422843251136
4332,53829,0.9443767405937945
4332,4947,0.9488283720411094
4332,5724,0.9028739506522292
4332,162466,0.8617451186849613
4332,56905,0.9257460517440569
4332,84649,0.86079644956286
4332,8301,0.9483700769400404
4332,4067,0.9528964101105338
4332,5089,0.9473702173017444
4332,51170,0.9400583921124943
4332,100507006,0.9066598744277895
4332,9260,0.9334830839535757
4332,23558,0.9669983314202284
4332,126308,0.8847395341091858
4332,9961,0.8870974725160153
4332,100500853,0.9246527174360689
4332,112268246,0.8795015826555316
4332,53917,0.8911911441894665
4332,10261,0.9384634565954788
4332,8650,0.9458730953162962
4332,23347,0.8970862398473067
4332,25797,0.9082253847099748
4332,54210,0.9096932311008432
4332,9750,0.8705402277250983
4332,5899,0.9491823767122766
4332,150372,0.8669683465205208
4332,339287,0.9407025674924281
4332,55313,0.9576125227747726
4332,2790,0.9101565333020373
4332,284996,0.9599017411555012
4332,1955,0.9106971777803566
4332,254896,0.9630430398319005
4332,4210,0.9736206809411345
4332,9170,0.9030722338276652
4332,89849,0.9512864465156573
4332,8778,0.9389008319011782
4332,54918,0.8784637636347616
4332,3482,0.8983680354216841
4332,8338,0.8675069211525892
4332,84658,0.9258446854792199
4332,120892,0.9693380193538357
4332,100507419,0.8634687680991027
4332,283349,0.9496035549793622
4332,7295,0.8677912834690098
4332,7090,0.9478644260586085
4332,8843,0.8807047868134888
4332,81628,0.9177167716534013
4332,389541,0.8598650599620278
4332,22904,0.9048444572557622
4332,9103,0.8974198177395039
4332,9111,0.9304711477779656
4332,1084,0.9581942805500512
4332,26578,0.8701601748878569
4332,552891,0.9097827204980935
4332,8125,0.9336749855635127
4332,23258,0.9599913782725815
4332,26234,0.9390337062039166
4332,25801,0.9022242662049438
4332,338442,0.9103835530611327
4332,83931,0.9531764009680267
4332,144423,0.9478557839754451
4332,80301,0.8856911447491226
1441,6402,0.8913523626857592
1441,2357,0.9770249962005979
1441,10135,0.9257620053871639
1441,5552,0.8745986167903188
1441,102465993,0.9080686921709423
1441,3936,0.8608420756729973
1441,3579,0.9266683217666913
1441,8407,0.8926846283026528
1441,440926,0.9493223672531828
1441,8794,0.9265412182515126
1441,653361,0.8624029005892291
1441,4688,0.9383397041572962
1441,366,0.9578014371797355
1441,10409,0.9539584826839155
1441,3577,0.9547504914954602
1441,7940,0.905017470069423
1441,2124,0.916698849635963
1441,728,0.9092057714608351
1441,397,0.9086110637434321
1441,3020,0.9476712602872134
1441,3385,0.9265237496829287
1441,4542,0.925145449044204
1441,654817,0.8680362162683642
1441,8875,0.9102299811219128
1441,3687,0.9464131521160345
1441,409,0.9519429980221277
1441,11151,0.86530464021322
1441,91300,0.9299169339122583
1441,120425,0.9453234445401832
1441,597,0.8957788469745265
1441,7408,0.9745182166108152
1441,654816,0.8753775725390355
1441,51734,0.9805074470823875
1441,2180,0.9256220704757201
1441,64386,0.9732766212689321
1441,64744,0.9037225687966594
1441,3059,0.9592650508737187
1441,976,0.9092757868023444
1441,64115,0.9172379392480636
1441,9516,0.922363303837944
1441,1439,0.9292644949588655
1441,2212,0.9743106615021021
1441,4046,0.9226994939683966
1441,1265,0.9558024882896028
1441,1051,0.9180809945073238
1441,63940,0.9630527270905194
1441,7846,0.8513246028415999
1441,407008,0.951847917477032
1441,4689,0.9811210752054806
1441,101,0.8772915459857088
1441,6404,0.8939959447137336
1441,4814,0.8546689779056045
1441,290,0.8962221467748376
1441,83719,0.8886495019716807
1441,80325,0.9502453258139929
1441,51312,0.944801514580945
1441,241,0.91428104896387
1441,79143,0.9822050362987085
1441,29992,0.8796061422963886
1441,27128,0.9687750888817649
1441,23214,0.9462918161066601
1441,4084,0.9295680161425929
1441,240,0.9171601453107998
1441,8334,0.8724906225420804
1441,6386,0.941114600229159
1441,6648,0.9053635671747429
1441,54458,0.9800263814496212
1441,5777,0.8906396689006028
1441,978,0.9389754147793138
1441,60675,0.9021447389091154
1441,116496,0.9123212008586749
1441,7454,0.9672214640585319
1441,963,0.9149289438070116
1441,23401,0.9549598519341046
1441,10487,0.8997388978939511
1441,3303,0.9172898806595904
1441,2358,0.9481443431882841
1441,6398,0.8839910349519194
1441,170954,0.9372348359693539
1441,126364,0.9450875690983421
1441,7132,0.967065144611109
1441,55505,0.9007439453987589
1441,146225,0.9250162244921623
1441,6397,0.9008468992348357
1441,65220,0.9107336154115049
1441,7879,0.9138105494215724
1441,6653,0.8932167375007232
1441,752,0.8752601390362593
1441,54518,0.9438285773659691
1441,116985,0.9198934182703129
1441,55911,0.9343491517320609
1441,8291,0.9138234501382665
1441,79930,0.9519664046753724
1441,87,0.9422210967101134
1441,51291,0.9348963235285445
1441,8698,0.8831203111386443
1441,26020,0.9357265377150599
1441,3310,0.9334783844074529
1441,9770,0.9163791484737355
1441,1912,0.975040454006672
1441,1032,0.9304381814066192
1441,115727,0.9664156481326489
1441,53829,0.9451557778462518
1441,7462,0.8671464193389009
1441,4947,0.9058638119376731
1441,5724,0.9131649152528257
1441,133,0.9021597388673205
1441,56905,0.8692313406233233
1441,84649,0.9581562035445749
1441,11240,0.9176549249523757
1441,8301,0.9160288632640692
1441,4067,0.9180651855380335
1441,5089,0.8573238641974694
1441,51170,0.9005417217026617
1441,2885,0.8528191557787009
1441,9260,0.969480248197913
1441,23558,0.9462044083455614
1441,126308,0.9096447257835799
1441,140885,0.8907305556919741
1441,9961,0.9000815432872175
1441,100500853,0.9454565214673897
1441,112268246,0.9700866507471299
1441,10261,0.9452723727690641
1441,8650,0.9425691501281015
1441,25797,0.8786562935446879
1441,5899,0.9471983658411067
1441,150372,0.9146254954864209
1441,339287,0.8951759595173142
1441,55313,0.8997032114914266
1441,10312,0.8764170875883797
1441,2790,0.9347559474838679
1441,284996,0.9488631190818585
1441,1955,0.8687117183712476
1441,254896,0.9169239009191237
1441,4210,0.9152606112630486
1441,9170,0.9383656290706089
1441,89849,0.9306848242477925
1441,8778,0.9210655233011564
1441,8972,0.8580460730239661
1441,54918,0.8617478520778009
1441,120892,0.896557978009647
1441,100507419,0.9169129970502602
1441,283349,0.8862016230237548
1441,829,0.8782358462794235
1441,7295,0.9238079808889855
1441,7090,0.9121593342295584
1441,81628,0.9083456504997728
1441,22904,0.9493104455344585
1441,9103,0.9372589466516463
1441,1084,0.9317013019328507
1441,26578,0.8778100971890647
1441,552891,0.9344459445513636
1441,6195,0.9118874741435375
1441,8125,0.9315771337187096
1441,23258,0.8774607622453495
1441,26234,0.9194198279507602
1441,23569,0.8898754460029711
1441,25801,0.9528974482076239
1441,83931,0.9060762011435785
1441,144423,0.9496482377513504
1441,80301,0.9362655237224162
6402,10135,0.9044566058573593
6402,102465993,0.8552043498261213
6402,3579,0.8989543605536126
6402,440926,0.8892383178234625
6402,8794,0.9102988533745879
6402,653361,0.9069213457863637
6402,4688,0.8810154800022898
6402,366,0.8993620197565337
6402,10409,0.8712993542167534
6402,3577,0.8901916534187266
6402,2124,0.9110902485878669
6402,728,0.8534187845387117
6402,3020,0.8890549348028772
6402,654817,0.91611075720481
6402,8875,0.8585358487143704
6402,91300,0.8568918338653867
6402,120425,0.8509368231582493
6402,7408,0.884648894224787
6402,654816,0.9152446210827108
6402,51734,0.8643185791045992
6402,2180,0.9046769078584589
6402,64386,0.8729407780623806
6402,9516,0.857310091044462
6402,1439,0.9080563031949181
6402,2212,0.9144356150470183
6402,2867,0.918740308866836
6402,1265,0.8695128845437955
6402,1051,0.8589599851894886
6402,63940,0.8704326949836265
6402,4689,0.8726281659679279
6402,80325,0.8551103260553388
6402,51312,0.8574212290252848
6402,79143,0.8826101889465724
6402,27128,0.8695651740942217
6402,23214,0.911462126194512
6402,4084,0.9436361355671474
6402,8334,0.8955281360732054
6402,6386,0.8877770220329895
6402,6648,0.8853507918274832
6402,54458,0.8785825695194934
6402,978,0.8514636101027406
6402,116496,0.8538579174337046
6402,7454,0.8656369640481919
6402,23401,0.8635907953689023
6402,8349,0.8530629039400661
6402,3303,0.8792641727133393
6402,2358,0.8870723300329333
6402,170954,0.8876989111119127
6402,7132,0.8635082680431478
6402,6397,0.8700242150682966
6402,65220,0.941707504358803
6402,752,0.8504930620955689
6402,54518,0.8847226923751444
6402,55911,0.8521369841520782
6402,87,0.9167219031396653
6402,51291,0.8992267126832612
6402,26020,0.89622493176444
6402,3310,0.8965555486700976
6402,9770,0.8533558028904505
6402,55196,0.8666240523401725
6402,1912,0.8535190183418271
6402,1032,0.8629131561141419
6402,115727,0.8730494740700535
6402,53829,0.9029379860717669
6402,51246,0.8714646914305981
6402,8301,0.8964694691660801
6402,4067,0.8886285313304114
6402,5089,0.8814320237212547
6402,51170,0.8548511517135009
6402,100507006,0.8510200661598862
6402,9260,0.859695368094115
6402,23558,0.9134650665996119
6402,9961,0.8671612455496507
6402,100500853,0.8666171333373609
6402,53917,0.8585613715548085
6402,10261,0.8943432867998502
6402,8650,0.8993343019806297
6402,23347,0.9071252140403387
6402,9750,0.8604201917350301
6402,5899,0.9055952926423793
6402,339287,0.8966582206171988
6402,55313,0.8522373597608122
6402,284996,0.9069281310268233
6402,254896,0.898809209186394
6402,4210,0.9443803692971727
6402,9170,0.8692950228941971
6402,89849,0.8776570097549155
6402,8778,0.9237880491174201
6402,120892,0.9299278118778435
6402,283349,0.8752640837948608
6402,7090,0.8895540433450662
6402,81628,0.8600131371553652
6402,22904,0.886086958171415
6402,9103,0.8756242503176027
6402,9111,0.9287136290388515
6402,1084,0.9119456224556235
6402,8125,0.8611943407158474
6402,23258,0.9061443340022092
6402,26234,0.8809668534054228
6402,25801,0.8808425344137932
6402,83931,0.8699649390777049
6402,144423,0.8688366010213824
2357,10135,0.9096359109485603
2357,5552,0.8873738590492358
2357,102465993,0.883961315818494
2357,3936,0.8515449278146336
2357,3579,0.9157964768647217
2357,8407,0.9233355929783754
2357,440926,0.9611148090087067
2357,8794,0.9125625714026921
2357,4688,0.9265662332813012
2357,366,0.9509515230857295
2357,10409,0.9464041702986997
2357,3577,0.9446156650806988
2357,6286,0.875714552028723
2357,7940,0.9274620263300846
2357,2124,0.900304885794343
2357,728,0.9083412792865249
2357,397,0.9409086358065274
2357,3020,0.9577540977154989
2357,3385,0.9396249665593371
2357,4542,0.9158404766349136
2357,8875,0.8977870660379293
2357,3687,0.9272961636711041
2357,409,0.935685504076734
2357,11151,0.8752717971023665
2357,91300,0.9334031902841111
2357,120425,0.945117037122307
2357,597,0.892186113525244
2357,7408,0.9709916618195176
2357,51734,0.9850011476188131
2357,2180,0.8894022592150136
2357,64386,0.9570129107808387
2357,64744,0.9080131555486279
2357,3059,0.9674017343786847
2357,976,0.8949911541972174
2357,64115,0.9116081004188255
2357,9516,0.9163528923092578
2357,1439,0.9087901035141963
2357,2212,0.9521513708700099
2357,4046,0.903616753524216
2357,1265,0.9497784162158459
2357,1051,0.9145821980411553
2357,63940,0.9550176201301694
2357,407008,0.9527544156206402
2357,4689,0.9813122436340485
2357,101,0.8623631313001562
2357,6404,0.9000374016537004
2357,4814,0.8578649730156513
2357,290,0.8890569139309522
2357,83719,0.89794999540383
2357,80325,0.951132637478529
2357,51312,0.9239592228692182
2357,241,0.9380227901726866
2357,79143,0.972463935936961
2357,29992,0.8785220845510137
2357,27128,0.9550342968070747
2357,23214,0.9314621263415686
2357,4084,0.8994007304214134
2357,240,0.888715901863995
2357,8334,0.8607109671634976
2357,6386,0.9428714364612405
2357,6648,0.9077681185806274
2357,54458,0.9772925000525412
2357,5777,0.870316976619455
2357,978,0.9233131755385415
2357,60675,0.8923436148408177
2357,116496,0.8925787908459359
2357,7454,0.959697287559295
2357,963,0.9179214810905225
2357,23401,0.9546792252265491
2357,10487,0.9004092514519229
2357,3303,0.9003269629590503
2357,2358,0.9518227287068137
2357,6398,0.8659964904062266
2357,170954,0.9268333875528614
2357,126364,0.9497546470108996
2357,7132,0.9565636658524219
2357,55505,0.9237627611417705
2357,146225,0.9565616031633558
2357,6397,0.8946843944131042
2357,65220,0.8766525488874318
2357,7879,0.9130293452309332
2357,6653,0.8810791978516489
2357,533,0.8573618166652812
2357,54518,0.9286924784162864
2357,116985,0.9200374108930683
2357,55911,0.9135624527891546
2357,8291,0.8768291580348951
2357,79930,0.9322633759735304
2357,87,0.9244038072756849
2357,51291,0.90976697998749
2357,8698,0.9001660090475133
2357,26020,0.9210845734987725
2357,3310,0.9275527675827243
2357,9770,0.9138540379676124
2357,1912,0.9795669352281895
2357,1032,0.9204553495419492
2357,115727,0.9540201218715365
2357,53829,0.9308882739188352
2357,7462,0.859849725047086
2357,4947,0.9288103202989593
2357,5724,0.9229792165420283
2357,133,0.897953148310901
2357,84649,0.9734043057417111
2357,11240,0.8953969182266737
2357,8301,0.9030078714887778
2357,4067,0.9039200213015082
2357,51170,0.9152439944184022
2357,2885,0.8540911022024716
2357,9260,0.9680435710068535
2357,23558,0.9282512722585532
2357,126308,0.8927912294742196
2357,140885,0.8848857594088055
2357,9961,0.8721071210368637
2357,100500853,0.9514352267461008
2357,112268246,0.966748430328296
2357,10261,0.9373278142102476
2357,8650,0.9267413898431508
2357,25797,0.8934128948008082
2357,5899,0.9425632699439532
2357,150372,0.8995169236356827
2357,339287,0.8832533376644652
2357,55313,0.90243097445364
2357,10312,0.8550625649045609
2357,2790,0.9511828305931895
2357,284996,0.9372379997811756
2357,1955,0.8649247481823956
2357,254896,0.9066957428678653
2357,4210,0.8724647554251004
2357,9170,0.9259902604856187
2357,89849,0.9102906350313358
2357,8778,0.8783096191781316
2357,54918,0.8759558116918654
2357,120892,0.8670767702606154
2357,100507419,0.8933549136182218
2357,283349,0.8890744088771374
2357,829,0.8700739485090946
2357,7295,0.947744167967411
2357,7090,0.8862316456901563
2357,81628,0.8909886377312435
2357,389541,0.8558774813857933
2357,22904,0.9240922837110095
2357,9103,0.9096036639788501
2357,1084,0.917615026888109
2357,26578,0.8856917945332161
2357,552891,0.9508631509962909
2357,6195,0.9208893706718768
2357,8125,0.9429889931017689
2357,23258,0.8576664453411998
2357,26234,0.9096328133455606
2357,23569,0.8826493805699732
2357,25801,0.9496478197391579
2357,83931,0.8995008797995778
2357,144423,0.9477320609746456
2357,80301,0.9239033343806708
10135,5552,0.9265223604956434
10135,102465993,0.8934022135793531
10135,3936,0.8824279725858022
10135,3579,0.9393442225542394
10135,8407,0.856544164353069
10135,440926,0.9443306157324121
10135,8794,0.9388695973695986
10135,723790,0.8537373599360921
10135,8337,0.8532425480151669
10135,4688,0.9251709019194475
10135,366,0.9763475505213051
10135,10409,0.9633428300220552
10135,3577,0.9107525915354414
10135,2124,0.9249324672489916
10135,728,0.9339459460662457
10135,3020,0.9504776353186375
10135,3385,0.8638688210015416
10135,4542,0.8938608251556851
10135,8875,0.9342320463260918
10135,3687,0.9164286575011841
10135,409,0.8886811531425524
10135,91300,0.8904330087584965
10135,120425,0.878979957627114
10135,597,0.9230661520102127
10135,7408,0.9446777581698143
10135,51734,0.9044215648786132
10135,2180,0.9679679293492086
10135,64386,0.9360688003064168
10135,64744,0.8586835997249039
10135,3059,0.8852819901338459
10135,976,0.8651105734418337
10135,9516,0.9274409470523012
10135,1439,0.9590368003164809
10135,2212,0.9658288776950665
10135,4046,0.8864344587115669
10135,1265,0.8939184453123683
10135,1051,0.943483129726575
10135,63940,0.890224823787041
10135,7846,0.8888307307024045
10135,4689,0.9199043508373473
10135,101,0.8841159163612028
10135,290,0.8531517545381538
10135,80325,0.8839009307162791
10135,51312,0.9114317579621465
10135,5788,0.8656338066283639
10135,2752,0.9110421262020365
10135,79143,0.9242105965698365
10135,29992,0.8508067512793802
10135,27128,0.9455206609489325
10135,23214,0.9351142258766152
10135,4084,0.9514616344694021
10135,240,0.8817329153804392
10135,8334,0.8928429228720198
10135,6386,0.9735500966772611
10135,6648,0.9548216710295891
10135,54458,0.917057241258935
10135,5777,0.8521819448014023
10135,978,0.8628543884614893
10135,677,0.877902370373603
10135,60675,0.9357573209744863
10135,116496,0.9572175223685649
10135,7454,0.8980057144282491
10135,963,0.8761377505687052
10135,23401,0.9045435393928237
10135,10487,0.8998126314469109
10135,8349,0.856461640677382
10135,3303,0.8897841498610026
10135,2358,0.9464318195051136
10135,57580,0.8616651692342455
10135,170954,0.9293207646474854
10135,126364,0.8966423932432749
10135,7132,0.8754966040286916
10135,146225,0.8634696708183094
10135,6397,0.9066717923466494
10135,65220,0.8956020946701735
10135,7879,0.9080612793978718
10135,6653,0.910903887564275
10135,752,0.8835524795503896
10135,54518,0.9297205344418551
10135,4615,0.8504784061574621
10135,2533,0.8565572490751205
10135,116985,0.869642578658089
10135,55911,0.9003040106839905
10135,8291,0.9065238763660767
10135,604,0.8705267005008114
10135,79930,0.9125043256619243
10135,8826,0.9059658990374332
10135,87,0.9522755835175523
10135,51291,0.9485201134808532
10135,26020,0.9204976098860039
10135,3310,0.9194773804957699
10135,9770,0.9149471363531045
10135,1912,0.9048998287027791
10135,1032,0.931696775864452
10135,115727,0.9337692018363579
10135,53829,0.9066329770278999
10135,4947,0.8914435567229432
10135,5724,0.8739166042922621
10135,133,0.9317019345111532
10135,56905,0.8822519089468464
10135,84649,0.899577608992134
10135,11240,0.9084900738167044
10135,8301,0.9595830115173448
10135,4067,0.9575810156184981
10135,5089,0.8832189861385851
10135,51170,0.920889586412809
10135,9260,0.907828814000505
10135,23558,0.9131266183910373
10135,126308,0.8515627265663168
10135,140885,0.8706344692840094
10135,100500853,0.9378027027025907
10135,112268246,0.8517547656526753
10135,10261,0.9052301879055388
10135,8650,0.96458152488764
10135,25797,0.9093794662117279
10135,54210,0.8663985586929205
10135,9750,0.87241776610546
10135,5899,0.9743644767625964
10135,339287,0.9341352747169055
10135,55313,0.9022416840279097
10135,2790,0.9584274969430355
10135,284996,0.9770478239151791
10135,1955,0.9126472331370596
10135,254896,0.9337456680855726
10135,4210,0.9192803550162455
10135,9170,0.8834099140868515
10135,89849,0.8711135881838213
10135,8778,0.9291192533443545
10135,8972,0.8873422906880271
10135,54918,0.891079742959993
10135,3482,0.858069472061103
10135,84658,0.867420245483745
10135,120892,0.9289402485142281
10135,100507419,0.8986952226833705
10135,283349,0.9331051407419059
10135,829,0.882059730788304
10135,7295,0.8707711256943905
10135,7090,0.9435809035309412
10135,81628,0.8722765751300203
10135,22904,0.9393555676918566
10135,9103,0.9292989240892345
10135,9111,0.8543367529894597
10135,1084,0.8905176837067906
10135,26578,0.9131635141164697
10135,552891,0.9585699186331655
10135,8125,0.9197782776669489
10135,23258,0.9245887974127301
10135,26234,0.9662623142200265
10135,25801,0.9568267292068073
10135,338442,0.854922107611648
10135,83931,0.8877457949993945
10135,144423,0.9530470515659006
10135,80301,0.876125096966985
102465993,5552,0.9046270639704422
102465993,3936,0.8912011742495938
102465993,3579,0.8996660482622582
102465993,8407,0.8779945784155259
102465993,440926,0.925053985420494
102465993,8794,0.9018013117085832
102465993,4688,0.9288376617438584
102465993,366,0.8982226953368634
102465993,10409,0.8926498132775196
102465993,3577,0.8654156740844776
102465993,7940,0.8761675083404409
102465993,2124,0.930401196191084
102465993,728,0.9409010569797809
102465993,3020,0.9299998577602947
102465993,3385,0.9111816027424077
102465993,4542,0.9447926652801172
102465993,8875,0.899121774895381
102465993,3687,0.9269874336802165
102465993,409,0.9136859522160387
102465993,120425,0.9087178549325783
102465993,597,0.8608126177639643
102465993,7408,0.9392454923918507
102465993,51734,0.8951418433025146
102465993,64386,0.9009713614337709
102465993,64744,0.8614603810972986
102465993,3059,0.920895934257788
102465993,976,0.8985664538612326
102465993,64115,0.905058665244883
102465993,9516,0.8756882111859832
102465993,1439,0.9186819114063065
102465993,2212,0.900830293869312
102465993,4046,0.9931663186650257
102465993,1265,0.8553296114040069
102465993,1051,0.9203893312811351
102465993,63940,0.8798835277508515
102465993,7846,0.8718809391541847
102465993,407008,0.8808380347871
102465993,4689,0.8975091954037308
102465993,2771,0.899733106668392
102465993,101,0.8975681604653448
102465993,8031,0.8772167529828884
102465993,4814,0.918481360157034
102465993,290,0.9063557412901903
102465993,83719,0.8687427875359723
102465993,80325,0.9042886873216489
102465993,2752,0.8876456209729072
102465993,79143,0.9200835646066439
102465993,29992,0.9365087105154367
102465993,27128,0.8853280928349668
102465993,5093,0.8911106785490268
102465993,23214,0.8868794205402332
102465993,4084,0.9232538553433716
102465993,8334,0.866042588363827
102465993,6386,0.9298682874927453
102465993,6648,0.9132701830172996
102465993,54458,0.932360930473883
102465993,978,0.9291890505781181
102465993,677,0.8550271106487713
102465993,64581,0.8506461144082774
102465993,7454,0.9443479102255398
102465993,963,0.8521213477454134
102465993,23401,0.8822482823078667
102465993,10487,0.9065217111849312
102465993,9802,0.9034727029502233
102465993,9473,0.870580387792735
102465993,2358,0.8776214423586803
102465993,57580,0.9049080137750138
102465993,170954,0.929493382462851
102465993,271,0.8969022213623445
102465993,126364,0.9243817715559539
102465993,7132,0.8847331981873925
102465993,55505,0.870347236553877
102465993,146225,0.8711856088232449
102465993,6397,0.920074291300412
102465993,65220,0.8972605486557836
102465993,7879,0.9486392126932821
102465993,6653,0.8632080444108335
102465993,752,0.9343374019471575
102465993,533,0.8911745836656126
102465993,54518,0.8834460022019194
102465993,116985,0.9379770970722611
102465993,55911,0.9220238549947342
102465993,79930,0.9001449475079087
102465993,8826,0.8832114877497668
102465993,87,0.9079417863089452
102465993,51291,0.9447460569396755
102465993,26020,0.9171668337718107
102465993,3310,0.8692313143716467
102465993,9770,0.9265045516096545
102465993,1912,0.9191440814187347
102465993,1032,0.9004979495070009
102465993,115727,0.9407306230663126
102465993,53829,0.8852699116009763
102465993,7462,0.8727509142881167
102465993,4947,0.9129143112329137
102465993,5724,0.9116963079443482
102465993,56905,0.9155339298805184
102465993,84649,0.863419476530212
102465993,8301,0.9418550647802711
102465993,4067,0.925286275054307
102465993,5089,0.8809584158881281
102465993,51170,0.9085879645575257
102465993,2885,0.8583013291224365
102465993,9260,0.9338813796967845
102465993,23558,0.9203933132556766
102465993,126308,0.9109407283929329
102465993,140885,0.8666332702239119
102465993,9961,0.8535908279842264
102465993,100500853,0.9228648386745668
102465993,112268246,0.8551417947455512
102465993,10261,0.8919220137656059
102465993,8650,0.9339414382713646
102465993,25797,0.9102161167129676
102465993,54210,0.8775622395255692
102465993,5899,0.9196676191901275
102465993,150372,0.896925665289769
102465993,339287,0.8875118410756445
102465993,55313,0.9381912749221978
102465993,10312,0.8933351962371964
102465993,2790,0.8556872950465273
102465993,284996,0.9126074161316816
102465993,1955,0.9352899006391064
102465993,6778,0.9117287597043767
102465993,254896,0.9025762964639175
102465993,5175,0.876826278355593
102465993,4210,0.909120366643802
102465993,9170,0.8827232149253168
102465993,89849,0.9152589425606901
102465993,8778,0.8852585940834765
102465993,54918,0.8950140205412362
102465993,3482,0.9012865170433383
102465993,84658,0.8814371255927314
102465993,120892,0.9129673766089598
102465993,100507419,0.8706007663847891
102465993,3927,0.9016541606944135
102465993,283349,0.8978235418166801
102465993,7295,0.8805141954993141
102465993,7090,0.935767796722022
102465993,257106,0.8718097911922941
102465993,81628,0.9095542351292253
102465993,22904,0.8870637187262889
102465993,9103,0.8915496586280839
102465993,1084,0.8652000548979233
102465993,26578,0.8993126404744304
102465993,552891,0.8560448936882686
102465993,8125,0.9457549890735394
102465993,23258,0.9072979242626917
102465993,26234,0.9181906552635986
102465993,5878,0.904261042306368
102465993,23569,0.8960592143851304
102465993,25801,0.8665119762018793
102465993,338442,0.8567454325195827
102465993,83931,0.9245088881235133
102465993,144423,0.9335011716216269
102465993,80301,0.8810468991121848
3579,5552,0.8664962679463455
3579,8407,0.9357773146697873
3579,440926,0.9546648374636637
3579,8794,0.9907872212367157
3579,723790,0.8718368414424644
3579,8337,0.8707479982064179
3579,4688,0.9160994042089434
3579,366,0.9600506202254683
3579,10409,0.9393631322288367
3579,3577,0.9657432248782105
3579,2124,0.9240714902813368
3579,728,0.9114531760778576
3579,3020,0.9586793758862515
3579,3385,0.9505370008708114
3579,4542,0.932261550348864
3579,654817,0.8558869287591462
3579,8875,0.9038104541056013
3579,3687,0.912296999807842
3579,409,0.8604377235296062
3579,91300,0.9532841661061208
3579,120425,0.8991134958806793
3579,7408,0.9416025403724464
3579,654816,0.8564738553697344
3579,51734,0.9276063412052833
3579,2180,0.901322807875542
3579,64386,0.9442772376485845
3579,64744,0.8947822296904709
3579,3059,0.8807857324209436
3579,976,0.8919881589579222
3579,9516,0.9644899639786404
3579,1439,0.9768428320372372
3579,2212,0.9371424788500832
3579,4046,0.8933786838255559
3579,1265,0.916428920866829
3579,1051,0.9422506194527411
3579,63940,0.9217277409420276
3579,407008,0.877514600017957
3579,4689,0.9293762138088248
3579,101,0.930646550338669
3579,8031,0.9188592288465981
3579,4814,0.8697440481042479
3579,83719,0.9471798899431755
3579,80325,0.9587670855374348
3579,51312,0.9254130741835496
3579,5788,0.8507620317095814
3579,2752,0.8574288237927479
3579,79143,0.9598353475377047
3579,29992,0.8606979558747041
3579,27128,0.9460649366336837
3579,23214,0.9850360879911383
3579,4084,0.9637776015479363
3579,8334,0.9505832800621145
3579,6386,0.9418753043493885
3579,6648,0.9622182898049013
3579,54458,0.9217516692228535
3579,978,0.8745158270229471
3579,60675,0.9183299102328911
3579,116496,0.9217824756196622
3579,7454,0.9200142085165233
3579,23401,0.9487962384089287
3579,10487,0.8641795523209074
3579,8349,0.8717579722305085
3579,3303,0.8757430674855973
3579,2358,0.9521838327762498
3579,57580,0.9159630985484081
3579,1116,0.8571605131536509
3579,170954,0.9633496155966316
3579,271,0.8567097987556547
3579,126364,0.8932609335628491
3579,7132,0.9136264354251833
3579,146225,0.9272166615797808
3579,10957,0.8535986182321619
3579,6397,0.9712789938701399
3579,65220,0.9320757548987402
3579,7879,0.8766212102513218
3579,6653,0.9172593364943834
3579,752,0.9274666034903328
3579,54518,0.9007516333075951
3579,57153,0.8864278219248176
3579,116985,0.8963763558789251
3579,55911,0.8848136435798486
3579,79930,0.8655133992366476
3579,8826,0.8581895266098394
3579,87,0.9711658708681793
3579,51291,0.9545609032065666
3579,26020,0.9801443777280174
3579,3310,0.9501581132899997
3579,9770,0.9137072807804321
3579,55196,0.9181745040654268
3579,1912,0.9215308730920833
3579,1032,0.9299526342752418
3579,115727,0.9216715066270343
3579,7456,0.8851029575479443
3579,53829,0.9528243029480724
3579,4947,0.9333995853155282
3579,5724,0.8795625092545956
3579,162466,0.87896742454593
3579,56905,0.8832395778189961
3579,84649,0.911985873297491
3579,11240,0.8667687166628282
3579,8301,0.922089089103412
3579,4067,0.9349200320891174
3579,5089,0.9561197943820944
3579,51170,0.9062345334573217
3579,100507006,0.8560849555001934
3579,9260,0.9490138011091582
3579,23558,0.9661900754365061
3579,126308,0.8952663310222035
3579,9961,0.8631540145508803
3579,100500853,0.9421364283010029
3579,112268246,0.8901058577754635
3579,10261,0.9142152242936276
3579,8650,0.9479695974181309
3579,23347,0.8615774229252859
3579,25797,0.9233696946115767
3579,54210,0.8767526903570928
3579,9750,0.9288273517351257
3579,5899,0.9423528215331564
3579,339287,0.9740582469674169
3579,55313,0.9416438726198412
3579,2790,0.9390115353671125
3579,284996,0.9704792687689929
3579,1955,0.8941558829997303
3579,6778,0.8621382041538049
3579,254896,0.9874755127965112
3579,4210,0.9484415363090751
3579,9170,0.9239722239372089
3579,89849,0.9416330747682852
3579,8778,0.9367913190950272
3579,3482,0.9323297429473718
3579,8338,0.8634559004296641
3579,84658,0.9489121597453322
3579,120892,0.9494505402831873
3579,100507419,0.925443221295483
3579,283349,0.9675269318622858
3579,7295,0.8808030447813171
3579,7090,0.9421824630682791
3579,257106,0.8573574638257658
3579,8843,0.858521045968784
3579,81628,0.9381327490797942
3579,22904,0.9343787952679875
3579,9103,0.8770089743531257
3579,9111,0.8648878550102288
3579,1084,0.9531515387865893
3579,26578,0.8807460800180662
3579,552891,0.938821391670386
3579,89846,0.9065689933633242
3579,8125,0.9399158649326894
3579,23258,0.9390707374156032
3579,26234,0.9298203987409809
3579,25801,0.9182124831149246
3579,338442,0.8917403538994484
3579,83931,0.9657581442579148
3579,144423,0.9551062405073282
3579,80301,0.8591653166935129
8407,440926,0.9430575909438372
8407,8794,0.9264757217122885
8407,4688,0.8889055680808071
8407,366,0.8993696606056706
8407,10409,0.8772710688535145
8407,3577,0.9197256350522511
8407,7940,0.8753380270275495
8407,2124,0.8911797291390369
8407,728,0.8952827383893646
8407,397,0.883804884197172
8407,3020,0.9425406739786399
8407,3385,0.9560154885083645
8407,4542,0.8947790865722505
8407,3687,0.8629740885618539
8407,91300,0.9436027596727817
8407,120425,0.9040699641125798
8407,7408,0.9175697800053435
8407,51734,0.9199176851614833
8407,64386,0.8958156966034008
8407,64744,0.909916136578129
8407,3059,0.8784156425802641
8407,976,0.8661249158606524
8407,9516,0.8874142151784584
8407,1439,0.9021003621828985
8407,2212,0.8724094164896762
8407,4046,0.8837046346537084
8407,1265,0.8887140159541139
8407,1051,0.8960996993069138
8407,63940,0.9034441189208509
8407,407008,0.886597646466114
8407,4689,0.9161154678770376
8407,101,0.8739487606343643
8407,8031,0.9172932454372623
8407,4814,0.8858277121868311
8407,83719,0.9414998170261527
8407,80325,0.9477187484491212
8407,51312,0.8911344071134565
8407,79143,0.9338863515606718
8407,29992,0.8726583822021341
8407,27128,0.8848003984190739
8407,23214,0.9229991526577509
8407,4084,0.8987606881787247
8407,8334,0.9031458230569513
8407,6386,0.9008216074987196
8407,6648,0.9144149272446374
8407,54458,0.9060355808269018
8407,978,0.8838392982850183
8407,7454,0.9051179049891369
8407,23401,0.9198088030086083
8407,2358,0.8999897855297365
8407,1116,0.8941006265078554
8407,170954,0.9205363208652999
8407,271,0.8658518907985824
8407,126364,0.9055587063702573
8407,7132,0.8957979928422766
8407,55505,0.8611136068865266
8407,146225,0.9428237571389874
8407,6397,0.9293031244433819
8407,65220,0.8862903390839354
8407,7879,0.8566870036521719
8407,752,0.8598417017267961
8407,116985,0.899099585446801
8407,87,0.9079984057232305
8407,51291,0.8837950450873954
8407,26020,0.9203587597047385
8407,3310,0.8967525903272359
8407,9770,0.8980205223909254
8407,1912,0.9276796304012739
8407,1032,0.8947233972657536
8407,115727,0.9023209004125201
8407,53829,0.9049836746482937
8407,4947,0.9508311030273681
8407,5724,0.8969484622869965
8407,162466,0.9320118727843248
8407,84649,0.9022559913788887
8407,8301,0.8679711762070685
8407,4067,0.8892683819990633
8407,5089,0.8904998309910033
8407,51170,0.8909180470539189
8407,100507006,0.8602884421468637
8407,9260,0.9495339358863318
8407,23558,0.9371089833746585
8407,126308,0.8834743959799974
8407,100500853,0.9259160160832799
8407,112268246,0.8898020516554623
8407,10261,0.887885882921459
8407,8650,0.8977058321598634
8407,25797,0.9036130575209933
8407,54210,0.8571966151362542
8407,5899,0.9026128083022248
8407,339287,0.8974972936371964
8407,55313,0.938544522914124
8407,2790,0.8951989932984542
8407,284996,0.9041322986820657
8407,1955,0.8617139070640698
8407,6778,0.8567069014279779
8407,254896,0.9251922452929503
8407,4210,0.8685350072748603
8407,9170,0.894065095584753
8407,89849,0.934188230812201
8407,3482,0.8656542358195767
8407,84658,0.9097543543871089
8407,120892,0.8787269245854021
8407,283349,0.9147826295327287
8407,7295,0.8970450862468021
8407,7090,0.8966700102973294
8407,81628,0.8920342648590178
8407,389541,0.8896222969983058
8407,1084,0.9158250665401592
8407,552891,0.8948171122321037
8407,89846,0.858133107640071
8407,8125,0.9314125897000594
8407,23258,0.8740814820255365
8407,26234,0.870384904974028
8407,25801,0.8639738341000942
8407,83931,0.9395100345743812
8407,144423,0.9218900786872783
440926,5997,0.8684250395635029
440926,5552,0.9426265856731592
440926,3936,0.885276761856245
440926,8794,0.9510764794241793
440926,653361,0.853259241096015
440926,4688,0.9669914601009697
440926,366,0.9632695892895456
440926,10409,0.9358019690674014
440926,3577,0.9456821427669813
440926,6286,0.8606554790440362
440926,7940,0.9152208950773829
440926,2124,0.9513235848621796
440926,728,0.9589041243563863
440926,397,0.8941109842478785
440926,3020,0.9986450883638246
440926,3385,0.9466355323395855
440926,4542,0.9451209979785612
440926,654817,0.8601510526034116
440926,8875,0.911211725886611
440926,3687,0.9310579380388754
440926,409,0.9305037277933093
440926,11151,0.8503269678380101
440926,91300,0.9332096604489578
440926,120425,0.9540713956678136
440926,597,0.8942886446156056
440926,7408,0.978931075899126
440926,654816,0.8643577079928411
440926,51734,0.9564179203285579
440926,2180,0.9027824710858626
440926,64386,0.9370965064566263
440926,64744,0.8971300154730801
440926,3059,0.9397391957404113
440926,976,0.911400537575396
440926,64115,0.898609618358047
440926,9516,0.9340489297253023
440926,1439,0.9592434476067763
440926,2212,0.9593160693631567
440926,4046,0.9316792843328628
440926,1265,0.91360180820996
440926,1051,0.9469254685797299
440926,63940,0.9223622185057436
440926,7846,0.901537458783627
440926,407008,0.9238816373006081
440926,4689,0.9558893355630853
440926,2771,0.8630105744486114
440926,101,0.8998759953981833
440926,2217,0.8514003732458899
440926,8031,0.9233494700305798
440926,4814,0.9140208935336241
440926,290,0.8927666946494794
440926,83719,0.9180419562550937
440926,80325,0.9442441571225577
440926,51312,0.9253459783071155
440926,241,0.8658642348196603
440926,2752,0.9019881590945734
440926,79143,0.9679955359320895
440926,29992,0.9295319375039435
440926,27128,0.9418210064044541
440926,5093,0.8885700109176006
440926,23214,0.9440098785762882
440926,4084,0.9545455936787307
440926,240,0.8703896269898762
440926,8334,0.9263951966910559
440926,6386,0.9803512283036585
440926,6648,0.9708101527036511
440926,54458,0.9642533271476891
440926,5777,0.8755597557184585
440926,978,0.9218571307252144
440926,677,0.8672620639874993
440926,60675,0.8991187934450249
440926,64581,0.8550728375645945
440926,116496,0.9032580331822407
440926,7454,0.9563527975448068
440926,963,0.9139746540453615
440926,23401,0.9494900987575156
440926,10487,0.9207283148128774
440926,9802,0.8629320039054256
440926,9473,0.8511857782211011
440926,3303,0.8871435454092573
440926,2358,0.9621109911172899
440926,6398,0.8726442504359221
440926,57580,0.8741055653492269
440926,170954,0.9604155361218845
440926,271,0.8807062930334059
440926,126364,0.9559405045275581
440926,7132,0.9409405332400866
440926,55505,0.9014777430090323
440926,146225,0.9485876152202569
440926,6397,0.9477869379298085
440926,65220,0.9357732166422744
440926,7879,0.9388788416169559
440926,6653,0.895522266993686
440926,752,0.9037884745646588
440926,533,0.896602395525854
440926,54518,0.9267951412564505
440926,116985,0.9441012548595832
440926,55911,0.9140856988745323
440926,79930,0.9167917725083775
440926,8826,0.8750116529181324
440926,87,0.9529394529656654
440926,51291,0.9464475850150206
440926,26020,0.9417066495365379
440926,3310,0.9423580433091335
440926,9770,0.9615320879989672
440926,1912,0.9496946985940514
440926,1032,0.9381637202551326
440926,115727,0.9662821085166269
440926,53829,0.9538985262338815
440926,7462,0.8842727541316013
440926,4947,0.974978295375221
440926,5724,0.9487894044329593
440926,162466,0.8585383054595325
440926,133,0.8911426507114462
440926,56905,0.9056839808297911
440926,84649,0.9277008687254971
440926,11240,0.8768050538133723
440926,8301,0.9607960128142378
440926,4067,0.9630935826937054
440926,5089,0.9077385879847204
440926,51170,0.9747581430259085
440926,2885,0.8904656489218636
440926,9260,0.9628274659270636
440926,23558,0.9566745391650177
440926,126308,0.907619486582436
440926,140885,0.8774148400133499
440926,9961,0.8829611777396291
440926,100500853,0.9568022216645167
440926,112268246,0.9194484697578519
440926,53917,0.8508140731607842
440926,10261,0.9564420903472441
440926,8650,0.9657825019130288
440926,25797,0.9427552830813773
440926,54210,0.8988267677358605
440926,5899,0.9745579680527032
440926,150372,0.9112877573004121
440926,339287,0.9315321164058366
440926,55313,0.962664365442048
440926,10312,0.8610151652037459
440926,2790,0.9616471961018265
440926,284996,0.966014302009546
440926,1955,0.927784343323299
440926,6778,0.8697807208010935
440926,254896,0.9474167707129735
440926,5175,0.8811940334291355
440926,4210,0.9339782451632209
440926,9170,0.9200740612605033
440926,89849,0.948966259749844
440926,8778,0.9171998173626733
440926,54918,0.9333546663995294
440926,3482,0.8926221852723486
440926,84658,0.9171633464792079
440926,120892,0.944672333204214
440926,100507419,0.8843202076907954
440926,3927,0.8663442458453781
440926,283349,0.950683814302582
440926,829,0.8860417710306006
440926,7295,0.9371297571453644
440926,7090,0.9429679857822844
440926,8843,0.8988538614367954
440926,81628,0.9094842723498716
440926,389541,0.8815259288683309
440926,22904,0.9253152394496533
440926,9103,0.927062945695187
440926,1084,0.9408933809139928
440926,26578,0.9165046260858928
440926,552891,0.9615494228381407
440926,6195,0.8739816523890411
440926,8125,0.9647277058115169
440926,23258,0.9378418690874678
440926,26234,0.9598731827217556
440926,5878,0.8538493958153087
440926,23569,0.8775898973790646
440926,25801,0.9449447233232289
440926,338442,0.9186392645283705
440926,83931,0.9503156858318952
440926,144423,0.9758183519632079
440926,80301,0.9252664389169132
8794,5552,0.8672624276527442
8794,723790,0.9059836884914721
8794,653361,0.8618807226452427
8794,8337,0.9048863317438334
8794,4688,0.9197166809042236
8794,366,0.9552792917529794
8794,10409,0.9352691184961495
8794,3577,0.9600837651887727
8794,2124,0.9285045394579845
8794,728,0.915690753040926
8794,3020,0.9559318399657728
8794,3385,0.943098147615008
8794,4542,0.9274949931848021
8794,654817,0.8625046120288565
8794,8875,0.8983040496613547
8794,3687,0.9019444265269181
8794,409,0.8721575860130274
8794,91300,0.9450940709285252
8794,120425,0.8962038921779029
8794,597,0.8539908950429035
8794,7408,0.9414970334750836
8794,654816,0.8673183558645549
8794,51734,0.9258230371878067
8794,2180,0.8996076992314925
8794,64386,0.9443565302072111
8794,64744,0.8905481916580138
8794,3059,0.8864024114390715
8794,976,0.8853684424424576
8794,9516,0.9541946642596637
8794,1439,0.9796894322753682
8794,2212,0.9367376517107144
8794,2867,0.8558440392603998
8794,4046,0.8948066674316667
8794,1265,0.9099046010507628
8794,1051,0.9481072587688251
8794,63940,0.9226830102960135
8794,7846,0.8582479198035502
8794,407008,0.8703611560706589
8794,4689,0.9282045461673496
8794,101,0.9288316478294816
8794,8031,0.9149816202426966
8794,4814,0.8709319849589876
8794,83719,0.9391011557701482
8794,80325,0.955517732371296
8794,51312,0.9143613376662834
8794,2752,0.8708463711597874
8794,79143,0.9599856999751741
8794,29992,0.8663385655844914
8794,27128,0.9435390808674309
8794,23214,0.9836474367821799
8794,4084,0.9661496450903202
8794,8334,0.9586379993539146
8794,6386,0.9416801329350343
8794,6648,0.963832855936359
8794,54458,0.9226999470728369
8794,978,0.8880090263300973
8794,60675,0.9085847553376569
8794,116496,0.9099824292782123
8794,7454,0.9204687759757364
8794,23401,0.9328618301992272
8794,10487,0.864946463016512
8794,8349,0.9067819626200676
8794,3303,0.8832939585341648
8794,2358,0.949426349666295
8794,57580,0.9127931836225424
8794,1116,0.8539544787179981
8794,170954,0.9604980350834077
8794,271,0.8672046243468177
8794,126364,0.8979087443661689
8794,7132,0.9050554443129266
8794,146225,0.9227072171106291
8794,10957,0.8611941938323228
8794,6397,0.970814516589177
8794,65220,0.9343635899183989
8794,7879,0.8745348276900522
8794,6653,0.9033491499277734
8794,752,0.9305650183084375
8794,54518,0.8937096621029083
8794,57153,0.8925299716111774
8794,116985,0.8953698929231121
8794,55911,0.8894433502256149
8794,79930,0.8662956951138165
8794,8826,0.8535006098303072
8794,87,0.9701672479930992
8794,51291,0.9602693791200401
8794,26020,0.9762067838286741
8794,3310,0.940254012435846
8794,9770,0.9100832949378735
8794,55196,0.9140802098644322
8794,1912,0.9211779340447397
8794,1032,0.9407696904442947
8794,115727,0.9248501226376513
8794,7456,0.8876324830918163
8794,53829,0.9439290241548145
8794,4947,0.933504103219266
8794,5724,0.8769427925808692
8794,162466,0.8632268275378899
8794,56905,0.8972508508866938
8794,84649,0.9040792854494424
8794,11240,0.8640511584553509
8794,8301,0.9268609192144113
8794,4067,0.9394865154991814
8794,5089,0.9640629358922364
8794,51170,0.9048174298960105
8794,100507006,0.8740806514473188
8794,9260,0.9490181308367425
8794,23558,0.9711054773979864
8794,126308,0.8831872605547304
8794,9961,0.8642408740224057
8794,100500853,0.9423194268817606
8794,112268246,0.8874226956766488
8794,10261,0.9196078280380671
8794,8650,0.9474656784410351
8794,23347,0.8723934432890679
8794,25797,0.9199259866894228
8794,54210,0.8874147883081362
8794,9750,0.928110668909622
8794,5899,0.9407222202357981
8794,339287,0.9764582909142269
8794,55313,0.940024458978138
8794,2790,0.9370772359055192
8794,284996,0.9708883786133775
8794,1955,0.8977370923697545
8794,6778,0.8574548326628998
8794,254896,0.9975665064331962
8794,4210,0.9508568781356694
8794,9170,0.9171839965694535
8794,89849,0.9395039971673105
8794,8778,0.9448685402569874
8794,3482,0.9270743536720818
8794,8338,0.8990073290982252
8794,84658,0.9500126732834223
8794,120892,0.9504513351697224
8794,100507419,0.9232385070499181
8794,283349,0.9632637094225632
8794,7295,0.8650583870527464
8794,7090,0.9483964173124887
8794,257106,0.8555857715419593
8794,8843,0.8597165741458288
8794,81628,0.9341497272800217
8794,22904,0.9379913151277086
8794,9103,0.8770660315663923
8794,9111,0.8745478685328439
8794,1084,0.9555204451036029
8794,26578,0.8812074974816588
8794,552891,0.9367162424194083
8794,89846,0.8995847521518016
8794,8125,0.932541980285342
8794,23258,0.9442198599491712
8794,26234,0.9298901693975424
8794,25801,0.9210279099123384
8794,338442,0.8928447204998393
8794,83931,0.9612260218053448
8794,144423,0.9566404771511818
8794,80301,0.8524599761519405
653361,4688,0.8820286650565424
653361,3577,0.8798995246939042
653361,2124,0.8775517635120074
653361,654817,0.9913591014632783
653361,120425,0.8595337539480795
653361,7408,0.8584971577938484
653361,654816,0.9932798826879865
653361,200315,0.8535918938590459
653361,2867,0.9395802662863736
653361,4046,0.8531115476491524
653361,63940,0.8522889642150742
653361,79143,0.8705658116872765
653361,29992,0.8528196288537236
653361,23214,0.8539996181197932
653361,4084,0.9167622471215062
653361,8334,0.881371322427077
653361,54458,0.8579045978859292
653361,7454,0.8683439047053282
653361,3303,0.8943588274278481
653361,6398,0.8823870264617382
653361,170954,0.8773989951983268
653361,7132,0.8548035060224554
653361,4600,0.8611828029580456
653361,65220,0.958273320332102
653361,3557,0.87946513954924
653361,3310,0.8690958102055936
653361,1032,0.8563269444294846
653361,115727,0.8545092942028671
653361,51246,0.9043243926400824
653361,3304,0.8685244791857445
653361,56905,0.8843175997284547
653361,4067,0.8601613414915263
653361,100507006,0.8992822753017484
653361,23558,0.9023238579944062
653361,53917,0.94261920570083
653361,10261,0.8680084790679523
653361,55313,0.8503180537664295
653361,284996,0.85358729363514
653361,4210,0.9176479640256324
653361,89849,0.8959499035753449
653361,8778,0.8961617318917022
653361,120892,0.8673680661712033
653361,7090,0.8785384434087976
653361,9111,0.9343124453042284
653361,1084,0.9033410617383024
653361,83931,0.8665065793018475
653361,80301,0.8614416912949361
4688,7305,0.886742075728448
4688,5552,0.9469821179762407
4688,3936,0.9175167080314883
4688,366,0.9288034393440963
4688,10409,0.8995987854216528
4688,3577,0.9147104724242604
4688,7940,0.9339278444870218
4688,2124,0.9566694229505401
4688,728,0.9717223249786168
4688,397,0.8609830463887358
4688,3020,0.9659467090428338
4688,3385,0.9021594628831223
4688,4542,0.9375818382088076
4688,654817,0.8796177948049665
4688,8875,0.8808539512866083
4688,3687,0.9127026468062274
4688,409,0.9637008345225891
4688,91300,0.8851457557763798
4688,120425,0.9676243012074581
4688,597,0.8888210035188807
4688,7408,0.9735255966415481
4688,654816,0.883643609935211
4688,51734,0.937429118739776
4688,2180,0.8901062087877524
4688,64386,0.9041406398009263
4688,64744,0.8579409292072715
4688,3059,0.9364638727902039
4688,976,0.8945718705203083
4688,64115,0.943304902714577
4688,9516,0.8817956031085251
4688,11337,0.8785497499216728
4688,1439,0.938361628070398
4688,2212,0.9550469912546924
4688,7127,0.9055532297113909
4688,10094,0.8865489468016221
4688,4046,0.9408639514319574
4688,1265,0.8786910592264259
4688,1051,0.9286265075364604
4688,63940,0.9052328724081373
4688,7846,0.9152436571451322
4688,407008,0.909970163343898
4688,4689,0.9358588181604715
4688,2771,0.9258047494005346
4688,101,0.8551733421975565
4688,2217,0.9149795165057067
4688,7439,0.8647904122477911
4688,8031,0.907944442625551
4688,4814,0.9342167803389112
4688,1052,0.854832390511215
4688,290,0.9161215375177932
4688,83719,0.8575636711686799
4688,80325,0.907409912446892
4688,51312,0.8953355548707229
4688,2752,0.9199021652944482
4688,79143,0.9519604168618547
4688,29992,0.9669808974072979
4688,27128,0.9268935601821628
4688,5093,0.9209786727197683
4688,23214,0.898677104931272
4688,4084,0.9457786694404009
4688,240,0.8855798682146028
4688,8334,0.8917526514818006
4688,6386,0.9692258201405499
4688,6648,0.9355125029810315
4688,54458,0.9535060397045821
4688,5777,0.9041644888259078
4688,978,0.9319209075238292
4688,677,0.9053627202754542
4688,60675,0.8847347437971382
4688,64581,0.9128797575244559
4688,116496,0.8681235929551397
4688,7454,0.9644450586736575
4688,963,0.9104346590091703
4688,23401,0.9182699747028205
4688,10487,0.9277832394527421
4688,9802,0.8810851241517024
4688,9473,0.9097052854142704
4688,7133,0.8723923595577852
4688,3303,0.8843834851670708
4688,2358,0.9246109579989352
4688,6398,0.9264269972610087
4688,170954,0.9519512156502923
4688,271,0.8898951462203176
4688,126364,0.974080359050695
4688,7132,0.9368588662873499
4688,55505,0.9018523456304615
4688,146225,0.8913471012756808
4688,6397,0.9175797366430131
4688,65220,0.940730220192922
4688,7879,0.955091920999108
4688,752,0.8981685496675811
4688,533,0.9401969644310251
4688,54518,0.9157850294765824
4688,4615,0.9141325326853744
4688,116985,0.9576505837649989
4688,55911,0.9243053174164434
4688,8291,0.8500249726394226
4688,79930,0.9332431130294712
4688,8826,0.8789848421653814
4688,87,0.9321852642274456
4688,51291,0.9332753281128336
4688,26020,0.8921763206250701
4688,3310,0.9229775244917848
4688,9770,0.9689278507262281
4688,1912,0.9169765495138705
4688,1032,0.9148080037712184
4688,115727,0.9834546620785702
4688,53829,0.9431559404068757
4688,7462,0.8974838906842647
4688,4947,0.9553008056068978
4688,5724,0.960501811067986
4688,133,0.8642161466778153
4688,56905,0.9475973522077099
4688,84649,0.8841857282287493
4688,11240,0.8753030290687182
4688,8301,0.9679228091161071
4688,4067,0.96561444337102
4688,5089,0.8743234091019797
4688,51170,0.9698325849427645
4688,2885,0.9323100987596468
4688,9260,0.9420730509338671
4688,23558,0.9386109370906003
4688,126308,0.9026964733556888
4688,140885,0.9120370268833243
4688,9961,0.9050656692105475
4688,100500853,0.9185790481260203
4688,112268246,0.9052317946989622
4688,53917,0.906459023272049
4688,10261,0.9669020632995046
4688,8650,0.9651360819562587
4688,25797,0.9274869156156991
4688,54210,0.9015698899579332
4688,5899,0.9582687786594334
4688,150372,0.9662331960930545
4688,339287,0.8777972580008954
4688,55313,0.9602435897377732
4688,10312,0.893144526875529
4688,2790,0.9202285214484878
4688,284996,0.9478163285756365
4688,1955,0.9354048457660139
4688,6778,0.8665665644642524
4688,254896,0.9149395803823147
4688,5175,0.9272095370885474
4688,4210,0.9528145606630773
4688,9170,0.8927951571775475
4688,89849,0.9386115102794409
4688,8778,0.9387153586251695
4688,54918,0.9524381463512657
4688,10956,0.8650035509081372
4688,84658,0.8750973399639463
4688,120892,0.9337537448208761
4688,3927,0.8545472714593639
4688,283349,0.9193122376515974
4688,829,0.8983893363810048
4688,7295,0.9151276988863795
4688,7090,0.9481811768383231
4688,8843,0.9092591297387246
4688,7009,0.8677965814750275
4688,81628,0.8778311900793737
4688,389541,0.8565518015666468
4688,22904,0.917770037915414
4688,9103,0.9500208236010482
4688,9111,0.8509265638869811
4688,152007,0.8848403700179214
4688,1084,0.9137958638355865
4688,26578,0.8981346948692597
4688,552891,0.9203839372288904
4688,8125,0.9502011581518128
4688,23258,0.939763891071986
4688,26234,0.9692928005864744
4688,5878,0.8889326079792982
4688,23569,0.8843560724475065
4688,25801,0.9233731971241311
4688,338442,0.9266725379332269
4688,83931,0.9244564378655051
4688,144423,0.9662448147647684
4688,80301,0.9496142000850594
366,5552,0.8954082259337283
366,3936,0.883825791720019
366,10409,0.9880708186399271
366,3577,0.9403355385010461
366,2124,0.9240847408037312
366,728,0.9215710230025288
366,397,0.8897562103040056
366,3020,0.9674790932098235
366,3385,0.9116016565904957
366,4542,0.9230623433256919
366,8875,0.9445147090976733
366,3687,0.9454190899593835
366,409,0.9035972226842547
366,91300,0.9289725836469597
366,120425,0.9073632969642326
366,597,0.8887853156567702
366,7408,0.9682881053211092
366,51734,0.9486479817081619
366,2180,0.9706657678222911
366,64386,0.9740753188219278
366,64744,0.8920602216635106
366,3059,0.9245339494899402
366,976,0.8912014637522152
366,64115,0.8535083404967864
366,9516,0.9593486905583714
366,1439,0.9681520181318786
366,2212,0.9830964962794299
366,4046,0.8948017063697274
366,1265,0.9441485426700205
366,1051,0.9342939611273953
366,63940,0.9250284128635672
366,7846,0.8525830015241326
366,407008,0.8966537498673127
366,4689,0.9609170264644155
366,101,0.8960181447669437
366,8031,0.8627067746996716
366,290,0.8849651752697022
366,83719,0.8812178399931561
366,80325,0.9342861672640296
366,51312,0.9443285306559592
366,5788,0.8693421940022271
366,241,0.861334432823092
366,2752,0.8590768814914348
366,79143,0.9589320669784274
366,27128,0.9630406508343234
366,23214,0.9608666305998534
366,4084,0.9397457181197605
366,240,0.8998547483157844
366,8334,0.8978805984467643
366,6386,0.9763150605150953
366,6648,0.9544898960276638
366,54458,0.9455890548920803
366,5777,0.8594633437346698
366,978,0.8858444917494104
366,60675,0.945899614467787
366,116496,0.9773264463698765
366,7454,0.9262580565527596
366,963,0.9040511134033389
366,23401,0.9558927955032757
366,10487,0.9254643640540742
366,3303,0.8897535861896512
366,2358,0.9754552493239591
366,57580,0.8770824305466053
366,170954,0.94626193955955
366,126364,0.9267388587908876
366,7132,0.9286360900717473
366,146225,0.9133473611406888
366,6397,0.9246108030189342
366,65220,0.8979282446847208
366,7879,0.9178517138448647
366,6653,0.9444171530982288
366,752,0.8837583268039718
366,54518,0.9648110444561215
366,116985,0.9074661041013401
366,55911,0.9153151389231566
366,8291,0.9283704230527454
366,604,0.889235075875819
366,79930,0.938559651171006
366,8826,0.9121481114970633
366,87,0.9699777183335622
366,51291,0.9601152361181655
366,26020,0.9506873627050652
366,3310,0.9440302817281203
366,9770,0.9359204824710026
366,1912,0.9482341036011778
366,1032,0.925645113029499
366,115727,0.9507567910542168
366,53829,0.9499293617879501
366,4947,0.9159328195218511
366,5724,0.9014973821005863
366,133,0.9447926699387721
366,56905,0.8538109823289269
366,84649,0.9576962334213759
366,11240,0.9456788636260061
366,8301,0.9495429571431842
366,4067,0.9477800329710613
366,5089,0.8894443882705612
366,51170,0.9221053331451229
366,9260,0.9438257974914784
366,23558,0.9323545612125549
366,126308,0.8836296407967157
366,140885,0.8944726547111967
366,9961,0.8624343678556435
366,100500853,0.9678167392738383
366,112268246,0.9037192346703675
366,10261,0.9362613023225418
366,8650,0.974245347476925
366,25797,0.917785283626492
366,9750,0.8968529115110951
366,5899,0.9798267638176766
366,150372,0.8612419412124652
366,339287,0.9532298823432352
366,55313,0.9105634837102332
366,2790,0.97872322608679
366,284996,0.9743359893276866
366,1955,0.9095414395517276
366,254896,0.9500159756589414
366,4210,0.9197200079220318
366,9170,0.9209283942306271
366,89849,0.8981051179251035
366,8778,0.925926498422496
366,8972,0.9120876583014429
366,54918,0.8859801192105524
366,3482,0.8814192268559589
366,84658,0.8855072423248792
366,120892,0.9272883633717881
366,100507419,0.9355796082223152
366,283349,0.9454882074991962
366,829,0.9061697888906277
366,7295,0.9031923535705928
366,7090,0.9242410579462534
366,257106,0.8698092724255639
366,81628,0.9019494859577027
366,22904,0.9595114544716624
366,9103,0.9335579543976792
366,1084,0.9184840098786196
366,26578,0.9224007040553542
366,552891,0.9785220929417674
366,6195,0.8816138036199413
366,89846,0.8559970499991301
366,8125,0.9407424340045872
366,23258,0.9107140593613895
366,26234,0.962237579084647
366,23569,0.8649647350495242
366,25801,0.9836391497936947
366,83931,0.9164733161214623
366,144423,0.9689231791838538
366,80301,0.8928128738626224
10409,5552,0.8674425336802163
10409,3936,0.8642183013044591
10409,3577,0.9236563812370749
10409,2124,0.9002464484378337
10409,728,0.8968176167770224
10409,397,0.8843817337230909
10409,3020,0.9409581117421743
10409,3385,0.9002981509617513
10409,4542,0.9014413892022802
10409,8875,0.951440169552095
10409,3687,0.9418233579564818
10409,409,0.8884208578925862
10409,91300,0.9144786071634716
10409,120425,0.886717039725976
10409,597,0.8900937381525288
10409,7408,0.9573886421723974
10409,51734,0.9442731770686494
10409,2180,0.9643061689497437
10409,64386,0.982078075284664
10409,64744,0.886714878213639
10409,3059,0.9196381528388125
10409,976,0.8624948207723903
10409,9516,0.943236627031958
10409,1439,0.9436966252073886
10409,2212,0.9714321029885575
10409,4046,0.8879636996179807
10409,1265,0.9458448673618697
10409,1051,0.9265385711139794
10409,63940,0.9251847481663348
10409,407008,0.891467330729313
10409,4689,0.9605977983191705
10409,101,0.8785084893841646
10409,290,0.8837076124841947
10409,83719,0.8619511453767749
10409,80325,0.926178365956717
10409,51312,0.9284086898286938
10409,241,0.8771435242699761
10409,79143,0.9444535174664554
10409,27128,0.952993602143661
10409,23214,0.9475989563364974
10409,4084,0.9078687023167497
10409,240,0.9073513941015464
10409,8334,0.8585176463057949
10409,6386,0.9554842696852623
10409,6648,0.925533408528306
10409,54458,0.9352044990117545
10409,5777,0.8539157668530002
10409,978,0.8809659445437644
10409,60675,0.9506082791507259
10409,116496,0.9739416388246637
10409,7454,0.9122924826207578
10409,963,0.8855805387028975
10409,23401,0.9478088005834199
10409,10487,0.9127059128764833
10409,3303,0.886928709892611
10409,2358,0.9576579231974088
10409,57580,0.8617296261067862
10409,170954,0.9293897382936429
10409,126364,0.9064748967129965
10409,7132,0.9105539462487405
10409,146225,0.9061783146268433
10409,6397,0.897559588193848
10409,65220,0.8565889334496408
10409,7879,0.9050702089114989
10409,6653,0.9378825855024865
10409,752,0.8598025311171626
10409,54518,0.9578690351202971
10409,116985,0.8886722770057308
10409,55911,0.908344393411351
10409,8291,0.941600814935399
10409,604,0.9041675348226158
10409,79930,0.9409700319884443
10409,8826,0.8972509567670044
10409,87,0.9534957520682765
10409,51291,0.9472189043526784
10409,26020,0.941095751760085
10409,3310,0.9305319984963377
10409,9770,0.9124191819144234
10409,1912,0.9438349397162787
10409,1032,0.909199669481932
10409,115727,0.9345533851908016
10409,53829,0.9198190693530316
10409,4947,0.8808524066269453
10409,5724,0.871722992054905
10409,133,0.9500977258288367
10409,84649,0.9603261132955709
10409,11240,0.9397362865662121
10409,8301,0.9212660608171367
10409,4067,0.9194907958197852
10409,5089,0.8620048612937328
10409,51170,0.8832359181401609
10409,9260,0.9375926842680283
10409,23558,0.9059871124186474
10409,126308,0.8718819830721964
10409,140885,0.8920646087483545
10409,100500853,0.9540217496644838
10409,112268246,0.8942220528213559
10409,10261,0.9101483197357026
10409,8650,0.9534989234172878
10409,306,0.8759650012977206
10409,25797,0.9077321086340316
10409,9750,0.8818441926928965
10409,5899,0.9593025012359996
10409,339287,0.9358466128638516
10409,55313,0.8769884183143569
10409,2790,0.9612861028162539
10409,284996,0.9528904700126158
10409,1955,0.8864832289685349
10409,254896,0.9318188663780588
10409,4210,0.8838403580232518
10409,9170,0.9174156262521265
10409,89849,0.8711829044508299
10409,8778,0.9044118955187759
10409,8972,0.936498099431064
10409,54918,0.8519507834865585
10409,3482,0.8629222266910006
10409,84658,0.8557530637276305
10409,120892,0.8888775125264766
10409,100507419,0.9434158920722131
10409,283349,0.9128594351984457
10409,829,0.8790618846101351
10409,7295,0.8947378185856338
10409,7090,0.9020637532485462
10409,257106,0.850252816464595
10409,81628,0.8835443433601601
10409,22904,0.9543364587858301
10409,9103,0.9187829279166789
10409,1084,0.8867632331769553
10409,26578,0.908624060062817
10409,552891,0.9610147897415448
10409,6195,0.8775010631556379
10409,8125,0.9290373346335978
10409,23258,0.8723473690894729
10409,26234,0.9360658926068097
10409,23569,0.873233879372772
10409,25801,0.9725818412617703
10409,83931,0.8920998005441977
10409,144423,0.9506406097022285
10409,80301,0.8690634465271205
3577,7940,0.8620487839714361
3577,2124,0.8798264322045515
3577,728,0.8747058223311672
3577,397,0.8687002898564586
3577,3020,0.9415932904172262
3577,3385,0.9423521039720782
3577,4542,0.915402315084882
3577,654817,0.8771723477458239
3577,8875,0.8875668854507914
3577,3687,0.9045850529661287
3577,409,0.8902639569165448
3577,11151,0.864354649657725
3577,91300,0.971807413234395
3577,120425,0.9318647962969293
3577,7408,0.9490677160032592
3577,654816,0.8828810664327817
3577,51734,0.9664321222793827
3577,2180,0.8887228119927024
3577,64386,0.9486288774911626
3577,64744,0.8629699351398199
3577,3059,0.8903748405319576
3577,976,0.8905656311153288
3577,9516,0.9524507170817744
3577,1439,0.9357163097590178
3577,2212,0.9430646452711788
3577,2867,0.8726848037204685
3577,4046,0.8802962732398911
3577,1265,0.9338892259795784
3577,1051,0.9128465719005107
3577,63940,0.960978790584933
3577,407008,0.9149547420585776
3577,4689,0.956548782367709
3577,101,0.9067123832965303
3577,8031,0.8575127003702133
3577,6404,0.856558434814941
3577,83719,0.9387332022225956
3577,80325,0.9642282590663098
3577,51312,0.947065239643385
3577,241,0.8588252209315315
3577,79143,0.9670093637645699
3577,27128,0.9629135199108783
3577,23214,0.9736327012345504
3577,4084,0.9419069174505947
3577,8334,0.9285866255614018
3577,6386,0.9153393020088333
3577,6648,0.9226089472387401
3577,54458,0.9401447045744445
3577,978,0.899111637524746
3577,60675,0.9129403775609761
3577,116496,0.8769493808367866
3577,7454,0.9344530011580704
3577,963,0.8572733535288392
3577,23401,0.964670758759456
3577,3303,0.9257563118399301
3577,2358,0.9324609343035366
3577,6398,0.8682036121953364
3577,170954,0.9563776267343688
3577,126364,0.9007459065331028
3577,7132,0.9561387331919442
3577,55505,0.8575157400030733
3577,146225,0.9468145462006067
3577,6397,0.9159842829611974
3577,65220,0.9364978412167659
3577,6653,0.8716289947892646
3577,752,0.8892589168930323
3577,54518,0.9064924046664259
3577,116985,0.8833760957896966
3577,55911,0.8908968786689755
3577,79930,0.8714606683760943
3577,87,0.9453367154835488
3577,51291,0.9116704488246101
3577,8698,0.8943502151285673
3577,26020,0.9538770001738235
3577,3310,0.9731089245096455
3577,9770,0.8782941001860717
3577,1912,0.9302020856339079
3577,1032,0.9302826267978206
3577,115727,0.9225853739840183
3577,53829,0.9373872538716161
3577,4947,0.906560954007256
3577,5724,0.8639938572970923
3577,162466,0.8672743256748726
3577,56905,0.8577443576642575
3577,84649,0.9250569312787733
3577,8301,0.887237715626247
3577,4067,0.897038883300628
3577,5089,0.8899798343547923
3577,51170,0.8800369825416898
3577,100507006,0.8558493886164892
3577,9260,0.9533880293820653
3577,23558,0.9619602222270128
3577,126308,0.9014042182515393
3577,9961,0.8912707663232413
3577,100500853,0.9124048346733444
3577,112268246,0.9471972495020349
3577,53917,0.8547043658953525
3577,10261,0.918844690131961
3577,8650,0.9044740754461954
3577,25797,0.9012229879205601
3577,9750,0.8595823698712048
3577,5899,0.923047529397658
3577,150372,0.8606030584243987
3577,339287,0.9118113658026633
3577,55313,0.8941233637679076
3577,2790,0.9277116456649296
3577,284996,0.9497047923794336
3577,254896,0.948729471807717
3577,4210,0.9183866435511985
3577,9170,0.9508606969376217
3577,89849,0.9488731929183868
3577,8778,0.9455079790233186
3577,3482,0.8675451709687905
3577,84658,0.895532230728547
3577,120892,0.8938827281844391
3577,100507419,0.9173983685559831
3577,283349,0.90880250125472
3577,7295,0.908112984861929
3577,7090,0.9095909237920747
3577,8843,0.8506612220474314
3577,81628,0.9273925489583533
3577,389541,0.8687757053182027
3577,22904,0.9338214999086496
3577,9103,0.8852139943444215
3577,9111,0.8760289747567938
3577,1084,0.98098498095799
3577,26578,0.8545399841130086
3577,552891,0.927341395099095
3577,6195,0.8815780339652519
3577,89846,0.8983348148346818
3577,8125,0.9174015273319351
3577,23258,0.879822080056121
3577,26234,0.9001608160828295
3577,25801,0.9158780621154575
3577,338442,0.8826421676136692
3577,83931,0.933818134277155
3577,144423,0.9259991526303908
3577,80301,0.9037209716770277
6286,3020,0.8609420141653039
6286,3385,0.8769672223640215
6286,7408,0.8535806824359075
6286,51734,0.872510196212412
6286,64386,0.8510885341913852
6286,3059,0.8632174499545128
6286,1051,0.8507832513632323
6286,4689,0.8672519689253089
6286,80325,0.8673849942015606
6286,241,0.8657416373857444
6286,79143,0.8619985967772786
6286,23214,0.855245928624124
6286,6648,0.8728154988379062
6286,54458,0.8547267496775943
6286,7454,0.8525015906831995
6286,146225,0.8878880159370509
6286,1912,0.8564648697976674
6286,4947,0.8539751983477698
6286,84649,0.8595339420346059
6286,9260,0.8645606398837413
6286,23558,0.8559456674984116
6286,112268246,0.855495290453703
6286,389541,0.8517971328806149
7940,2512,0.8919235266739772
7940,2495,0.8503800311880305
7940,7305,0.9450404504582943
7940,6277,0.8754025243203662
7940,5552,0.8871671769638673
7940,23406,0.8525043169675599
7940,2124,0.8698725298776784
7940,728,0.9024988371559205
7940,397,0.8902070142997935
7940,3020,0.9070737255466359
7940,3385,0.8876871046424815
7940,4542,0.8780178634844428
7940,3687,0.8564133547336917
7940,409,0.9456819047399782
7940,11151,0.9002096683388148
7940,91300,0.8504215677302526
7940,120425,0.9656851899854865
7940,7408,0.9271710371783793
7940,51734,0.9303392550254119
7940,64386,0.8517874125376252
7940,3059,0.9276549628582731
7940,64115,0.958427423854031
7940,11337,0.9370623253080996
7940,2212,0.8720903410158625
7940,7127,0.8537536976866302
7940,10094,0.9251870347078974
7940,4046,0.9081310934917614
7940,1051,0.8592966416443922
7940,63940,0.892508026189175
7940,407008,0.9318291952143991
7940,4689,0.9166281345244883
7940,2771,0.9200458612317237
7940,2217,0.9378348103240028
7940,7439,0.8681398546091588
7940,6404,0.8586835348770067
7940,4814,0.9171578929409306
7940,1052,0.9011155060456479
7940,290,0.8953516628390207
7940,80325,0.8840502915030991
7940,241,0.8560976423250776
7940,79143,0.9074014061053205
7940,29992,0.9446913536593903
7940,27128,0.8581717851468356
7940,5093,0.870505172604835
7940,6386,0.8903649617449284
7940,54458,0.9334963937986527
7940,978,0.9416157926880315
7940,64581,0.8507041875644673
7940,7454,0.9426416982325619
7940,963,0.871875361524729
7940,23401,0.8804174837869634
7940,10487,0.8664153955929225
7940,9473,0.8739740717886626
7940,7133,0.8550771654333615
7940,6398,0.9026314463356504
7940,170954,0.8769510892308908
7940,126364,0.9472882178115635
7940,7132,0.9145061545782555
7940,55505,0.9625739335118166
7940,146225,0.8951189815006839
7940,7879,0.9095773015084003
7940,533,0.9508687064503779
7940,5538,0.8661492658797495
7940,116985,0.9196227263503686
7940,55911,0.8563924379828076
7940,79930,0.8935986147106804
7940,3310,0.8593803410436557
7940,9770,0.904343322764961
7940,1912,0.9082746472719271
7940,1032,0.8509096849861123
7940,115727,0.938919400420205
7940,53829,0.8676280121126052
7940,7462,0.8575277866262896
7940,4947,0.9147680359815735
7940,5724,0.9359182986143547
7940,56905,0.8664066982776147
7940,84649,0.8682358684424961
7940,8301,0.8658906024728545
7940,4067,0.8626650068891893
7940,51170,0.9045149425890134
7940,2885,0.8901186117326033
7940,9260,0.9266050787531761
7940,23558,0.8744891507301716
7940,126308,0.8600651679902106
7940,140885,0.8733757427251685
7940,100500853,0.861383437917619
7940,112268246,0.9114576249618122
7940,53917,0.853700646068013
7940,10261,0.9046116338980417
7940,8650,0.865376322419616
7940,25797,0.8802946428987056
7940,5899,0.8739449733032051
7940,150372,0.954958766268154
7940,55313,0.8941007749851982
7940,10312,0.8653923065732698
7940,5175,0.9057561807793237
7940,9170,0.8634393970617258
7940,89849,0.9010195770139177
7940,54918,0.8990677092424212
7940,10956,0.8818473436954334
7940,7295,0.9390713106957459
7940,7090,0.8570462655448129
7940,389541,0.8863448583749866
7940,9103,0.8743442317244482
7940,152007,0.9001965972283018
7940,1084,0.8582971226474565
7940,8125,0.9115134884050943
7940,2787,0.8684266959361054
7940,26234,0.8663456190773003
7940,23569,0.8793744643826151
7940,338442,0.8555235635790057
7940,83931,0.8500326935305017
7940,144423,0.8976225920883826
7940,80301,0.931149998738972
2124,5997,0.854761295058212
2124,5552,0.9154463562251122
2124,3936,0.8884801129212244
2124,728,0.9571985042841509
2124,3020,0.9563419809180103
2124,3385,0.8920203849457694
2124,4542,0.9005520830294713
2124,654817,0.8856091409213095
2124,8875,0.8786269233616595
2124,3687,0.8876978577906978
2124,409,0.9046364594080671
2124,91300,0.8603022535855114
2124,120425,0.9073739769681087
2124,597,0.8857800806269489
2124,7408,0.937806046053953
2124,654816,0.8896375069225916
2124,51734,0.8935837697616812
2124,2180,0.8861122434669757
2124,64386,0.8864644962808048
2124,64744,0.923806857375176
2124,3059,0.9125649684016609
2124,64115,0.8961658751296014
2124,9516,0.8570450236529559
2124,1439,0.9406360157440862
2124,2212,0.9334741056858016
2124,7127,0.8666371945620869
2124,4046,0.9221695292339013
2124,1265,0.8727968518608428
2124,1051,0.9142515473739593
2124,63940,0.8737620611071408
2124,7846,0.9097989698627217
2124,407008,0.8839982595596754
2124,4689,0.9049285044824502
2124,2771,0.8673311059200411
2124,8031,0.9044498458776312
2124,4814,0.9160235299521637
2124,290,0.894991761028522
2124,83719,0.8657800133239831
2124,80325,0.8875661779104218
2124,51312,0.8573928016041842
2124,2752,0.9170307033263396
2124,79143,0.9275314959133104
2124,29992,0.9429526199071033
2124,27128,0.8869716507012476
2124,5093,0.8797073839212188
2124,23214,0.9027055769915531
2124,4084,0.9491426384552957
2124,240,0.8920543912925935
2124,8334,0.8930592381822288
2124,6386,0.9554734555831952
2124,6648,0.9295199662634894
2124,54458,0.9325320945866485
2124,5777,0.8888064185115735
2124,978,0.9018750764079615
2124,677,0.91885020871892
2124,64581,0.8822672253167707
2124,116496,0.8781570119689783
2124,7454,0.9263136968893461
2124,963,0.8711519309180925
2124,23401,0.8830841374588417
2124,10487,0.9018241746322873
2124,9802,0.8973648388614769
2124,8349,0.8551597992289726
2124,2358,0.928876401501939
2124,57580,0.856306748145927
2124,170954,0.9246915634715958
2124,271,0.8951396575527952
2124,126364,0.9252228349593339
2124,7132,0.8796248807286905
2124,146225,0.8633910989676812
2124,6397,0.9362104898953729
2124,65220,0.92126679313076
2124,7879,0.9368585377690264
2124,752,0.8826936434306911
2124,533,0.8836912713559631
2124,54518,0.8794780775614528
2124,4615,0.8678001232583551
2124,116985,0.9171857477093472
2124,55911,0.880627656973657
2124,79930,0.9105687162957777
2124,8826,0.8824750945158195
2124,87,0.9269195848510383
2124,51291,0.9371438539359055
2124,26020,0.9097666507254234
2124,3310,0.881100539575101
2124,9770,0.9648366302051282
2124,55196,0.8510400187007267
2124,1912,0.9128673576304315
2124,1032,0.8906973590366264
2124,115727,0.9525519688458224
2124,53829,0.9381303740500384
2124,7462,0.8769412988408216
2124,4947,0.9381429707192069
2124,5724,0.9389598961484945
2124,56905,0.9225945833823483
2124,84649,0.8556152060868714
2124,11240,0.8589771407258324
2124,8301,0.9564599836024952
2124,4067,0.9656965713342837
2124,5089,0.9151913440171943
2124,51170,0.9508384466931546
2124,100507006,0.8654660822463927
2124,2885,0.9122545465507311
2124,9260,0.9212079266636946
2124,23558,0.9349597199262678
2124,126308,0.875188616763826
2124,140885,0.8865377074331265
2124,100500853,0.936075095693251
2124,10261,0.9449384236217664
2124,8650,0.973656745915664
2124,25797,0.9008667822030195
2124,54210,0.9079892420708429
2124,5899,0.9503162290704358
2124,150372,0.8896034465951986
2124,339287,0.9128455949355024
2124,55313,0.9604587521268498
2124,2790,0.8961163832755749
2124,284996,0.937962514818756
2124,1955,0.9597783837091836
2124,6778,0.9108821042882866
2124,254896,0.9263509516535331
2124,5175,0.900439515682537
2124,4210,0.954437415357432
2124,89849,0.9168501173457436
2124,8778,0.9016829921199992
2124,54918,0.9207765811395586
2124,3482,0.870401705524633
2124,84658,0.8858856606470653
2124,120892,0.9630317574789414
2124,283349,0.9249613329468086
2124,829,0.8555009125136719
2124,7295,0.862641838866556
2124,7090,0.951065282708671
2124,8843,0.8622114078220885
2124,81628,0.8613414650744634
2124,22904,0.8827024287801755
2124,9103,0.9239020242815743
2124,1084,0.8861337937459534
2124,26578,0.8729619337237964
2124,552891,0.8958943992291867
2124,8125,0.9426088181583269
2124,23258,0.9548296993482724
2124,26234,0.9413308538632409
2124,5878,0.8795781111823942
2124,23569,0.860706464693817
2124,25801,0.9052500164834131
2124,338442,0.8818577518627171
2124,83931,0.9292253693435141
2124,144423,0.9532950237472321
2124,80301,0.8754932669281077
728,2495,0.8728578386825808
728,5997,0.887798771168547
728,7305,0.8588663166020077
728,5552,0.9696988709906724
728,3936,0.9140964003957244
728,723790,0.8575930573119597
728,8337,0.856923771139119
728,3020,0.9633477078028507
728,3385,0.8974909627372903
728,4542,0.93087405918275
728,8875,0.8825983698297297
728,3687,0.8965251488693021
728,409,0.93616252444937
728,91300,0.8595912135987586
728,120425,0.9326836055339456
728,597,0.9208654394058505
728,7408,0.9520389322692377
728,51734,0.9023017556351041
728,2180,0.865338957861828
728,64386,0.8925373514863126
728,64744,0.8688229348864362
728,3059,0.9239838531096959
728,976,0.8957062955132662
728,64115,0.9275432917107413
728,9516,0.8698445501656452
728,1439,0.9376018297442489
728,2212,0.9245013341934009
728,7127,0.8944838802831885
728,10094,0.8587311932350897
728,4046,0.9405918239218881
728,1265,0.8521151201689602
728,1051,0.9546535990233204
728,63940,0.8755589036689426
728,7846,0.9398694523509271
728,407008,0.8676289868292947
728,4689,0.906950369251778
728,2771,0.9143221207780114
728,101,0.864273937128019
728,2217,0.901412035643161
728,7439,0.8906241649996005
728,8031,0.9242226090700323
728,4814,0.9535761722447305
728,1052,0.8592044084317638
728,290,0.9109799611466759
728,80325,0.8889795502608431
728,51312,0.8567296913997315
728,2752,0.9662154065212727
728,79143,0.9351423419786352
728,29992,0.9620367519300023
728,27128,0.9017377606890575
728,5093,0.9284148357124625
728,23214,0.8913618450084723
728,4084,0.942119488986234
728,240,0.866270116338335
728,8334,0.8888984829673087
728,6386,0.9690980032752566
728,6648,0.9534796297634227
728,54458,0.936364731842629
728,5777,0.867625171925157
728,978,0.9206544497269763
728,677,0.9215264662151613
728,60675,0.8603008085352263
728,64581,0.924063142180165
728,116496,0.8648891204556023
728,7454,0.9455344280376777
728,963,0.8701780962786806
728,23401,0.8805000235270205
728,10487,0.9162405059029004
728,9802,0.9340816555506207
728,9473,0.896967617055353
728,8349,0.8509290302159208
728,7133,0.8525782174113191
728,2358,0.910758604982526
728,6398,0.8695062129818949
728,57580,0.8629574736790899
728,170954,0.9305680678708332
728,271,0.9335602623836231
728,126364,0.9508890464934571
728,7132,0.884585018570511
728,55505,0.8751975858412048
728,146225,0.8735840835079007
728,10957,0.8548949046851959
728,6397,0.9340750817110549
728,65220,0.902263376004661
728,7879,0.9545474489867334
728,752,0.9041091801755642
728,533,0.9374453464490445
728,54518,0.8820760852831125
728,4615,0.8826595579809777
728,116985,0.9410412432084821
728,55911,0.9113340319714787
728,79930,0.9170713435870613
728,8826,0.8919575554330276
728,87,0.924726466699846
728,51291,0.9414046139162778
728,26020,0.8943627680926318
728,3310,0.8783244991538054
728,9770,0.9598562860898128
728,1912,0.9129413048337718
728,1032,0.9214898548563832
728,115727,0.9650211424397012
728,53829,0.9026956691142352
728,7462,0.8757150401127316
728,4947,0.9594477535066027
728,5724,0.9607174071828971
728,133,0.8599490371069213
728,56905,0.9516230303040562
728,84649,0.8695122035373825
728,11240,0.8582642879612824
728,8301,0.9668102566059724
728,4067,0.9687489448493142
728,5089,0.8976543214416189
728,51170,0.9657954414257692
728,2885,0.91571624864935
728,9260,0.9357512414743813
728,23558,0.9266809340268909
728,126308,0.8787083214122918
728,140885,0.8981263814536269
728,9961,0.861642136841618
728,100500853,0.9261599387199382
728,112268246,0.8662553221161023
728,10261,0.9241747714880765
728,8650,0.9650241387480635
728,25797,0.9287987993435061
728,54210,0.9409693545110391
728,5899,0.9496344222720101
728,150372,0.9219998707820937
728,339287,0.8975588143460033
728,55313,0.9745137689950745
728,10312,0.8720670925501175
728,2790,0.9169506860056323
728,284996,0.9470369113167345
728,1955,0.9615569913383244
728,6778,0.8952553118040062
728,254896,0.9179874797127405
728,5175,0.9317943818974871
728,4210,0.9246964327988169
728,9170,0.8636637880367376
728,89849,0.9087748646424652
728,8778,0.8996386523956521
728,54918,0.9555091425289071
728,3482,0.8645443435938527
728,8338,0.8530668898622523
728,84658,0.8925606474647053
728,120892,0.9341517668958329
728,3927,0.8580196868194687
728,283349,0.9316744171519047
728,829,0.8510564327747566
728,7295,0.8997384422185125
728,7090,0.9677171519028652
728,8843,0.8972769564470197
728,7009,0.8584882150332577
728,81628,0.8709266733733201
728,22904,0.905169276541417
728,9103,0.9202946348708088
728,1084,0.8738393815404283
728,26578,0.8983806611384919
728,552891,0.9172847936636684
728,8125,0.955225777312538
728,23258,0.9525281210491101
728,26234,0.9581485252347697
728,5878,0.9151995020754126
728,23569,0.8686678805637096
728,25801,0.9001519185107058
728,338442,0.9087325803095678
728,83931,0.919701874791648
728,144423,0.9674430887848885
728,80301,0.9049038704610205
397,3020,0.8896874554825408
397,3385,0.8970457287495953
397,4542,0.8715383299913064
397,3687,0.8823146926493092
397,409,0.8895040561790231
397,11151,0.9001662366128912
397,91300,0.8863537440133447
397,120425,0.90315733128356
397,7408,0.9153193171422866
397,51734,0.9259581176355443
397,64386,0.9009745556727008
397,3059,0.9359306685742635
397,976,0.8638325286558886
397,64115,0.8808729826212859
397,9516,0.8668749048218976
397,2212,0.8862395694012829
397,4046,0.8516460405180426
397,1265,0.9220544944325421
397,63940,0.9204893099495979
397,407008,0.9187654255449625
397,4689,0.9186226225728467
397,6404,0.9288817135959438
397,290,0.8734089615301801
397,83719,0.8506745137018927
397,80325,0.9017174092809598
397,51312,0.8792939276528172
397,241,0.9122678491274578
397,79143,0.9042328749352326
397,27128,0.8851794488127805
397,23214,0.8605771473936968
397,6386,0.8855228748547395
397,54458,0.928699151697167
397,978,0.8759026337047018
397,7454,0.9064913522262886
397,963,0.8704152964789914
397,23401,0.9172065932110766
397,10487,0.9083627383596866
397,2358,0.8895675254395811
397,170954,0.876072453990112
397,126364,0.9071031486604638
397,7132,0.9251509577748908
397,55505,0.9091526079508129
397,146225,0.9004591256023095
397,7879,0.9019433410036434
397,6653,0.8586935153844372
397,54518,0.8923005066269544
397,116985,0.8765005839103029
397,79930,0.8836409954383248
397,87,0.8764010728765629
397,8698,0.8905746054631757
397,26020,0.8563470607403977
397,9770,0.8620741180066643
397,1912,0.9367192751908971
397,115727,0.8986452221484214
397,53829,0.8887889464935178
397,4947,0.8738678215507837
397,5724,0.8902884200271484
397,84649,0.9283126030448835
397,11240,0.8629887288697996
397,51170,0.8552361832605655
397,9260,0.9137544359588297
397,23558,0.8600108467984932
397,140885,0.8696416488563444
397,100500853,0.909962703979484
397,112268246,0.8981466624925591
397,10261,0.8953105217033728
397,8650,0.868126296065037
397,103910,0.8974238177787608
397,5899,0.8708798043644338
397,150372,0.8540670504424633
397,2790,0.8846356575438739
397,284996,0.8624888211506102
397,9170,0.8808848991911303
397,100507419,0.8579013074871475
397,829,0.862061524915297
397,7295,0.9366436842242846
397,81628,0.8689038831295612
397,22904,0.8675040923940905
397,26578,0.8501707191590436
397,552891,0.8843413326672992
397,6195,0.9237460926244138
397,8125,0.8996960998801503
397,26234,0.8572436730475065
397,23569,0.8560433774082706
397,25801,0.8914785493897291
397,144423,0.8841377396529426
397,80301,0.8752994156742062
3020,5997,0.8740544333769292
3020,5552,0.9464663077922059
3020,3936,0.8902719466825563
3020,723790,0.8592769226690105
3020,8337,0.8589271735884245
3020,3385,0.9448060124476615
3020,4542,0.9468472958273386
3020,654817,0.8536380416085712
3020,8875,0.9156823186562493
3020,3687,0.9333818894719209
3020,409,0.9267398611614415
3020,91300,0.9302966557365339
3020,120425,0.9475003281800094
3020,597,0.8992097686118306
3020,7408,0.9776886796145228
3020,654816,0.8581724899541691
3020,51734,0.9517043800318427
3020,2180,0.9065545311064725
3020,64386,0.9392527023081606
3020,64744,0.9035553279290436
3020,3059,0.9394913164104816
3020,976,0.9101364121449537
3020,64115,0.8974002767569813
3020,9516,0.93581673329494
3020,1439,0.9657973699649984
3020,2212,0.9587606483821297
3020,4046,0.9331469710186411
3020,1265,0.91218772239333
3020,1051,0.9515257988519756
3020,63940,0.9185570566549444
3020,7846,0.9042485988403172
3020,407008,0.9177799626182999
3020,4689,0.9529187518185231
3020,2771,0.8616904463614682
3020,101,0.9040818544338013
3020,8031,0.9254380116220278
3020,4814,0.9165464856574896
3020,290,0.8938401508172034
3020,83719,0.9165627322852614
3020,80325,0.9433802936329484
3020,51312,0.92260611787445
3020,241,0.8655306069382601
3020,2752,0.909223579946067
3020,79143,0.966986662101295
3020,29992,0.929105389230906
3020,27128,0.9414338791626065
3020,5093,0.8914661396417866
3020,23214,0.947006622445992
3020,4084,0.9568008781999394
3020,240,0.8734499126246741
3020,8334,0.929675239184765
3020,6386,0.9838162132812953
3020,6648,0.9754038211516028
3020,54458,0.9625498375762906
3020,5777,0.8729083593937639
3020,978,0.9175711968260079
3020,677,0.874725436041075
3020,60675,0.900121748377797
3020,64581,0.8587664333390315
3020,116496,0.9121303382432323
3020,7454,0.9547292171920242
3020,963,0.9107530114566202
3020,23401,0.9457906849358579
3020,10487,0.9249000948356837
3020,9802,0.8738716974751971
3020,3303,0.8804064532198622
3020,2358,0.96464519080972
3020,6398,0.863237779579481
3020,57580,0.8857446129266878
3020,170954,0.9605044173276686
3020,271,0.8877671803330058
3020,126364,0.9549601763723099
3020,7132,0.9340589881166064
3020,55505,0.8922044930530751
3020,146225,0.9441211707328129
3020,6397,0.9552728682248144
3020,65220,0.9328594109687413
3020,7879,0.9422196167427824
3020,6653,0.9046747500740533
3020,752,0.9092837029522494
3020,533,0.8944540066008423
3020,54518,0.9256566721617022
3020,116985,0.944031014706642
3020,55911,0.9143577607796007
3020,79930,0.9184482939351046
3020,8826,0.8861934641508874
3020,87,0.9560652641261798
3020,51291,0.9543271690008067
3020,26020,0.9470136918537954
3020,3310,0.939071580714174
3020,9770,0.9650990843140599
3020,1912,0.9500349848178598
3020,1032,0.9387119115567667
3020,115727,0.966627898379439
3020,53829,0.9537622656315803
3020,7462,0.8844147827889025
3020,4947,0.9773552605701746
3020,5724,0.9505067368631245
3020,162466,0.8557349349937767
3020,133,0.8934691890028894
3020,56905,0.9089648773905303
3020,84649,0.9283323993244476
3020,11240,0.8850009191875317
3020,8301,0.9648846380012825
3020,4067,0.96881786541339
3020,5089,0.9162341722988986
3020,51170,0.9758810103930778
3020,2885,0.8915838768474555
3020,9260,0.9617746666820338
3020,23558,0.9577122748026897
3020,126308,0.9071490341348447
3020,140885,0.8822587301641232
3020,9961,0.8753587074869702
3020,100500853,0.963831620722328
3020,112268246,0.9112066990519377
3020,10261,0.9538939975450305
3020,8650,0.9723016269744773
3020,25797,0.9453450790945438
3020,54210,0.9060186258079601
3020,5899,0.978542018498963
3020,150372,0.905433407424183
3020,339287,0.9405473997936835
3020,55313,0.9673973240794571
3020,10312,0.8590438890543761
3020,2790,0.9651896117373443
3020,284996,0.9704134370691692
3020,1955,0.9385413381524256
3020,6778,0.8790641689007721
3020,254896,0.9540117626723581
3020,5175,0.883052630796148
3020,4210,0.935613961987424
3020,9170,0.9139209626082523
3020,89849,0.945154345254331
3020,8778,0.9170944803085791
3020,54918,0.9378746191089349
3020,3482,0.9020413522098416
3020,84658,0.9223880631761604
3020,120892,0.9508103478534017
3020,100507419,0.8889737600482642
3020,3927,0.8723505010494811
3020,283349,0.9571792239312358
3020,829,0.8830727102263768
3020,7295,0.9320412304342581
3020,7090,0.9475985943064147
3020,257106,0.8532604294296042
3020,8843,0.8972861603236957
3020,81628,0.9107696511166217
3020,389541,0.8729993907585504
3020,22904,0.9276583246312347
3020,9103,0.9259226260840285
3020,1084,0.9353315649505066
3020,26578,0.922411394576235
3020,552891,0.9651064984781368
3020,6195,0.8699471491948814
3020,8125,0.9684962059261867
3020,23258,0.9442720404671163
3020,26234,0.9635659341992006
3020,5878,0.8612373115454321
3020,23569,0.8751365640292345
3020,25801,0.9478875085688091
3020,338442,0.9165475403964979
3020,83931,0.9530530533228729
3020,144423,0.9804381069512753
3020,80301,0.9185655223498748
3385,4542,0.9366786415590983
3385,8875,0.8855209496486357
3385,3687,0.8993351878692074
3385,409,0.8842263817357728
3385,11151,0.8945638730241754
3385,91300,0.9557135104836095
3385,120425,0.9315304060031059
3385,7408,0.9415926034443547
3385,51734,0.9493877050851921
3385,64386,0.9312847891376415
3385,64744,0.895868684621318
3385,3059,0.9221614368077155
3385,976,0.8973892431570861
3385,9516,0.9238454321706059
3385,1439,0.9172487761520177
3385,2212,0.8929915981566379
3385,4046,0.9164563329496378
3385,1265,0.9187350973135658
3385,1051,0.9209685465215053
3385,63940,0.9397937971305252
3385,407008,0.9305910498690441
3385,4689,0.9389499849944266
3385,101,0.8987374047432255
3385,8031,0.9078318557813767
3385,6404,0.8702711868367298
3385,4814,0.8950734763613043
3385,290,0.8522376951921626
3385,83719,0.9722272838631889
3385,80325,0.9842794042790014
3385,51312,0.8986429730834958
3385,241,0.8993751913855224
3385,79143,0.9624044371435021
3385,29992,0.8882958257277627
3385,27128,0.9073139759921012
3385,23214,0.9500655833699174
3385,4084,0.9112712036172947
3385,8334,0.9174251629254951
3385,6386,0.9079313589387279
3385,6648,0.9263054745628644
3385,54458,0.9338992270307415
3385,978,0.9173949890390348
3385,7454,0.9445969573542189
3385,23401,0.9492068464475754
3385,10487,0.8547270813025573
3385,3303,0.8573406622647441
3385,2358,0.9201851793262691
3385,57580,0.8821102857638174
3385,1116,0.9153344787748611
3385,170954,0.9407982469856618
3385,271,0.8573571503321005
3385,126364,0.9158364792579367
3385,7132,0.9300597640041772
3385,55505,0.8801089802006675
3385,146225,0.9753061597303089
3385,6397,0.9500755727012454
3385,65220,0.9001885334792276
3385,7879,0.8826504158644187
3385,6653,0.8804431746479628
3385,752,0.8978048273776704
3385,54518,0.8774350712892025
3385,116985,0.9159761859682871
3385,55911,0.874899899165348
3385,79930,0.8511193881864579
3385,87,0.9388483247018292
3385,51291,0.9174173689143452
3385,8698,0.8864697722066424
3385,26020,0.9596306576837
3385,3310,0.9201309649231046
3385,9770,0.9018183077038185
3385,55196,0.8538559168936948
3385,1912,0.9465705069890605
3385,1032,0.9051668738332725
3385,115727,0.9149398188410179
3385,53829,0.9217951055334006
3385,4947,0.9443438413338235
3385,5724,0.8927237170313705
3385,162466,0.9286361671361707
3385,84649,0.9257359216319184
3385,8301,0.8819728868158722
3385,4067,0.8763741082581776
3385,5089,0.9231940722070224
3385,51170,0.8962606034652819
3385,9260,0.9707719842035227
3385,23558,0.9599278875688589
3385,126308,0.8957916695118034
3385,9961,0.8812469931891871
3385,100500853,0.9290683399090243
3385,112268246,0.9279242781908305
3385,10261,0.9030384296936452
3385,8650,0.9001391862893271
3385,25797,0.9138770103299924
3385,5899,0.9015912069936863
3385,150372,0.8547039600163219
3385,339287,0.919270868658051
3385,55313,0.9340027562720772
3385,2790,0.8946282279842845
3385,284996,0.9195421217450804
3385,1955,0.8666989569633171
3385,6778,0.8649903286473967
3385,254896,0.9454566284978928
3385,4210,0.8908819923973916
3385,9170,0.9410205281122558
3385,89849,0.9503130536911742
3385,8778,0.8801117643510348
3385,3482,0.9183193195337905
3385,84658,0.9398086618450665
3385,120892,0.8921075302479861
3385,100507419,0.8994064697426181
3385,283349,0.9289048323377356
3385,7295,0.9222546231884067
3385,7090,0.9000890705198953
3385,81628,0.9378123241002359
3385,389541,0.929595069872775
3385,22904,0.9027338664381654
3385,1084,0.9385551884591002
3385,552891,0.894066573221719
3385,6195,0.8802619356196283
3385,89846,0.9192429919988275
3385,8125,0.9501930416094054
3385,23258,0.8923357524382489
3385,26234,0.8737311882372389
3385,23569,0.8619592997858475
3385,25801,0.8793228230921061
3385,338442,0.8663784780664433
3385,83931,0.9627593481832252
3385,144423,0.9342633425478042
3385,80301,0.8740039171321861
4542,5552,0.8977394084142734
4542,3936,0.903727229741295
4542,8875,0.8760115385052499
4542,3687,0.9561249716735446
4542,409,0.9290003684838988
4542,11151,0.872014516402461
4542,91300,0.8917890426179559
4542,120425,0.9287819657571452
4542,7408,0.960424190916229
4542,51734,0.9291587169549903
4542,2180,0.8635288216170804
4542,64386,0.9245619670087248
4542,3059,0.9320303618564686
4542,976,0.9657931614904955
4542,64115,0.8841428356834639
4542,9516,0.9438543278138286
4542,1439,0.9467330377098814
4542,2212,0.9234430750751524
4542,4046,0.9488030097909256
4542,1265,0.8673572842299931
4542,1051,0.9212499345955742
4542,63940,0.8971443128407506
4542,407008,0.8947907105788933
4542,4689,0.919681473901535
4542,2771,0.8869811971582416
4542,101,0.9526663838989657
4542,8031,0.9119342211531334
4542,6404,0.8906543244117875
4542,4814,0.904477852326087
4542,290,0.8903035235704885
4542,83719,0.9148736060805487
4542,80325,0.9426152864124091
4542,51312,0.8858028675646024
4542,241,0.8654696750194344
4542,2752,0.8653837745064428
4542,79143,0.9554628318438271
4542,29992,0.9117219230672704
4542,64333,0.8906206766843341
4542,27128,0.9398766216291516
4542,5093,0.8857514374745951
4542,23214,0.9205305073104297
4542,4084,0.9292050766213692
4542,8334,0.8930988583785183
4542,6386,0.937054026501516
4542,6648,0.9284378271121475
4542,54458,0.9433256685853034
4542,978,0.9056206923645382
4542,60675,0.8720614408519252
4542,116496,0.8745181614496103
4542,7454,0.9666898035096786
4542,963,0.8879168398709363
4542,23401,0.9350270315798537
4542,10487,0.9239072638115214
4542,9802,0.857862950975185
4542,9473,0.8668394181560829
4542,3303,0.8506115161314198
4542,2358,0.9180737146786064
4542,57580,0.9457353999614646
4542,170954,0.9625011201408191
4542,271,0.8718982802055755
4542,126364,0.9322697387387744
4542,7132,0.9409728868453933
4542,55505,0.8727701475308106
4542,146225,0.9097818659629324
4542,6397,0.9409966357322633
4542,65220,0.9089406045186746
4542,7879,0.9370853853887785
4542,6653,0.9047833517122155
4542,752,0.9639908441504749
4542,533,0.877642982499601
4542,54518,0.9118125210081283
4542,116985,0.9589730889131957
4542,55911,0.9530541171192481
4542,79930,0.8909751072234047
4542,8826,0.9016431895619597
4542,87,0.922645506856768
4542,51291,0.953799111850826
4542,26020,0.9451755178647926
4542,3310,0.9155761455199856
4542,9770,0.9222982392537598
4542,1912,0.9284345417742774
4542,1032,0.9157690791020434
4542,115727,0.9469625718273592
4542,53829,0.9226538741802017
4542,7462,0.879700295211757
4542,4947,0.9338372318691293
4542,5724,0.9245817800824442
4542,162466,0.8541819463420348
4542,56905,0.9052275597305803
4542,84649,0.9019400908387217
4542,11240,0.8601612163172276
4542,8301,0.9447327383352729
4542,4067,0.9236967567308837
4542,102465513,0.8521716042660872
4542,5089,0.8905688418305611
4542,51170,0.9168005731459731
4542,9260,0.9494070689061497
4542,23558,0.9348196176324279
4542,126308,0.9518984770115094
4542,9961,0.9104902466658741
4542,100500853,0.926042112737285
4542,7094,0.8916021933213064
4542,112268246,0.909863446061782
4542,10261,0.9193768454424864
4542,8650,0.9324096509929432
4542,25797,0.9159798554938837
4542,10109,0.8841471677799808
4542,54210,0.8566076396127242
4542,5899,0.9209571768797508
4542,150372,0.9000726813973501
4542,339287,0.9050750032139578
4542,55313,0.9361698688305321
4542,10312,0.9318406540730988
4542,2790,0.9039329660631803
4542,284996,0.9383559671693107
4542,1955,0.912334944551814
4542,6778,0.8823732501412282
4542,254896,0.92645153377261
4542,5175,0.8627747735355275
4542,4210,0.9181393696554622
4542,9170,0.912133969684253
4542,89849,0.9334272039355627
4542,8778,0.9074440158033992
4542,54918,0.8924983327750842
4542,3482,0.9400013161869568
4542,84658,0.912216448129327
4542,120892,0.907664279505455
4542,100507419,0.9219728936450129
4542,3927,0.9512250621220009
4542,283349,0.9187099678480859
4542,829,0.856342083329297
4542,7295,0.9042366370249959
4542,7090,0.9177789987635696
4542,257106,0.9300508688713376
4542,8843,0.8523802250766889
4542,81628,0.9552159391966201
4542,5829,0.8586284279464406
4542,389541,0.8586273036249081
4542,22904,0.9265764752620987
4542,9103,0.9051929756311992
4542,152007,0.8684089001805517
4542,1084,0.9150599767907183
4542,26578,0.9288300632586449
4542,552891,0.9044692451617744
4542,6195,0.924284864739617
4542,89846,0.8671606801056253
4542,8125,0.9414645148321751
4542,23258,0.8936797981870949
4542,26234,0.933653463358529
4542,5878,0.891155931814268
4542,23569,0.8720758385915378
4542,25801,0.8963257678850846
4542,338442,0.8803143999396397
4542,83931,0.9515610086649573
4542,144423,0.9479090744493509
4542,80301,0.9130768173602317
654817,120425,0.8601975237665144
654817,7408,0.8601451631373933
654817,654816,0.9962418995094389
654817,51734,0.8524706115177952
654817,2212,0.8508985403259062
654817,2867,0.9237763491162069
654817,4046,0.8603838998251624
654817,79143,0.8771227476130072
654817,29992,0.852821500590564
654817,23214,0.8583905293868968
654817,4084,0.9164278350896999
654817,8334,0.8783845702405334
654817,54458,0.8607974672063371
654817,5777,0.8517560989098477
654817,978,0.8528141894384023
654817,7454,0.8720237475032422
654817,3303,0.8740805386879148
654817,6398,0.8705191062709889
654817,170954,0.8739754517926637
654817,7132,0.8600146877226926
654817,4600,0.8531022690799909
654817,65220,0.9610910399273027
654817,3557,0.8617940465459376
654817,3310,0.8680672737448771
654817,115727,0.8568198296542396
654817,53829,0.8608574063413114
654817,51246,0.8862808141350121
654817,56905,0.880014442341202
654817,4067,0.8657618072806778
654817,100507006,0.8933678102611511
654817,9260,0.8553310559435642
654817,23558,0.9051021224082109
654817,126308,0.8559653085754322
654817,112268246,0.8533024867376823
654817,53917,0.9362068348657523
654817,10261,0.8685369936389155
654817,23347,0.8590366807159501
654817,55313,0.8555991793440155
654817,4210,0.9257079905312809
654817,89849,0.904064252168116
654817,8778,0.8943239705584928
654817,120892,0.8817257449842016
654817,7090,0.8798857038103539
654817,9111,0.9209477496148794
654817,1084,0.9040446635980892
654817,23258,0.8565230037231024
654817,83931,0.880765671231968
654817,80301,0.8601462044288185
8875,5552,0.8581988962343178
8875,3687,0.9233654279415512
8875,409,0.8670025195727032
8875,91300,0.8856408736073258
8875,120425,0.8752234226082394
8875,597,0.8871328055328307
8875,7408,0.9259697288132064
8875,51734,0.9054912074366285
8875,2180,0.9185929588205698
8875,64386,0.9382190008702578
8875,64744,0.8617953023359887
8875,3059,0.8812616581858972
8875,9516,0.8971938987993249
8875,1439,0.9117784268421387
8875,2212,0.9252867864906934
8875,4046,0.8850353590476095
8875,1265,0.8908640498557019
8875,1051,0.9129862700602832
8875,63940,0.893305564759056
8875,407008,0.8765804526415013
8875,4689,0.9198575655215876
8875,101,0.8591051609021427
8875,290,0.8788868788083337
8875,80325,0.8913139499658949
8875,51312,0.8832793667146543
8875,79143,0.8929096170757937
8875,27128,0.8932938600044954
8875,23214,0.9038442448497424
8875,4084,0.8872562721627951
8875,240,0.8639522367675909
8875,6386,0.9315009076254399
8875,6648,0.9108276798315538
8875,54458,0.905609077590218
8875,978,0.8928323469720357
8875,60675,0.8772312734676987
8875,116496,0.9169375208511077
8875,7454,0.8854650934171141
8875,23401,0.8924528734953097
8875,10487,0.8867645222189666
8875,2358,0.8938935507435033
8875,170954,0.8931288746229363
8875,126364,0.8852001436288518
8875,7132,0.8659368161708513
8875,146225,0.886158926994981
8875,6397,0.8739429804714659
8875,7879,0.9036905840768127
8875,6653,0.9046078744787083
8875,54518,0.9136161485186806
8875,116985,0.8658946448458288
8875,55911,0.8747305610002221
8875,8291,0.8993580297176628
8875,604,0.8914961731458718
8875,79930,0.8976923864845149
8875,8826,0.8692211721362406
8875,87,0.9302164365368655
8875,51291,0.9302923530342272
8875,26020,0.9173921343310694
8875,3310,0.8885020582243246
8875,9770,0.8926899366263928
8875,1912,0.9172560932692932
8875,1032,0.880262213281678
8875,115727,0.9105056754172942
8875,53829,0.8654682650699006
8875,4947,0.8594793126899127
8875,133,0.9046507486504856
8875,84649,0.898139064789223
8875,11240,0.8602642379432621
8875,8301,0.9035449105624872
8875,4067,0.8909473102618152
8875,51170,0.867561706168779
8875,9260,0.9105067172048877
8875,23558,0.8932560000302489
8875,140885,0.857661242834491
8875,100500853,0.9301687635891437
8875,10261,0.8614602420405648
8875,8650,0.9213051533170149
8875,25797,0.8969937921321403
8875,5899,0.9325857501493824
8875,339287,0.8973847949191124
8875,55313,0.8619508168925014
8875,2790,0.8996373170832275
8875,284996,0.9176797067530752
8875,1955,0.8756837538644969
8875,254896,0.8975362709521227
8875,4210,0.8625442113289522
8875,9170,0.9034062561420346
8875,89849,0.8672370805063664
8875,8778,0.8954011753756848
8875,8972,0.9071200526565188
8875,3482,0.8584348463051136
8875,120892,0.8766460026000269
8875,100507419,0.903788151435384
8875,283349,0.8834616595710552
8875,7295,0.8957186826495845
8875,7090,0.8929560708865293
8875,81628,0.8571702314329638
8875,22904,0.912820840989412
8875,9103,0.8843844225509013
8875,1084,0.8565869595149538
8875,26578,0.8808233998807979
8875,552891,0.8992875175325715
8875,8125,0.9076957038591359
8875,23258,0.869712219790543
8875,26234,0.9026748530970816
8875,23569,0.8565105358583038
8875,25801,0.9146807991514777
8875,83931,0.8754857378974951
8875,144423,0.9242254281482283
3687,5552,0.881450811139648
3687,3936,0.9074609151516696
3687,409,0.9100884387864346
3687,91300,0.8821697852815995
3687,120425,0.8995624046894611
3687,597,0.8554119911903711
3687,7408,0.9587116434960964
3687,51734,0.9308727594471445
3687,2180,0.9158093948874703
3687,64386,0.9523240633239223
3687,64744,0.8588130047440142
3687,3059,0.9247181695484601
3687,976,0.9228333389077447
3687,64115,0.8803238388225608
3687,9516,0.9390142737723987
3687,1439,0.9360209150292306
3687,2212,0.9483055428916232
3687,5880,0.8528770247090354
3687,4046,0.9273364591982377
3687,1265,0.8896321992768345
3687,1051,0.9058710301169551
3687,63940,0.8962696630367907
3687,407008,0.9084810171665705
3687,4689,0.9377230788127339
3687,101,0.9324387570371816
3687,6404,0.895335501977136
3687,290,0.9070505108761642
3687,83719,0.8732233230575395
3687,80325,0.9218306551837648
3687,51312,0.9147443967005755
3687,5788,0.8532673538969138
3687,241,0.8733455308222549
3687,79143,0.9377667348381991
3687,29992,0.8653832573651861
3687,64333,0.8629217790190368
3687,27128,0.9440881499027493
3687,23214,0.9082467644594652
3687,4084,0.911074187356679
3687,240,0.8799575692017135
3687,6386,0.9380232387717085
3687,6648,0.8957990385780534
3687,54458,0.9459232213184503
3687,978,0.8951596721708999
3687,60675,0.8906496792240134
3687,116496,0.9230909130121304
3687,7454,0.9381033154218641
3687,963,0.913160844744383
3687,23401,0.9316132590629066
3687,10487,0.9345219331171869
3687,9473,0.8524802294587422
3687,3303,0.8574785839256123
3687,2358,0.9226056622077103
3687,57580,0.91190116956631
3687,170954,0.9295564134328561
3687,126364,0.9180354410110646
3687,7132,0.9254661873484002
3687,55505,0.8746780026388301
3687,146225,0.8966440346463354
3687,6397,0.8971204598113856
3687,65220,0.8734676372905319
3687,7879,0.9362673370813399
3687,6653,0.9326136396938587
3687,752,0.9143475618617856
3687,54518,0.9430429709958207
3687,116985,0.93693031809951
3687,55911,0.944301452569107
3687,8291,0.9018741810689174
3687,604,0.8844322552062591
3687,79930,0.9301642701129054
3687,8826,0.9212891460418512
3687,87,0.9174533789034027
3687,51291,0.9518012490247549
3687,26020,0.9319236462046409
3687,3310,0.9029022539374018
3687,9770,0.9100703064309551
3687,1912,0.9407718396840619
3687,1032,0.9049348826350887
3687,115727,0.9431022722516762
3687,53829,0.917068192155184
3687,7462,0.8732240556874666
3687,4947,0.8877356765916102
3687,5724,0.8924472822121894
3687,133,0.8962294989223728
3687,56905,0.8583955832035636
3687,84649,0.9265904860432671
3687,11240,0.896033922866974
3687,8301,0.9313711668345913
3687,4067,0.9149429798337396
3687,102465513,0.8630726617421302
3687,51170,0.8888763704249825
3687,9260,0.9396942145980023
3687,23558,0.9034789788156937
3687,126308,0.9308920545333776
3687,140885,0.8920187769169255
3687,9961,0.8627769821250453
3687,100500853,0.9396483305472322
3687,7094,0.8987536528359614
3687,112268246,0.8971889188876709
3687,10261,0.9086008331786415
3687,8650,0.9391774461206663
3687,25797,0.8836389704966954
3687,10109,0.8715036117243641
3687,5899,0.9352665301783821
3687,150372,0.8806206127088435
3687,339287,0.8934251332463089
3687,55313,0.8889301638457906
3687,10312,0.905367922952204
3687,2790,0.9119438032581983
3687,284996,0.929777852149411
3687,1955,0.8844085051498722
3687,6778,0.8610045249931604
3687,254896,0.8956345770686176
3687,4210,0.8920544691733823
3687,9170,0.9148241778044376
3687,89849,0.9083597706097101
3687,8778,0.8849440496602976
3687,8972,0.8866634684734327
3687,54918,0.870039989079237
3687,3482,0.9011491795257093
3687,120892,0.8891628439548064
3687,100507419,0.9421847484217754
3687,3927,0.9140545978125705
3687,283349,0.8770638213971336
3687,829,0.8752151023434892
3687,7295,0.9003634199763868
3687,7090,0.887189443000685
3687,257106,0.9019310602900522
3687,81628,0.9121759922296637
3687,23218,0.8582206180822834
3687,5829,0.851165738136521
3687,22904,0.9276829417898024
3687,9103,0.9293947352825372
3687,1084,0.8791944990025873
3687,26578,0.9354303802612649
3687,552891,0.9124336348606108
3687,6195,0.9304943270011342
3687,8125,0.9180975515701542
3687,23258,0.854004609696957
3687,26234,0.9255694187636375
3687,23569,0.8753428930990339
3687,25801,0.9259072699473382
3687,83931,0.9037280321988397
3687,144423,0.9385484958220919
3687,80301,0.9019318014832157
409,7305,0.9197684363261998
409,5552,0.9121567747574789
409,3936,0.9138053617132733
409,11151,0.8743559334173034
409,91300,0.8546238589095503
409,120425,0.9659748241473854
409,597,0.889361073453814
409,7408,0.9605716585793156
409,51734,0.9431921727894652
409,2180,0.8770765504019423
409,64386,0.9069126726234832
409,3059,0.9621670445023469
409,976,0.9105261474314728
409,2268,0.8540252715314963
409,64115,0.9619360262704202
409,9516,0.8613256049150328
409,11337,0.888281537930515
409,1439,0.8910274964651134
409,2212,0.9419009981917489
409,10094,0.884579759729082
409,4046,0.934174370297006
409,1265,0.8827766525654348
409,1051,0.8997111682412773
409,63940,0.9171663404984013
409,7846,0.8840919577209735
409,407008,0.9260367373829571
409,4689,0.9336077964317233
409,2771,0.9236517540602257
409,2217,0.9028177365394751
409,6404,0.8818963386099279
409,4814,0.9002870174338058
409,1052,0.8776531731404527
409,290,0.914515514771116
409,80325,0.8941680867506977
409,51312,0.8736256698620724
409,241,0.8676739801724479
409,2752,0.8753274154631974
409,79143,0.9435153643743945
409,29992,0.9353055923027305
409,27128,0.9221314019622517
409,5093,0.8808750728718829
409,23214,0.8712429701995598
409,4084,0.8976235787269612
409,240,0.888996767920762
409,6386,0.9372373844672894
409,6648,0.8826470070826046
409,54458,0.9612811460831238
409,5777,0.8671627988226311
409,978,0.9519997434210495
409,60675,0.8596006509261235
409,64581,0.8549649340290768
409,7454,0.9698959618915481
409,963,0.9168849915660982
409,23401,0.9053338289251794
409,10487,0.9244777506555888
409,9802,0.8670240713763464
409,9473,0.9083085427700627
409,7133,0.8582096351073127
409,3303,0.8690032720996784
409,2358,0.9010456937639778
409,6398,0.9175741195149171
409,170954,0.9178653969050757
409,126364,0.9615049052662746
409,7132,0.9465411050711813
409,55505,0.9264421715237825
409,146225,0.8744528537620107
409,6397,0.8608507392477516
409,65220,0.8848256302482883
409,7879,0.949138625207852
409,752,0.8686212640938442
409,533,0.9207132420125952
409,54518,0.9092506000489275
409,4615,0.9008923937064224
409,5538,0.8577194507704375
409,116985,0.9321425671746989
409,55911,0.9353509419400347
409,8291,0.8711725585858525
409,79930,0.9385561155990845
409,87,0.9013549764428448
409,51291,0.9072184232858608
409,26020,0.8655562390936536
409,3310,0.8875637412915096
409,9770,0.9241363670259083
409,1912,0.9303633023505773
409,1032,0.9003425238819177
409,115727,0.9702565376524217
409,53829,0.9060796011975146
409,7462,0.8767079372952156
409,4947,0.9041653244725919
409,5724,0.9417392306294311
409,133,0.8558128868405993
409,56905,0.9019198259820872
409,84649,0.891229539161605
409,11240,0.8738711315247577
409,8301,0.9322547857866812
409,4067,0.9078869338266933
409,51170,0.9250134522844232
409,2885,0.8874283510579958
409,9260,0.93352735709311
409,23558,0.9068985208457288
409,126308,0.8789803288730479
409,140885,0.9147727446643186
409,9961,0.9216699836322355
409,100500853,0.9005841969843026
409,112268246,0.9290227609070885
409,53917,0.8763245377591342
409,10261,0.9452751902617585
409,8650,0.9214761264508392
409,25797,0.883113123716774
409,5899,0.9169448570171148
409,150372,0.9633011908197663
409,55313,0.9022791926864815
409,10312,0.9206120470443824
409,2790,0.8942476425664861
409,284996,0.9135047258677967
409,1955,0.8913826241721174
409,254896,0.867112740784981
409,5175,0.9025415954175244
409,4210,0.8943189008563136
409,9170,0.8884911567764747
409,89849,0.8992402832722944
409,8778,0.9092209534584992
409,54918,0.9149503373166814
409,10956,0.9000044283298703
409,120892,0.8666039231025555
409,283349,0.8608465075203203
409,829,0.8788028815140694
409,7295,0.9243334744774264
409,7090,0.9040636553336189
409,7009,0.8618499115476546
409,81628,0.8717731390653168
409,22904,0.9196472237005503
409,9103,0.9366211341447558
409,152007,0.9229228159287677
409,1084,0.8889060357296493
409,26578,0.8787906310776538
409,552891,0.8943893876411289
409,6195,0.883581809425205
409,8125,0.9168735443798227
409,23258,0.8783237814955943
409,2787,0.8796359716856839
409,26234,0.9289616188876165
409,5878,0.8679406735149044
409,23569,0.9077515676353516
409,25801,0.9129559558980438
409,338442,0.8606017220055898
409,83931,0.867051523060619
409,144423,0.9334191277257611
409,80301,0.9509472695571247
11151,91300,0.8775694238123727
11151,120425,0.9186452152787663
11151,7408,0.8903698752692404
11151,51734,0.9074615158952464
11151,3059,0.8846080873730061
11151,976,0.8553437680894235
11151,4046,0.8544033749089507
11151,1265,0.858669185155574
11151,63940,0.9002801838765663
11151,407008,0.9134235584699464
11151,4689,0.879578632082895
11151,6404,0.9324870485116448
11151,83719,0.861794046717749
11151,80325,0.9005927074355641
11151,241,0.8641648275043405
11151,79143,0.8785741987845676
11151,54458,0.8897064764462532
11151,978,0.8771695493595584
11151,7454,0.9080141469840463
11151,23401,0.897588011001167
11151,170954,0.8843590965275925
11151,126364,0.8874592017795847
11151,7132,0.9336389805130999
11151,55505,0.8964644823352733
11151,146225,0.8896091794564197
11151,116985,0.8774676311303596
11151,8698,0.9220434144832701
11151,3310,0.8559342236361022
11151,1912,0.8689864162440089
11151,115727,0.8618295974952335
11151,162466,0.8522201649149208
11151,9260,0.8886421376078363
11151,23558,0.8590730243720166
11151,126308,0.853206098162095
11151,9961,0.8848779158185285
11151,112268246,0.9014897512272142
11151,10261,0.8652068157720346
11151,103910,0.8504645950577988
11151,150372,0.8794435645967672
11151,9170,0.8842411862132571
11151,89849,0.8813716907673552
11151,7295,0.8997481988736623
11151,81628,0.8773475192555125
11151,389541,0.9030747363152961
11151,1084,0.8717103218398397
11151,6195,0.9109080964165587
11151,8125,0.8705381473220618
11151,80301,0.9005800520733372
91300,120425,0.9144471884268823
91300,7408,0.9351163917576459
91300,51734,0.9487407411288096
91300,2180,0.858249849684673
91300,64386,0.9416220352778976
91300,64744,0.8809503434017164
91300,3059,0.8789209677512233
91300,976,0.8669660713238234
91300,9516,0.9297115007409519
91300,1439,0.9167211844705191
91300,2212,0.9121634517428702
91300,4046,0.8581740613211228
91300,1265,0.93330543943819
91300,1051,0.8980002251929918
91300,63940,0.9563542748784025
91300,407008,0.9043312067495314
91300,4689,0.9433360774207648
91300,101,0.8835039355477599
91300,8031,0.8660853869863658
91300,83719,0.9502202549589732
91300,80325,0.9715899669490836
91300,51312,0.9602921502636693
91300,241,0.8576366723257052
91300,79143,0.9524410509048605
91300,27128,0.9284743826992037
91300,23214,0.9657582632313981
91300,4084,0.9123231587668362
91300,8334,0.9250028092144182
91300,6386,0.900359835542899
91300,6648,0.9156186137824238
91300,54458,0.9166097861465444
91300,978,0.880689050353753
91300,60675,0.8851180209693214
91300,116496,0.8707662425523477
91300,7454,0.9098370371137755
91300,23401,0.956610550415205
91300,3303,0.9018179836720144
91300,2358,0.9207352817693653
91300,170954,0.9410208850066653
91300,126364,0.8935610541164272
91300,7132,0.9329629348813017
91300,146225,0.9550190261835316
91300,6397,0.9142744938997308
91300,65220,0.9049242940649799
91300,6653,0.8642581436901527
91300,752,0.8612876753103441
91300,54518,0.8881485041315149
91300,116985,0.8667767364536104
91300,79930,0.8527421859144664
91300,87,0.9476809343477874
91300,51291,0.8962892006963847
91300,8698,0.9098387860821344
91300,26020,0.9473288022191868
91300,3310,0.9438806779903328
91300,9770,0.8709893572431155
91300,1912,0.9290693557303128
91300,1032,0.9159209746280194
91300,115727,0.9030775665828802
91300,53829,0.9148068193925308
91300,4947,0.9122349167274114
91300,5724,0.8546753084399449
91300,162466,0.9146646475536709
91300,84649,0.9277292146096514
91300,8301,0.8612299790473353
91300,4067,0.8704326612483505
91300,5089,0.891876147825756
91300,51170,0.8616778369127772
91300,9260,0.950535682630961
91300,23558,0.9583768275437035
91300,126308,0.8688316684765212
91300,9961,0.868155790470755
91300,100500853,0.9167341768911416
91300,112268246,0.9256482931609942
91300,10261,0.8954404433674852
91300,8650,0.8906323748425846
91300,25797,0.8965922934787633
91300,9750,0.8651371335188616
91300,5899,0.911630019842316
91300,339287,0.9095570326219703
91300,55313,0.8885648206142762
91300,2790,0.9166540156967975
91300,284996,0.9308351276330028
91300,254896,0.9372511436758509
91300,4210,0.8822654404342996
91300,9170,0.9447166239013752
91300,89849,0.9366435068971752
91300,8778,0.8998814430883264
91300,3482,0.8563964929496342
91300,84658,0.9038500235218834
91300,120892,0.8708724247711198
91300,100507419,0.9046730270822358
91300,283349,0.9162561146883528
91300,7295,0.9059300580784265
91300,7090,0.8896823348641272
91300,81628,0.920167535205812
91300,389541,0.8886765153991826
91300,22904,0.9120959132964898
91300,1084,0.961523998736224
91300,552891,0.9158727625207698
91300,6195,0.8646952163379601
91300,89846,0.9178095299202811
91300,8125,0.9205657091159262
91300,23258,0.8677229266062465
91300,26234,0.8741884840829187
91300,25801,0.9030203287708763
91300,83931,0.93277094580061
91300,144423,0.9197378728518376
91300,80301,0.8772898676331894
120425,7305,0.8905917731452426
120425,5552,0.8985483477955603
120425,3936,0.8611911336285246
120425,597,0.8540746981916166
120425,7408,0.966724406740909
120425,654816,0.8641878024276951
120425,51734,0.9653701121452037
120425,2180,0.8522729334486933
120425,64386,0.9101285724328042
120425,3059,0.9384137936157037
120425,976,0.8973776516167957
120425,64115,0.938597607500778
120425,9516,0.8772897382422215
120425,11337,0.8965740651019541
120425,1439,0.8951181869306006
120425,2212,0.932664138931834
120425,10094,0.8740932539496953
120425,4046,0.9307385654658594
120425,1265,0.9060550205794317
120425,1051,0.8972891274884851
120425,63940,0.9427138041480014
120425,7846,0.8646227061297362
120425,407008,0.9553903556893641
120425,4689,0.9510976272837355
120425,2771,0.9049639140746152
120425,2217,0.907017221595014
120425,8031,0.879152115803123
120425,6404,0.8856174444983695
120425,4814,0.9169721770929852
120425,290,0.91729546892593
120425,83719,0.8843972039337058
120425,80325,0.9335243105789311
120425,51312,0.9030861454954862
120425,241,0.8682207366274814
120425,2752,0.851890436392973
120425,79143,0.9536194839048648
120425,29992,0.9465170719139537
120425,27128,0.9125842720602099
120425,5093,0.894843904505409
120425,23214,0.8976522707839676
120425,4084,0.9082510407909965
120425,240,0.8579169165897474
120425,8334,0.8727831812736245
120425,6386,0.9389039833009138
120425,6648,0.9050134392829662
120425,54458,0.9562408565140027
120425,5777,0.8634926363312185
120425,978,0.9603525277124343
120425,60675,0.8648844948854492
120425,64581,0.8577558096153137
120425,7454,0.9674052635905748
120425,963,0.8894939435713356
120425,23401,0.9416589814748287
120425,10487,0.9008399416621374
120425,9473,0.8625214834432984
120425,3303,0.886045653023745
120425,2358,0.9038862724189395
120425,6398,0.9094974881411029
120425,170954,0.9421006526602814
120425,126364,0.9631747957386105
120425,7132,0.9636189456006915
120425,55505,0.9475766705033245
120425,146225,0.9305304725626342
120425,6397,0.8800573800084728
120425,65220,0.9108933723619147
120425,7879,0.92908000912216
120425,752,0.8637511671399866
120425,533,0.9234454610907417
120425,54518,0.9058388143166277
120425,116985,0.939186243013365
120425,55911,0.8961919397053795
120425,79930,0.9229954296901318
120425,87,0.9207595869823539
120425,51291,0.8936076500476422
120425,8698,0.8747440089429153
120425,26020,0.8904995062668367
120425,3310,0.9271107233363325
120425,9770,0.9389148415205234
120425,1912,0.9313198878632288
120425,1032,0.8889281303925795
120425,115727,0.9690239967701465
120425,53829,0.9259004817119482
120425,7462,0.8585051874137026
120425,4947,0.935309625470808
120425,5724,0.9511695567995234
120425,162466,0.8512798429862592
120425,56905,0.8925327769754614
120425,84649,0.9034655215689726
120425,8301,0.9169434333358553
120425,4067,0.9031322951370642
120425,51170,0.9344838026584971
120425,2885,0.8903930600072236
120425,9260,0.9582801295867299
120425,23558,0.9360269143541258
120425,126308,0.899343887743493
120425,140885,0.8778386429759227
120425,9961,0.9117992853419532
120425,100500853,0.8994845923636564
120425,112268246,0.9421075686168874
120425,53917,0.8819712845715322
120425,10261,0.9486607265892227
120425,8650,0.917704697589306
120425,25797,0.9344657844307949
120425,54210,0.8522058347356642
120425,5899,0.9174580089932832
120425,150372,0.9665477249596999
120425,55313,0.9244192492382874
120425,10312,0.8731349363055201
120425,2790,0.8976026284860857
120425,284996,0.9115114808602814
120425,1955,0.8859490422488848
120425,254896,0.8883330538171547
120425,5175,0.8954126017029662
120425,4210,0.8987486738474034
120425,9170,0.9258352543846388
120425,89849,0.9446133027427707
120425,8778,0.9169026264474195
120425,54918,0.9119194589027174
120425,84658,0.8664962906212729
120425,120892,0.877669797601442
120425,283349,0.8903896250964087
120425,829,0.8806479358046316
120425,7295,0.9611050503559679
120425,7090,0.9161545488507639
120425,8843,0.885320412798492
120425,81628,0.8854820580986416
120425,389541,0.9093358484753776
120425,22904,0.9064301947152406
120425,9103,0.9101626625271982
120425,152007,0.8820422290223321
120425,1084,0.9336483487042405
120425,26578,0.855887635476885
120425,552891,0.8974566075190091
120425,6195,0.8763984252969923
120425,8125,0.9452379290787547
120425,23258,0.8910589315571799
120425,26234,0.9206133656713041
120425,23569,0.9216064148270359
120425,25801,0.8985177055593042
120425,338442,0.9022889659373221
120425,83931,0.9105747818803862
120425,144423,0.9336503815032717
120425,80301,0.9539540527040041
597,5997,0.8514487760625138
597,5552,0.9245318207003075
597,3936,0.851896046205725
597,7408,0.8955387163797067
597,51734,0.8672615522239712
597,2180,0.8641190397375373
597,64386,0.8772843593695147
597,3059,0.8848407810427399
597,64115,0.886795794577649
597,1439,0.8732021579040262
597,2212,0.8961140608630875
597,4046,0.8601123410783176
597,1051,0.9388301130417647
597,7846,0.9060321900319361
597,4689,0.8859294240408732
597,2752,0.9369195717301372
597,79143,0.8733303534132004
597,29992,0.8577218345450318
597,27128,0.8842648760674903
597,4084,0.8794139122664012
597,240,0.8719938956386918
597,6386,0.9115617768142094
597,6648,0.8809135512259471
597,54458,0.9094219018320837
597,978,0.8798986869986074
597,677,0.8509483259394135
597,116496,0.8529572577930163
597,7454,0.8793635190092984
597,10487,0.8527421122846159
597,9802,0.8607754071890854
597,2358,0.8664826690217662
597,126364,0.872651478526172
597,7879,0.8886725112449909
597,55911,0.8690073209320275
597,79930,0.881968211558354
597,87,0.8614047638705675
597,51291,0.8902037421131458
597,9770,0.8562889823253548
597,1912,0.8863507009332295
597,1032,0.9072128535733273
597,115727,0.9022491671741836
597,4947,0.8637280529050964
597,5724,0.8637223353658693
597,133,0.8999371247397581
597,56905,0.869207031421564
597,8301,0.8904433723252017
597,4067,0.9036144446689738
597,51170,0.8807182178406876
597,9260,0.8819551122684639
597,23558,0.8611608290423264
597,140885,0.8615237692092672
597,100500853,0.8841298872554204
597,8650,0.8990302119438462
597,54210,0.8881535757908885
597,5899,0.9105687743484255
597,55313,0.8705880682403041
597,2790,0.8945226459741084
597,284996,0.9075261019438471
597,1955,0.8576914375078688
597,254896,0.8543357364185866
597,54918,0.873019935864704
597,120892,0.8542094288907295
597,7295,0.8638171694331646
597,7090,0.8974713781702124
597,22904,0.8783591257951573
597,9103,0.8861081196410687
597,26578,0.8524196848622486
597,552891,0.8946309750313605
597,8125,0.8762194934950017
597,23258,0.8637301066444867
597,26234,0.8841508123744659
597,25801,0.8791030492978782
597,144423,0.9054703314469165
7408,7305,0.8533324271710254
7408,5552,0.9215192742702573
7408,3936,0.9128459315767279
7408,654816,0.8659567244403938
7408,51734,0.9791434133872656
7408,2180,0.9241811194395624
7408,64386,0.9667185918803786
7408,64744,0.8892777129271581
7408,3059,0.9654081030762709
7408,976,0.925988488961025
7408,64115,0.9265309716900756
7408,9516,0.9368710341059386
7408,1439,0.9533830691731072
7408,2212,0.978335514068551
7408,10094,0.8509848845554551
7408,4046,0.949413366128243
7408,1265,0.9349236132708629
7408,1051,0.9424216690691593
7408,63940,0.9514533281955808
7408,7846,0.87968076358954
7408,407008,0.9427200514281916
7408,4689,0.9790066261677536
7408,2771,0.885084698652544
7408,101,0.9045035998448343
7408,2217,0.8541322773039107
7408,8031,0.8881294331841895
7408,6404,0.892232716594767
7408,4814,0.8978542541317411
7408,290,0.9234971031520866
7408,83719,0.901956006301402
7408,80325,0.9559019289757621
7408,51312,0.937921076621151
7408,241,0.8956541165085881
7408,2752,0.8834390182154298
7408,79143,0.9801897697580786
7408,29992,0.9262726777771225
7408,27128,0.9662851005068887
7408,5093,0.8893968265262651
7408,23214,0.9418676682514802
7408,4084,0.9448703760055627
7408,240,0.905188816511198
7408,8334,0.8999256995037213
7408,6386,0.9757164277961637
7408,6648,0.9451368199079387
7408,54458,0.9811505412201833
7408,5777,0.9049458503862701
7408,978,0.9456365004452448
7408,677,0.8570085743549616
7408,60675,0.9189418351626445
7408,116496,0.9158865582459859
7408,7454,0.9795798032352957
7408,963,0.9357870122594588
7408,23401,0.9666931112530591
7408,10487,0.9484968375814736
7408,9473,0.8676015787792899
7408,3303,0.921943901361041
7408,2358,0.955202443077307
7408,6398,0.8897099694618712
7408,57580,0.8761115295208941
7408,170954,0.97387368271626
7408,271,0.8533689872605703
7408,126364,0.9750363080920064
7408,7132,0.967896672374574
7408,55505,0.918644683858366
7408,146225,0.9422980092781955
7408,6397,0.9271252474079775
7408,65220,0.9283503659914565
7408,7879,0.9556677613875482
7408,6653,0.8992546981721419
7408,752,0.9124778492207934
7408,533,0.8949659761332702
7408,54518,0.9596272411195984
7408,4615,0.8640579509869237
7408,116985,0.9606683861736469
7408,55911,0.9520056490501574
7408,8291,0.9000840377358534
7408,604,0.8596170381427758
7408,79930,0.9571934215820963
7408,8826,0.8934950749578677
7408,87,0.9568165634532058
7408,51291,0.9580095053572797
7408,8698,0.8599591574159698
7408,26020,0.9422164743850033
7408,3310,0.9523711863323348
7408,9770,0.9575758281056362
7408,1912,0.9654884730020673
7408,1032,0.9400630670079577
7408,115727,0.9853795225075513
7408,53829,0.9489620427203405
7408,7462,0.8975067918827417
7408,4947,0.949419924703191
7408,5724,0.946265974026909
7408,133,0.9097844313674383
7408,56905,0.9057591177284907
7408,84649,0.9496411437000053
7408,11240,0.9111601620522682
7408,8301,0.9608865616203136
7408,4067,0.9542978776447598
7408,5089,0.8807422155268219
7408,51170,0.9453139513252528
7408,2885,0.8969278348293439
7408,9260,0.9768440884478445
7408,23558,0.9531596467105018
7408,126308,0.9331178480465958
7408,140885,0.9106456636370767
7408,9961,0.9125729085674111
7408,100500853,0.9548498880647738
7408,7094,0.8634312502914929
7408,112268246,0.9462606543335321
7408,53917,0.8621794111520964
7408,10261,0.9639357235820237
7408,8650,0.9673273327769629
7408,25797,0.9389758318922058
7408,54210,0.8568680099802621
7408,5899,0.9721897931861141
7408,150372,0.9419108353569231
7408,339287,0.9114663787783904
7408,55313,0.9394024893694437
7408,10312,0.9039501422363835
7408,2790,0.9520023892857646
7408,284996,0.9641748118664918
7408,1955,0.9182250000933192
7408,6778,0.8713424142012332
7408,254896,0.9357864785599164
7408,5175,0.8724030820068867
7408,4210,0.9302307352378003
7408,9170,0.9447494802929057
7408,89849,0.9447374855654446
7408,8778,0.9347032185212439
7408,54918,0.9205817961505678
7408,3482,0.8776325973545326
7408,84658,0.8900269803581518
7408,120892,0.9175569250903878
7408,100507419,0.9180485898454279
7408,3927,0.8835248256543468
7408,283349,0.9261096279012697
7408,829,0.9158473620180075
7408,7295,0.945113233377679
7408,7090,0.9382359867302463
7408,257106,0.8873690363483523
7408,8843,0.8617524599809608
7408,81628,0.9258472780326185
7408,389541,0.8647387871207034
7408,22904,0.9535714468720192
7408,9103,0.9524760608061423
7408,152007,0.8676380671644913
7408,1084,0.9378100916232068
7408,26578,0.930180537679465
7408,552891,0.9519796534318845
7408,6195,0.9186827289706928
7408,8125,0.9704109426524717
7408,23258,0.9090451558664506
7408,26234,0.9642320185579247
7408,23569,0.9120868306243229
7408,25801,0.9598843837220856
7408,338442,0.8856605585652926
7408,83931,0.941881565279167
7408,144423,0.9758388726109998
7408,80301,0.9546969203154801
654816,51734,0.8600067840817651
654816,1439,0.8510190065231586
654816,2212,0.8554935045728588
654816,2867,0.92875631493304
654816,4046,0.8600695380324686
654816,63940,0.8541987251702369
654816,4689,0.8512984112646556
654816,80325,0.8526728814252432
654816,79143,0.880623226515223
654816,29992,0.8571776774998296
654816,23214,0.8612077125565434
654816,4084,0.9186406953934314
654816,8334,0.8843461293269094
654816,54458,0.8688748632304469
654816,5777,0.8584904227467132
654816,978,0.8613387400038284
654816,7454,0.8756479929056625
654816,3303,0.881700736004013
654816,6398,0.8748588066915491
654816,170954,0.8746115470173847
654816,7132,0.8624018522378202
654816,4600,0.8503244498386607
654816,6397,0.8503510989444139
654816,65220,0.9600972222348497
654816,3557,0.8611566645028589
654816,26020,0.8508252385353896
654816,3310,0.869313605409654
654816,1032,0.8516566448514225
654816,115727,0.8614916438873196
654816,53829,0.8628413045393332
654816,51246,0.8884458388616899
654816,56905,0.8800345210349564
654816,4067,0.8665655083984425
654816,100507006,0.9051574112836414
654816,9260,0.8625484003069394
654816,23558,0.9098238530232406
654816,126308,0.8547797636635097
654816,112268246,0.8568501795722505
654816,53917,0.9369222145964913
654816,10261,0.8747080283438703
654816,23347,0.8568564116965552
654816,55313,0.8574850502689904
654816,284996,0.8528833503517761
654816,254896,0.8531441382371286
654816,4210,0.923858876381246
654816,89849,0.9116409910806096
654816,8778,0.8919717780147141
654816,120892,0.8829949740875751
654816,7090,0.879349689644803
654816,9111,0.9195923844989529
654816,1084,0.9065426400875797
654816,23258,0.8549179144393017
654816,83931,0.8816591314276419
654816,80301,0.86202585670572
51734,5552,0.8673643576399045
51734,2180,0.8947455796457818
51734,64386,0.9673678109130991
51734,64744,0.883254587353727
51734,3059,0.9540899387536333
51734,976,0.9009521233484816
51734,64115,0.9051898204087224
51734,9516,0.9260166865013124
51734,1439,0.916298555596674
51734,2212,0.9579118738732281
51734,4046,0.9162856220062503
51734,1265,0.9509058381386798
51734,1051,0.9135330176319679
51734,63940,0.9736781646184707
51734,407008,0.9597541878439658
51734,4689,0.9913104755174854
51734,101,0.8738112143967114
51734,6404,0.910717639649524
51734,4814,0.8598346438050469
51734,290,0.8967674679638968
51734,83719,0.9082055690101284
51734,80325,0.9671397090690349
51734,51312,0.9339699025977167
51734,241,0.9244563651627643
51734,79143,0.9783471006588543
51734,29992,0.883382170036063
51734,27128,0.9607009323322637
51734,23214,0.9405123495428501
51734,4084,0.909576404895244
51734,240,0.8812953351322874
51734,8334,0.8744740392149302
51734,6386,0.9364097781386826
51734,6648,0.9081540572425987
51734,54458,0.9738868584922147
51734,5777,0.8736772853717519
51734,978,0.9458500923801606
51734,60675,0.901811903465638
51734,116496,0.884097274973466
51734,7454,0.9687023944365547
51734,963,0.9064525917273143
51734,23401,0.9747802406510118
51734,10487,0.893962137727495
51734,3303,0.9201145493826453
51734,2358,0.9351072657040799
51734,6398,0.8830344192616898
51734,170954,0.9449739884767365
51734,126364,0.9513391139151108
51734,7132,0.9758502387926133
51734,55505,0.925572883440571
51734,146225,0.9611284740728196
51734,6397,0.8932471593626373
51734,65220,0.9073775754650538
51734,7879,0.9047654800511266
51734,6653,0.8725628326876996
51734,752,0.8655061071874512
51734,533,0.8564347434628208
51734,54518,0.9410884744364906
51734,116985,0.9294813642527067
51734,55911,0.9265308474658571
51734,8291,0.8855078751117369
51734,79930,0.9328483158820079
51734,87,0.9362020654892749
51734,51291,0.9160649631635622
51734,8698,0.9212676507695191
51734,26020,0.9327217431795713
51734,3310,0.9593512963299341
51734,9770,0.9132331715943737
51734,1912,0.9693223412465583
51734,1032,0.917386698618079
51734,115727,0.9605635597980569
51734,53829,0.9363793089164334
51734,7462,0.8642150630704178
51734,4947,0.9213123569392022
51734,5724,0.9155837410375042
51734,133,0.8814566777951071
51734,56905,0.8516116983827803
51734,84649,0.9652704535957269
51734,11240,0.8882347245268616
51734,8301,0.9028245257419275
51734,4067,0.901834925457328
51734,51170,0.9002538224536515
51734,9260,0.9775402928873879
51734,23558,0.9418094813314436
51734,126308,0.9145651843132069
51734,140885,0.8695713483109898
51734,9961,0.9016990362760124
51734,100500853,0.9325716832713966
51734,112268246,0.9766209783347517
51734,10261,0.9404003565327499
51734,8650,0.9226754785691234
51734,25797,0.9149788338336322
51734,5899,0.9366136066701521
51734,150372,0.9204375913658777
51734,339287,0.8838321305836747
51734,55313,0.8985252888783904
51734,10312,0.8727540598327123
51734,2790,0.9341718366467529
51734,284996,0.9339065818161768
51734,1955,0.8597726854753751
51734,254896,0.9179560805898728
51734,4210,0.8928851201394389
51734,9170,0.9583891111472149
51734,89849,0.9344870169539442
51734,8778,0.9182828274791617
51734,54918,0.8600348456203624
51734,84658,0.8608790231671773
51734,120892,0.8735611995336271
51734,100507419,0.9107252390900519
51734,283349,0.8890276870060174
51734,829,0.8748947757650053
51734,7295,0.9533203830114463
51734,7090,0.8952520638564965
51734,81628,0.9101452514629936
51734,389541,0.8792919626401864
51734,22904,0.9374111550553408
51734,9103,0.9163717927308812
51734,1084,0.9458696823480351
51734,26578,0.8791962572716765
51734,552891,0.9337763389565008
51734,6195,0.925794567840671
51734,89846,0.8623714020729915
51734,8125,0.9459520830048075
51734,23258,0.8630980257951717
51734,26234,0.9141653469636083
51734,23569,0.9035648488230633
51734,25801,0.9412203054110015
51734,83931,0.9159233739180394
51734,144423,0.9452948620033033
51734,80301,0.938296941788004
2180,5552,0.8500984913436125
2180,3936,0.8753807677565256
2180,64386,0.9355719268947035
2180,3059,0.868847402770794
2180,9516,0.9118171269927862
2180,1439,0.9277598783718961
2180,2212,0.9738100291206256
2180,1265,0.9034993829103475
2180,1051,0.8784269716588186
2180,63940,0.8735774146915718
2180,4689,0.9146836606257772
2180,80325,0.8555832237601559
2180,51312,0.914833876611582
2180,79143,0.8997548760963432
2180,27128,0.93361007366218
2180,23214,0.9068092265167991
2180,4084,0.9049978360388092
2180,240,0.9085730983809698
2180,6386,0.9406701376921452
2180,6648,0.8918591259775002
2180,54458,0.8953276124819164
2180,60675,0.9438455258777075
2180,116496,0.9725174165480188
2180,7454,0.8697350050874004
2180,963,0.8874810213837249
2180,23401,0.9078582281300281
2180,10487,0.8975702180337075
2180,3303,0.8704594289283717
2180,2358,0.9369466693100643
2180,170954,0.8985283243980038
2180,126364,0.8704061846794406
2180,7132,0.8827907226557185
2180,65220,0.863472336604375
2180,7879,0.8788771857245388
2180,6653,0.9122140014294866
2180,54518,0.9542663102945653
2180,4615,0.8555165627652953
2180,55911,0.8871392869518646
2180,8291,0.9651145225129952
2180,604,0.9175514013893995
2180,79930,0.9246176794272895
2180,8826,0.903632988729881
2180,87,0.929392251648172
2180,51291,0.9221957444277927
2180,26020,0.8899611194581496
2180,3310,0.9095447791348201
2180,9770,0.8887034663584212
2180,1912,0.8855873238980148
2180,1032,0.8771367207405316
2180,115727,0.9123792489088954
2180,53829,0.9077177042722699
2180,133,0.9455764646848659
2180,84649,0.8957506917782008
2180,11240,0.9348037925927986
2180,8301,0.9258238914133053
2180,4067,0.9142544517804595
2180,51170,0.8672339485850583
2180,9260,0.872410528012564
2180,23558,0.8681572990033112
2180,140885,0.8829868417584265
2180,100500853,0.911655479901246
2180,10261,0.9026991004130844
2180,8650,0.9418566817578637
2180,306,0.9068609689828526
2180,25797,0.8599537238241375
2180,9750,0.8574736390681059
2180,5899,0.9483015636987548
2180,339287,0.8990894919792047
2180,2790,0.9364884883840773
2180,284996,0.936961866525503
2180,1955,0.864985338667123
2180,254896,0.889475370953638
2180,4210,0.8959737004131242
2180,9170,0.8719636402386778
2180,8778,0.9185326397461
2180,8972,0.9334072108321962
2180,120892,0.8879581612268402
2180,100507419,0.9013832844168251
2180,283349,0.8799648168461903
2180,829,0.9073083834617361
2180,7090,0.8817780603172268
2180,22904,0.9370747255191477
2180,9103,0.9360158604762725
2180,1084,0.8680326425617069
2180,26578,0.8896129053175215
2180,552891,0.9364120565906153
2180,8125,0.8673882182221736
2180,23258,0.8634865123474404
2180,26234,0.9427101793731465
2180,25801,0.9675968750938944
2180,144423,0.9152698482331516
2180,80301,0.8626632753788662
64386,64744,0.8900053692618759
64386,3059,0.9309739098856934
64386,976,0.8979015833840907
64386,64115,0.8591415389139457
64386,9516,0.949186291037397
64386,1439,0.9449886437948467
64386,2212,0.9648241348175198
64386,4046,0.9035221765831567
64386,1265,0.955403756357528
64386,1051,0.9342110781212025
64386,63940,0.9554062242468296
64386,407008,0.9165217934507465
64386,4689,0.9783567674556066
64386,101,0.9029880128562153
64386,6404,0.8799008938322883
64386,290,0.8834138138318519
64386,83719,0.8972285379123233
64386,80325,0.9631054495835445
64386,51312,0.9459920995409171
64386,241,0.9032101199257565
64386,79143,0.968736938529331
64386,27128,0.9642365117116978
64386,23214,0.9639319905254893
64386,4084,0.9182498520448887
64386,240,0.8897717129877166
64386,8334,0.8769394091959782
64386,6386,0.9377245284633405
64386,6648,0.9203723598288707
64386,54458,0.9525801209309486
64386,5777,0.8512494031936293
64386,978,0.91468087549898
64386,60675,0.9288823272256771
64386,116496,0.9457948069787595
64386,7454,0.9402609955002798
64386,963,0.8789275680660039
64386,23401,0.962843674185142
64386,10487,0.8997428798175675
64386,3303,0.9022981720924005
64386,2358,0.9421814190819834
64386,57580,0.8721858615769091
64386,170954,0.938776125546285
64386,126364,0.9194917737197714
64386,7132,0.9421833932687133
64386,55505,0.860456275405883
64386,146225,0.9334056881146757
64386,6397,0.9125066190453645
64386,65220,0.8811974833368384
64386,7879,0.8944501144633126
64386,6653,0.9305389788979743
64386,752,0.8847446585817994
64386,54518,0.9563890057838242
64386,116985,0.9112012662883044
64386,55911,0.9251681363943896
64386,8291,0.9215792178353287
64386,604,0.8732394453588633
64386,79930,0.9359759158591866
64386,8826,0.8678308129106655
64386,87,0.9590204582346507
64386,51291,0.9548245785583402
64386,8698,0.876857984586558
64386,26020,0.9579096864396262
64386,3310,0.9398848836513753
64386,9770,0.9036597284574299
64386,1912,0.9649688605105676
64386,1032,0.9281885180817028
64386,115727,0.9433971115347082
64386,53829,0.9233095653512364
64386,4947,0.8930175191722922
64386,5724,0.8783158945220736
64386,133,0.923192873812562
64386,84649,0.9701636190591268
64386,11240,0.9244914593064448
64386,8301,0.9092320403211289
64386,4067,0.9052049598382946
64386,5089,0.8765437542910302
64386,51170,0.8705945437968201
64386,9260,0.9685950403517947
64386,23558,0.93234243376689
64386,126308,0.8947868709212936
64386,140885,0.8684567296202872
64386,9961,0.875233642921817
64386,100500853,0.9500676872804694
64386,112268246,0.9365836179345293
64386,10261,0.9109140355881045
64386,8650,0.939114574417002
64386,25797,0.8993955415743
64386,9750,0.8684679908033781
64386,5899,0.9476442576634039
64386,150372,0.8642171402531825
64386,339287,0.9358448670065601
64386,55313,0.8855508670720863
64386,10312,0.8526633213823711
64386,2790,0.9442653521269878
64386,284996,0.9518166863796734
64386,1955,0.8644596272034831
64386,254896,0.939796644137119
64386,4210,0.8939511646180999
64386,9170,0.9578778967287429
64386,89849,0.9133265189849499
64386,8778,0.9126982577691373
64386,8972,0.8965043527349275
64386,3482,0.8776224072461142
64386,84658,0.8704171398120537
64386,120892,0.8920671527388636
64386,100507419,0.9681500966276808
64386,283349,0.9071009244888049
64386,829,0.8589811234686452
64386,7295,0.9079153126324944
64386,7090,0.9045296726718057
64386,257106,0.8665054912461008
64386,81628,0.9181349375493706
64386,22904,0.9655667557366897
64386,9103,0.909438586485604
64386,1084,0.9184242590360687
64386,26578,0.8884950811566343
64386,552891,0.9438268703028594
64386,6195,0.9112325413350985
64386,89846,0.8879949754172675
64386,8125,0.9314918757262171
64386,23258,0.8694337307159332
64386,26234,0.9180780319848457
64386,23569,0.8757912945624264
64386,25801,0.9546837861161854
64386,83931,0.9125957148924557
64386,144423,0.9526580048842809
64386,80301,0.8897134835385959
64744,3059,0.8866571260412349
64744,1439,0.8805963841171143
64744,2212,0.8733885807021073
64744,4046,0.853766839666323
64744,1265,0.8913900272849777
64744,1051,0.8680461603332094
64744,63940,0.8721783056068214
64744,407008,0.8833510036440367
64744,4689,0.8988797578052596
64744,83719,0.8805295612254503
64744,80325,0.8997743459235119
64744,51312,0.8525969445218227
64744,241,0.8536028881957927
64744,79143,0.9045338283582827
64744,27128,0.8554565005696031
64744,23214,0.8945796511285775
64744,4084,0.8796981864973664
64744,240,0.857968153360663
64744,6386,0.8820567943865207
64744,6648,0.8569900135778219
64744,54458,0.9072619383515411
64744,978,0.866312192675771
64744,116496,0.8506573455345356
64744,7454,0.8814613470996545
64744,23401,0.8652005327882009
64744,2358,0.8944915504266793
64744,1116,0.8560196406042161
64744,170954,0.8598389651980396
64744,126364,0.8812074039307924
64744,146225,0.877250393811996
64744,6397,0.902529662717316
64744,7879,0.8560225022933896
64744,116985,0.8597997477420777
64744,79930,0.871705702966533
64744,87,0.8883141541421019
64744,51291,0.8878642430261822
64744,26020,0.8986518251567018
64744,9770,0.8878766778051287
64744,1912,0.9360909732830659
64744,1032,0.8600332163167898
64744,115727,0.8901099978147493
64744,53829,0.8931265882318368
64744,4947,0.8961574731621885
64744,5724,0.8739304706111752
64744,84649,0.8856954382231318
64744,8301,0.8520889348029175
64744,4067,0.8838719675281697
64744,5089,0.8790530462395764
64744,51170,0.8572504079374962
64744,100507006,0.8606884371174448
64744,9260,0.9152796841860228
64744,23558,0.9062890916791299
64744,100500853,0.9402959902942285
64744,10261,0.8747921767080374
64744,8650,0.9108135137049642
64744,5899,0.9030734955161815
64744,339287,0.881260978977918
64744,55313,0.9015197849025633
64744,2790,0.8605626839200556
64744,284996,0.8851673925818332
64744,1955,0.8654878566811837
64744,6778,0.8688602445043275
64744,254896,0.8898417912033545
64744,4210,0.8638029816267471
64744,89849,0.8835128676195256
64744,120892,0.8841130488437973
64744,283349,0.8639571817103286
64744,7090,0.870669056260981
64744,552891,0.859864012559301
64744,8125,0.9104249125848869
64744,23258,0.8587979366441783
64744,25801,0.8724490732167035
64744,83931,0.8899016560561704
64744,144423,0.9082953229656751
3059,7305,0.873141906629472
3059,5552,0.8919017468177548
3059,3936,0.9121537643981823
3059,976,0.9026375605046769
3059,64115,0.9452079315446558
3059,9516,0.8812020184129064
3059,1439,0.8983745744519528
3059,2212,0.9336232259543777
3059,10094,0.8734602272639607
3059,4046,0.93348452306357
3059,1265,0.9209706789454378
3059,1051,0.9040944216979141
3059,63940,0.924236952912765
3059,407008,0.9395039325858451
3059,4689,0.9518760090469276
3059,2771,0.8905031095353277
3059,2217,0.8645300147424118
3059,6404,0.9042884628893579
3059,4814,0.8781638822063156
3059,1052,0.8505227520954155
3059,290,0.911260084405292
3059,83719,0.8622070020171797
3059,80325,0.9242009561575191
3059,51312,0.8784910509914726
3059,241,0.9334608190930278
3059,79143,0.9572611775346287
3059,29992,0.9100509309141017
3059,27128,0.9282509259275129
3059,5093,0.8610201178383016
3059,23214,0.8939120047545676
3059,4084,0.8833143254553942
3059,240,0.8975276865567152
3059,6386,0.9360907312526064
3059,6648,0.8866580871350808
3059,54458,0.9771953172344607
3059,5777,0.8708089382216361
3059,978,0.932956561955907
3059,60675,0.8536228248101079
3059,116496,0.872333093070093
3059,7454,0.9711508952603014
3059,963,0.9299591347530646
3059,23401,0.921244467131647
3059,10487,0.9427445860612869
3059,9802,0.8627627421006596
3059,9473,0.8612246926967326
3059,3303,0.8581114368165428
3059,2358,0.9308158776399987
3059,6398,0.8555032414442468
3059,170954,0.9214146076432641
3059,126364,0.9638460936935231
3059,7132,0.9446378990506415
3059,55505,0.9183502904130832
3059,146225,0.9112867464322589
3059,6397,0.8925408738324889
3059,65220,0.8608234174739923
3059,7879,0.9535137224432259
3059,6653,0.8740410937936762
3059,752,0.8593131095060647
3059,533,0.8930326980471707
3059,54518,0.9189799705363206
3059,116985,0.9418190916402498
3059,55911,0.9333767187625107
3059,8291,0.8721774495768915
3059,79930,0.9391705935374283
3059,8826,0.8696767727823953
3059,87,0.9041648108043636
3059,51291,0.9196257781193257
3059,26020,0.9001864586006335
3059,3310,0.8785299458177009
3059,9770,0.9291252041660358
3059,1912,0.9682426794970234
3059,1032,0.9059956743282432
3059,115727,0.9588991851648025
3059,53829,0.9208560370486316
3059,7462,0.881911104798069
3059,4947,0.926436338032551
3059,5724,0.9441657752421088
3059,133,0.875353006004697
3059,56905,0.8600171342909226
3059,84649,0.942269441721352
3059,11240,0.9039759291042521
3059,8301,0.9189490000781275
3059,4067,0.9052599101418425
3059,51170,0.920484630352458
3059,2885,0.886966852271773
3059,9260,0.9496412708314114
3059,23558,0.9151214877708902
3059,126308,0.8893710639741942
3059,140885,0.9204066926883393
3059,9961,0.8960649795083424
3059,100500853,0.9451752755071907
3059,112268246,0.9383974966057592
3059,10261,0.9425857315550281
3059,8650,0.9321617646668885
3059,25797,0.8745032650564206
3059,10109,0.8510723828869571
3059,5899,0.9301256868720604
3059,150372,0.9219658666397064
3059,339287,0.861999512314597
3059,55313,0.9102169110394157
3059,10312,0.8961723159572959
3059,2790,0.9176301440455594
3059,284996,0.9186342951621602
3059,1955,0.8969130651267142
3059,6778,0.851905759781991
3059,254896,0.8854418880976245
3059,5175,0.8829656412537504
3059,4210,0.8739090319594748
3059,9170,0.8873212002469226
3059,89849,0.8905352363034107
3059,8778,0.8660795872753272
3059,54918,0.9091377703397487
3059,120892,0.8653165175004073
3059,100507419,0.8708578456109584
3059,3927,0.8602019833413818
3059,283349,0.8796698180149963
3059,829,0.8794351602169892
3059,7295,0.9304337079720476
3059,7090,0.8848128107134476
3059,257106,0.8680038625199731
3059,81628,0.8939634894798784
3059,22904,0.922101617202012
3059,9103,0.9112781437354414
3059,152007,0.8839183891100661
3059,1084,0.8759512557709535
3059,26578,0.909104951792587
3059,552891,0.9175549066233222
3059,6195,0.9254189373239764
3059,8125,0.9494280404421803
3059,23258,0.8610868584173776
3059,26234,0.9156272623316173
3059,23569,0.9020466590881504
3059,25801,0.9353121830860815
3059,83931,0.8925060103343769
3059,144423,0.9455158758258195
3059,80301,0.930441572243093
976,5552,0.8726068009340042
976,3936,0.8749244107091445
976,64115,0.8617956198772325
976,9516,0.9228364975611062
976,1439,0.9072011844493557
976,2212,0.8959604977488851
976,5880,0.8508859213492486
976,4046,0.9085092568772154
976,1051,0.8926082896170282
976,63940,0.8840508914828968
976,407008,0.8603504844187139
976,4689,0.8816264289161414
976,101,0.9322349862995671
976,8031,0.8762421730126877
976,6404,0.8961459989275339
976,4814,0.8691882459434482
976,83719,0.8744051900397619
976,80325,0.9060267135036802
976,51312,0.8690342902453557
976,241,0.8520528049894679
976,79143,0.9317252345767911
976,29992,0.8598351701122875
976,64333,0.8779518331218528
976,27128,0.9267813473673991
976,23214,0.8979730613198059
976,4084,0.909715391795689
976,8334,0.8600388149018596
976,6386,0.8997912048451547
976,6648,0.8900765142147011
976,54458,0.9210889941906966
976,978,0.8762989637407534
976,7454,0.9409043657705223
976,963,0.8666616650183278
976,23401,0.9049659268387167
976,10487,0.8880529017865817
976,9473,0.8592601913755933
976,2358,0.8853690063253494
976,57580,0.9072568357559658
976,170954,0.926225206697902
976,126364,0.8992479720811911
976,7132,0.9260732636541799
976,146225,0.8699594352906691
976,6397,0.8953995662161108
976,65220,0.8867728424430772
976,7879,0.8966852814739812
976,6653,0.8766470179194363
976,752,0.9392994516684636
976,54518,0.8817145250035714
976,116985,0.908157312238634
976,55911,0.938287977268892
976,79930,0.8559841602926355
976,8826,0.8563093433157085
976,87,0.8960365475476585
976,51291,0.9171581007459984
976,26020,0.9081583408184973
976,3310,0.8761797616937509
976,9770,0.8555138026969163
976,1912,0.9108832908946787
976,1032,0.9110977525982664
976,115727,0.9080985753069328
976,53829,0.8865259086095608
976,4947,0.889664240966679
976,5724,0.8854838584683877
976,56905,0.878816881348004
976,84649,0.8743083780164641
976,8301,0.9057312392415606
976,4067,0.8776772316946926
976,51170,0.875753181740377
976,9260,0.916978363876928
976,23558,0.905480263541738
976,126308,0.9127679622803606
976,9961,0.9113907866627664
976,100500853,0.8925426448841541
976,7094,0.8544124608682194
976,112268246,0.9025210651441276
976,10261,0.8877426748029128
976,8650,0.8881689344748323
976,25797,0.8502218159798169
976,10109,0.8570262723040516
976,5899,0.884585395383462
976,150372,0.8632658496818613
976,339287,0.8690209006105367
976,55313,0.8961086949963478
976,10312,0.9119583087090134
976,2790,0.8775537725526567
976,284996,0.9136147002884444
976,1955,0.8543192323522266
976,254896,0.8799512729567269
976,4210,0.8811828107967844
976,9170,0.8915949141291513
976,89849,0.894320525032097
976,8778,0.8600511010866949
976,3482,0.8908749424294833
976,84658,0.8559220707863073
976,120892,0.863308144641298
976,100507419,0.9079863020836088
976,3927,0.9159263133668079
976,283349,0.8796583903161543
976,7295,0.8801054627742179
976,7090,0.8792843907362189
976,257106,0.9131365619407732
976,81628,0.9491167465738489
976,5829,0.8769151557048116
976,22904,0.9085058362462157
976,9103,0.8715397120479815
976,1084,0.8905983686445111
976,26578,0.8870112986081784
976,552891,0.8780743943053053
976,6195,0.9174659610023297
976,89846,0.8642177401333204
976,8125,0.8913291913730488
976,23258,0.8510842388122362
976,26234,0.8955313200357201
976,25801,0.8672176414360061
976,83931,0.8919344061938738
976,144423,0.9031396802728663
976,80301,0.9038042751018378
64115,2512,0.8609048310621273
64115,2495,0.8740441781787193
64115,7305,0.950570277089867
64115,6277,0.875513289633835
64115,5552,0.9095507898862655
64115,3936,0.9012249680213964
64115,23406,0.8755691678720741
64115,2268,0.8696218395214682
64115,11337,0.9199063809770357
64115,2212,0.8893208844324278
64115,7127,0.8523197920520574
64115,10094,0.9125776234719946
64115,4046,0.9253191546373748
64115,7086,0.8956825638413626
64115,1051,0.8687231997083406
64115,63940,0.879808060561781
64115,7846,0.8775649856525113
64115,407008,0.8991517030322125
64115,4689,0.8976358189111938
64115,2771,0.949701688361653
64115,2217,0.9355253284224397
64115,7439,0.880855396170509
64115,4814,0.9131432944765121
64115,1052,0.94513524842578
64115,290,0.9235442516044714
64115,2752,0.8718207058420684
64115,79143,0.904758363664626
64115,29992,0.9515759806332649
64115,27128,0.8674322397881691
64115,5093,0.8778442926107617
64115,4084,0.8501855735856299
64115,240,0.8761674490653388
64115,6386,0.9053403522707422
64115,54458,0.9418025521603366
64115,978,0.9367982075095712
64115,64581,0.8717441037483536
64115,10288,0.8541498843814912
64115,7454,0.945539545206124
64115,963,0.875799257890393
64115,10487,0.9011726816726086
64115,9802,0.8933058612121559
64115,9473,0.918696087446545
64115,7133,0.8887169378089375
64115,6398,0.8991631948369704
64115,170954,0.8698976057977391
64115,271,0.8684364039170674
64115,126364,0.9549706300261266
64115,7132,0.8982438733245325
64115,55505,0.933402914864624
64115,7879,0.9496194095603869
64115,533,0.948923729816636
64115,4615,0.8876872860318537
64115,5538,0.8994712377596398
64115,116985,0.9221998085223545
64115,55911,0.8931039128600802
64115,79930,0.9270623906980291
64115,51291,0.8626591591513153
64115,9770,0.9121809919197192
64115,1912,0.9197779687543152
64115,1032,0.869717695596508
64115,115727,0.9563109468907958
64115,53829,0.8632232577520681
64115,4947,0.8958758141280553
64115,5724,0.948917005074693
64115,56905,0.8929959666217493
64115,84649,0.8581558092199335
64115,8301,0.8962317299399464
64115,4067,0.886795548685822
64115,51170,0.9052029674110328
64115,2885,0.9092397830114992
64115,9260,0.9113241992660008
64115,23558,0.8655108534402471
64115,126308,0.8519085250102393
64115,140885,0.9305869860320153
64115,9961,0.854581242624307
64115,100500853,0.8849998268790599
64115,112268246,0.8888527252291438
64115,10261,0.901826627652459
64115,8650,0.9001128536745261
64115,25797,0.8553872378010543
64115,5899,0.8888172617439807
64115,150372,0.9624490473512987
64115,55313,0.9010573206839979
64115,10312,0.889047657405634
64115,284996,0.8706633904160976
64115,1955,0.8930076120366106
64115,5175,0.9320030790134984
64115,89849,0.8664818201227363
64115,54918,0.9165173103088449
64115,10956,0.9135250849302224
64115,7295,0.9173382220596641
64115,7090,0.8791339917947822
64115,7009,0.8560264001849855
64115,22904,0.8536517840666743
64115,9103,0.9013610176171262
64115,152007,0.9219809702372127
64115,8125,0.9090466060532028
64115,2787,0.914382897936982
64115,26234,0.8916224619489068
64115,5878,0.8883621771504353
64115,23569,0.8810963042376403
64115,25801,0.857877229643901
64115,144423,0.9111057772640203
64115,80301,0.9231385474551921
9516,5552,0.851805769643848
9516,1439,0.9529182697965851
9516,2212,0.9378790257401731
9516,5880,0.8683521162294233
9516,4046,0.8745077054555103
9516,1265,0.9080399495364918
9516,1051,0.9115533489746914
9516,63940,0.9092983936507715
9516,407008,0.8659868379765794
9516,4689,0.9199431907474295
9516,101,0.9485308026135927
9516,8031,0.8647091937206017
9516,6404,0.8600113031224674
9516,83719,0.9178220329495091
9516,80325,0.940827109099321
9516,51312,0.923534802829186
9516,5788,0.8768720472753079
9516,241,0.850990997587366
9516,79143,0.943923922219864
9516,64333,0.8884951766489065
9516,27128,0.9591466569352581
9516,23214,0.9625708195488889
9516,4084,0.9272338075707274
9516,8334,0.9132459972210367
9516,6386,0.9286787593861904
9516,6648,0.9373011839376574
9516,54458,0.9133231426682158
9516,60675,0.9243059715458055
9516,116496,0.9291979479434018
9516,7454,0.9059883256196121
9516,963,0.8553618561643632
9516,23401,0.9517335890822896
9516,10487,0.8776214252864902
9516,3303,0.8750102315365998
9516,2358,0.948748828485305
9516,57580,0.9199128095263289
9516,170954,0.9473595291500521
9516,126364,0.8724929940821025
9516,7132,0.920887746093791
9516,146225,0.9201036183835577
9516,6397,0.9242152808329581
9516,65220,0.8880305001276142
9516,7879,0.8683766905877119
9516,6653,0.9430841010096835
9516,752,0.918506229488563
9516,54518,0.9272645794109143
9516,57153,0.8756285490069741
9516,116985,0.8783413258148972
9516,55911,0.9102890742929551
9516,79930,0.8562204036987701
9516,8826,0.8682129393652046
9516,87,0.9478614795333417
9516,51291,0.9402081896277253
9516,26020,0.9619074176712464
9516,3310,0.9405080370741042
9516,9770,0.8669605424638576
9516,55196,0.8595023544761844
9516,1912,0.911802874114842
9516,1032,0.9165884453458168
9516,115727,0.8972946740776828
9516,7456,0.8934729296000185
9516,53829,0.9244304893551982
9516,4947,0.8884524558064153
9516,133,0.8702101036875121
9516,84649,0.926831210055468
9516,11240,0.8721232327198362
9516,8301,0.9092359235852747
9516,4067,0.8939663238427724
9516,5089,0.8933215652347528
9516,51170,0.8777756324655558
9516,9260,0.9239958716958276
9516,23558,0.9244698806523272
9516,126308,0.895687251474101
9516,9961,0.8653845374264405
9516,100500853,0.9250775905663975
9516,112268246,0.8958582215363589
9516,10261,0.8947817222559157
9516,8650,0.9152313211106002
9516,25797,0.8950295403448507
9516,9750,0.8876683484493594
9516,5899,0.9198936186291853
9516,339287,0.9446925688201053
9516,55313,0.8807595902743565
9516,2790,0.9425237038574792
9516,284996,0.9525042605716401
9516,254896,0.9479925270706321
9516,4210,0.8947045563183926
9516,9170,0.9264405355002969
9516,89849,0.8955785223974525
9516,8778,0.9051798406702556
9516,3482,0.9210540255395763
9516,84658,0.9083112319257384
9516,120892,0.8905372189927077
9516,100507419,0.9596786655728283
9516,3927,0.8764695741830137
9516,283349,0.9305831550785566
9516,7295,0.8785538570734965
9516,7090,0.8872764058765257
9516,257106,0.9079074259587051
9516,81628,0.9438654903464465
9516,5829,0.8556135008404625
9516,22904,0.9402020689132056
9516,9103,0.8740276068757439
9516,1084,0.9310203626427196
9516,26578,0.9161051864971842
9516,552891,0.9426318227162275
9516,6195,0.9057602244056692
9516,89846,0.9227080146523727
9516,8125,0.9055615950996506
9516,23258,0.8687551137309827
9516,26234,0.9152909822787559
9516,25801,0.9276434721636289
9516,83931,0.9227432710939252
9516,144423,0.9252117622343422
9516,80301,0.8603523819947723
1439,5552,0.9006409977751537
1439,3936,0.8725498768196011
1439,723790,0.8803444622485774
1439,8337,0.8797993459369514
1439,2212,0.9539172644345985
1439,4046,0.9096811399476711
1439,1265,0.8886117539338113
1439,1051,0.9505955565799582
1439,63940,0.8972830497616529
1439,7846,0.8777716813423619
1439,407008,0.8644316677694357
1439,4689,0.9253496027917086
1439,101,0.9386588976642662
1439,8031,0.9160717515572129
1439,4814,0.8796150028365365
1439,290,0.8506949717869763
1439,83719,0.9071933314169416
1439,80325,0.9343515309646815
1439,51312,0.916374816864296
1439,5788,0.8880923443019444
1439,2752,0.8967892936639108
1439,79143,0.9544306473316654
1439,29992,0.8805252700801225
1439,27128,0.948941151950564
1439,5093,0.8543937172710097
1439,23214,0.9638967839586072
1439,4084,0.9712220499221693
1439,240,0.8538395409761856
1439,8334,0.9390056186079505
1439,6386,0.9638435696632567
1439,6648,0.9696758912951181
1439,54458,0.9280183158162751
1439,5777,0.8500065431664601
1439,978,0.8800841885171462
1439,677,0.8753265583844925
1439,60675,0.9118073486386232
1439,116496,0.9388036341547378
1439,7454,0.9269601077551828
1439,963,0.8677861617859657
1439,23401,0.9290710036342823
1439,10487,0.9056778564328409
1439,8349,0.8793733105867684
1439,3303,0.8671850878635184
1439,2358,0.9542536464065814
1439,57580,0.9298075809417191
1439,170954,0.9608481532258335
1439,271,0.8744525995692305
1439,126364,0.9150645920477932
1439,7132,0.9079811737247228
1439,146225,0.8961114295689863
1439,10957,0.8558967105438425
1439,6397,0.9687284391248774
1439,65220,0.9341341778915746
1439,7879,0.9080708856832206
1439,6653,0.9262589825606891
1439,752,0.9431444739539663
1439,54518,0.9162477466829589
1439,2533,0.8509031057260061
1439,57153,0.8555235744286608
1439,116985,0.9185456126239254
1439,55911,0.9161628735103206
1439,8291,0.8529162812273502
1439,79930,0.8954016015943683
1439,8826,0.9088644432136406
1439,87,0.9650782952613761
1439,51291,0.976540763131656
1439,26020,0.9625408231740241
1439,3310,0.9316312277341033
1439,9770,0.9365578728986531
1439,55196,0.8952912389953539
1439,1912,0.9204204496880621
1439,1032,0.9409668204079138
1439,115727,0.9431741169156406
1439,7456,0.8793293290091367
1439,53829,0.949640038489514
1439,7462,0.8609525727458343
1439,4947,0.939016486825406
1439,5724,0.9017665493628255
1439,133,0.8801822388537845
1439,56905,0.9143789383480756
1439,84649,0.9020416752316689
1439,11240,0.8995539175342765
1439,8301,0.958534134343574
1439,4067,0.9674257910473162
1439,5089,0.944325632514861
1439,51170,0.9268829228821054
1439,9260,0.9406184068807973
1439,23558,0.9552766531783957
1439,126308,0.9023505965782056
1439,9961,0.8710127659447836
1439,100500853,0.950243766038055
1439,112268246,0.875084143847336
1439,10261,0.9312007948533938
1439,8650,0.9717191414103771
1439,23347,0.8563941192001658
1439,25797,0.9155301198948619
1439,54210,0.8845514100084172
1439,9750,0.9030582784982568
1439,5899,0.963194293383478
1439,150372,0.8518806001391575
1439,339287,0.9699496963142239
1439,55313,0.944764546838627
1439,10312,0.8588702222019319
1439,2790,0.9484240463167711
1439,284996,0.9766289754952804
1439,1955,0.9233128702817439
1439,6778,0.873760647779009
1439,254896,0.9776302078498017
1439,4210,0.9591575034593307
1439,9170,0.9040677546709334
1439,89849,0.931489455574932
1439,8778,0.9414933686724323
1439,54918,0.8883344162961672
1439,3482,0.9284844733735205
1439,8338,0.869850907573717
1439,84658,0.9280119550455085
1439,120892,0.9641211959329966
1439,100507419,0.9257608157998701
1439,3927,0.8784535513262682
1439,283349,0.9617528812896401
1439,829,0.8607078783358212
1439,7295,0.8644392429754378
1439,7090,0.9507189971288934
1439,257106,0.8780137187779089
1439,8843,0.859168707264107
1439,81628,0.9265577728143365
1439,22904,0.9462237980115749
1439,9103,0.9154443738177771
1439,9111,0.8614041104329062
1439,1084,0.9298245558317546
1439,26578,0.9140430443705259
1439,552891,0.9484833629997491
1439,89846,0.8650247205182398
1439,8125,0.9355818811542119
1439,23258,0.9503119759171788
1439,26234,0.9597727622376928
1439,25801,0.9399960488018473
1439,338442,0.891094938818583
1439,83931,0.9537736908649246
1439,144423,0.9702869164428439
1439,80301,0.8773922186239748
2212,5552,0.9006483583583311
2212,3936,0.9036212785303747
2212,4046,0.9070803772648203
2212,1265,0.9392592315544496
2212,1051,0.9215011540197138
2212,63940,0.9330610601015895
2212,7846,0.8717229221559296
2212,407008,0.9171979576149439
2212,4689,0.9671158542723394
2212,101,0.8772246903537105
2212,6404,0.8566762980629256
2212,290,0.9000317432830205
2212,83719,0.8617026035214387
2212,80325,0.9215089362517048
2212,51312,0.9463280160201153
2212,241,0.8532282323698523
2212,2752,0.8657695287543017
2212,79143,0.9616098157013262
2212,29992,0.876421183618852
2212,27128,0.969286770101432
2212,23214,0.9408403282370212
2212,4084,0.9442525611576771
2212,240,0.9256117001168311
2212,8334,0.8786232799130683
2212,6386,0.9722698390640458
2212,6648,0.9301111046195067
2212,54458,0.960060122692706
2212,5777,0.9004195544299287
2212,978,0.9099240133069958
2212,677,0.8569435121175969
2212,60675,0.9460294969460641
2212,116496,0.953294285869557
2212,7454,0.9443194827398911
2212,963,0.9328615587666574
2212,23401,0.9548113459250235
2212,10487,0.9314284374541972
2212,3303,0.9168597883871404
2212,2358,0.9662948769331173
2212,6398,0.8782479835093938
2212,170954,0.9494461763299996
2212,126364,0.9408962490247381
2212,7132,0.950855787249354
2212,55505,0.8707005166123544
2212,146225,0.8967127712549713
2212,6397,0.8979343412159319
2212,65220,0.9166359280913928
2212,7879,0.9295146481548392
2212,6653,0.9125059385810649
2212,752,0.8796555776358724
2212,54518,0.9713908194760412
2212,4615,0.87798979755635
2212,116985,0.9192563309135519
2212,55911,0.9339905135974095
2212,8291,0.9433183367675684
2212,604,0.8989157705824853
2212,79930,0.9578364764121386
2212,8826,0.9027714481604799
2212,87,0.9562350412407291
2212,51291,0.949927981940922
2212,26020,0.9258063772580439
2212,3310,0.9488729666235098
2212,9770,0.9385086302576261
2212,1912,0.941097184038508
2212,1032,0.9206838487185671
2212,115727,0.9680555400539316
2212,53829,0.9567369569236532
2212,7462,0.8713400401620726
2212,4947,0.9030195767855248
2212,5724,0.9098497233632865
2212,133,0.9423825232768304
2212,56905,0.8775297785908962
2212,84649,0.9389970629034613
2212,11240,0.9377642152835213
2212,8301,0.9556505758457972
2212,4067,0.9493575760992972
2212,5089,0.8596356136177815
2212,51170,0.9251028005762417
2212,2885,0.8725315301487434
2212,9260,0.9428559926031588
2212,23558,0.9295911251035355
2212,126308,0.8971353657116995
2212,140885,0.9137229713848132
2212,9961,0.8911543973395588
2212,100500853,0.9433120394069939
2212,7094,0.8544191170688504
2212,112268246,0.9224362929111221
2212,10261,0.9618028200291565
2212,8650,0.9708521183314728
2212,306,0.8574493935503289
2212,25797,0.9035111309906917
2212,5899,0.9736165796229654
2212,150372,0.9085688675702434
2212,339287,0.9160371841556186
2212,55313,0.9026574093512011
2212,10312,0.8682951077268753
2212,2790,0.958354074202767
2212,284996,0.9648932553931937
2212,1955,0.8974715954313954
2212,254896,0.9263721355054096
2212,4210,0.9365518484395738
2212,9170,0.9247775351130464
2212,89849,0.9115609738890128
2212,8778,0.9433845789558222
2212,8972,0.8936226596897191
2212,54918,0.892275057125306
2212,84658,0.8504497844755629
2212,120892,0.9208092885839153
2212,100507419,0.9158645766586285
2212,283349,0.9133542274924107
2212,829,0.9267502801847378
2212,7295,0.9049732475279276
2212,7090,0.9242560207689398
2212,257106,0.86582397403723
2212,81628,0.8912661880922039
2212,22904,0.9594113088951048
2212,9103,0.9706257743957761
2212,1084,0.9250620751617561
2212,26578,0.9140767900392396
2212,552891,0.9582384517400947
2212,6195,0.8859794899811798
2212,8125,0.9291361670681257
2212,23258,0.9007214730091867
2212,26234,0.9650718268682322
2212,23569,0.8795562127786645
2212,25801,0.9779326068723697
2212,338442,0.854686385020882
2212,83931,0.9022815342189542
2212,144423,0.9597962594731029
2212,80301,0.9280234208009136
2867,8519,0.8681917509662309
2867,8743,0.8774283987452194
2867,23214,0.8511587720084396
2867,4084,0.9083867847860064
2867,8334,0.8901853243587485
2867,8349,0.8666464346071582
2867,3303,0.8771502644278425
2867,4600,0.9091649904538127
2867,65220,0.9363147739926437
2867,3557,0.9261467173923483
2867,3310,0.8599202310638061
2867,1032,0.850922724939035
2867,51246,0.9464724459020168
2867,3304,0.8702543115530849
2867,100507006,0.874138058281414
2867,23558,0.8703664068832385
2867,53917,0.8934272814168075
2867,23347,0.8971002994918651
2867,284996,0.8537184800253078
2867,4210,0.8885024834664785
2867,8778,0.8718130104776396
2867,3428,0.8684499173719603
2867,9111,0.980387659364187
2867,1084,0.8929024895155404
4046,7305,0.8783722902734677
4046,5552,0.9093719403956063
4046,3936,0.8872704936184121
4046,7127,0.8548943664807892
4046,1265,0.8637870885596364
4046,1051,0.9160449762741548
4046,63940,0.8952523392378473
4046,7846,0.8741888835407465
4046,407008,0.8995995636495681
4046,4689,0.9125540264600857
4046,2771,0.9143747295034392
4046,101,0.8913640400477574
4046,2217,0.8717331106937201
4046,8031,0.8736146487440124
4046,4814,0.9239297490592118
4046,290,0.911397065729659
4046,83719,0.8698069711799616
4046,80325,0.9129501642307839
4046,241,0.8522258274212687
4046,2752,0.8812488377744474
4046,79143,0.932554539704845
4046,29992,0.9452900271310318
4046,27128,0.8978414630023839
4046,5093,0.8942025048518417
4046,23214,0.8854721446320037
4046,4084,0.9206702748447656
4046,8334,0.860769075219954
4046,6386,0.9283704127423811
4046,6648,0.9069053045257368
4046,54458,0.9456038985364797
4046,5777,0.854567032323272
4046,978,0.9402570127460598
4046,64581,0.8571874777416197
4046,7454,0.9601178475943766
4046,963,0.8679683924465362
4046,23401,0.8948974862496543
4046,10487,0.9017757309639923
4046,9802,0.8918459446899858
4046,9473,0.8888183303564591
4046,3303,0.8649488239768455
4046,2358,0.8774367390942832
4046,57580,0.8850314224379755
4046,170954,0.93431492706952
4046,271,0.8913355811155423
4046,126364,0.9388948292730829
4046,7132,0.9072442306110349
4046,55505,0.896114774949094
4046,146225,0.8850453109142884
4046,6397,0.9101740015089319
4046,65220,0.9063390488298745
4046,7879,0.9461960469394237
4046,752,0.9277638654860504
4046,533,0.9103472249670572
4046,54518,0.8884551034796159
4046,116985,0.9472331283175282
4046,55911,0.9308800284691768
4046,79930,0.9067573290282978
4046,8826,0.8629152154298632
4046,87,0.901421270033349
4046,51291,0.9316106738637382
4046,26020,0.9089351211986078
4046,3310,0.8840335095321001
4046,9770,0.9259446143631043
4046,1912,0.9263010562587596
4046,1032,0.9053356056405638
4046,115727,0.9503579552057277
4046,53829,0.889506383801149
4046,7462,0.8842872148291321
4046,4947,0.9174318673845031
4046,5724,0.92071482943102
4046,56905,0.9198525673565903
4046,84649,0.8762979231556798
4046,8301,0.9377031653041595
4046,4067,0.9223383348889962
4046,5089,0.8623652191738179
4046,51170,0.914065053743037
4046,2885,0.8677499521757618
4046,9260,0.9429152559206353
4046,23558,0.9213305611372457
4046,126308,0.923206691254774
4046,140885,0.869268476594018
4046,9961,0.8708193995830393
4046,100500853,0.9149203373137181
4046,112268246,0.8879087198780432
4046,53917,0.8629019394367945
4046,10261,0.9015643331190843
4046,8650,0.926285464661497
4046,25797,0.9109538458576164
4046,54210,0.8735084247425963
4046,5899,0.9183936870830429
4046,150372,0.9225461139702875
4046,339287,0.8676535987796755
4046,55313,0.9357551344956982
4046,10312,0.9094250463273388
4046,2790,0.8598045750127962
4046,284996,0.9119098979029254
4046,1955,0.9219199167970059
4046,6778,0.8931836310433547
4046,254896,0.8934443226338225
4046,5175,0.8844438530902242
4046,4210,0.907408202373291
4046,9170,0.8943994508540272
4046,89849,0.923825005166883
4046,8778,0.891237607603582
4046,54918,0.8981897137573064
4046,3482,0.8826685602489152
4046,84658,0.8715931871266328
4046,120892,0.9016262900421407
4046,100507419,0.8642398611041227
4046,3927,0.8928856293488695
4046,283349,0.8871312882206394
4046,7295,0.8981118092602368
4046,7090,0.9311842060161444
4046,257106,0.8655969400151066
4046,81628,0.9092669549441648
4046,22904,0.887509291359618
4046,9103,0.9015423536327434
4046,152007,0.872201964536591
4046,1084,0.8779186782048414
4046,26578,0.8934972766800214
4046,552891,0.8602051998065886
4046,6195,0.8617102386072376
4046,8125,0.9470587655701825
4046,23258,0.8970663672877792
4046,26234,0.9179438487922521
4046,5878,0.8974931311527812
4046,23569,0.9049534074390692
4046,25801,0.8691376893479007
4046,338442,0.8656089130956577
4046,83931,0.9207074062611685
4046,144423,0.9327228706937849
4046,80301,0.9070477343427297
1265,1051,0.8715922057053473
1265,63940,0.9554317633677188
1265,407008,0.9304103122360137
1265,4689,0.9565901018267853
1265,6404,0.8738558947395122
1265,290,0.8605526716247951
1265,83719,0.8853303543533466
1265,80325,0.9371077451188491
1265,51312,0.9295907451124618
1265,241,0.8988984022898907
1265,79143,0.9452907182816332
1265,27128,0.9247680903043168
1265,23214,0.942285661120852
1265,4084,0.8859019327087736
1265,240,0.8620140067146715
1265,8334,0.8576786585568497
1265,6386,0.9065623962956622
1265,6648,0.8773742773697789
1265,54458,0.9391102569572218
1265,978,0.888669308895425
1265,60675,0.8982282320319971
1265,116496,0.9021658924150998
1265,7454,0.916113583152406
1265,963,0.8587752383298164
1265,23401,0.9449598118209697
1265,10487,0.8692914678584729
1265,3303,0.901476268297328
1265,2358,0.9381202770527276
1265,170954,0.9136782025347218
1265,126364,0.9016497976380803
1265,7132,0.9338115504178481
1265,55505,0.8568151097978426
1265,146225,0.9206600558027571
1265,6397,0.8702626092770701
1265,65220,0.8599132963017101
1265,7879,0.864953094043765
1265,6653,0.8896390884493885
1265,54518,0.9383882314656741
1265,116985,0.8696565413705646
1265,55911,0.8547668463304594
1265,8291,0.8877760069302966
1265,79930,0.911920592277864
1265,87,0.9391651085263216
1265,51291,0.8987133567897766
1265,8698,0.9060546496110687
1265,26020,0.9217128033517898
1265,3310,0.9152347242808442
1265,9770,0.8834606496759684
1265,1912,0.9464873194633271
1265,1032,0.874282028912201
1265,115727,0.9136762199369323
1265,53829,0.9217158184082083
1265,4947,0.8649999106823417
1265,5724,0.8629146201062533
1265,133,0.8800025899764016
1265,84649,0.9504430627581952
1265,11240,0.8928848149504823
1265,8301,0.866485260244336
1265,4067,0.8546493327462831
1265,51170,0.86177531772669
1265,9260,0.9371458363263786
1265,23558,0.9192366328269791
1265,9961,0.8571124701206111
1265,100500853,0.9280433993110916
1265,112268246,0.9278721411159536
1265,10261,0.9100132713264276
1265,8650,0.9075964019794063
1265,25797,0.8661048647239568
1265,9750,0.8592634344603004
1265,5899,0.9131645316191455
1265,339287,0.8919601857986351
1265,55313,0.8578960646652453
1265,2790,0.9195816518992173
1265,284996,0.9185604401798557
1265,254896,0.9016532450421634
1265,4210,0.8648539903289977
1265,9170,0.9305834043855596
1265,89849,0.8880463142519732
1265,8778,0.8760836556663399
1265,8972,0.8564343594531237
1265,120892,0.8508604927269334
1265,100507419,0.9032921953370168
1265,283349,0.8876404385886669
1265,829,0.8754737900276339
1265,7295,0.9043036701828143
1265,7090,0.8697209236486936
1265,81628,0.8853490387990334
1265,22904,0.9316768228783017
1265,9103,0.8676004673371639
1265,1084,0.9129693989301617
1265,552891,0.9186610491456966
1265,6195,0.8801534724767232
1265,89846,0.869102856014612
1265,8125,0.9140806393106238
1265,26234,0.8800195181122269
1265,23569,0.8705974479480626
1265,25801,0.9371444040989702
1265,83931,0.8764062801029628
1265,144423,0.9054425436674453
1265,80301,0.8750365002727775
1051,5997,0.8639886769005266
1051,5552,0.9294227530648387
1051,3936,0.8529353370429268
1051,723790,0.9008637586217764
1051,8337,0.9003357622649034
1051,63940,0.8989543572084202
1051,7846,0.9066240892795765
1051,407008,0.8613550583991687
1051,4689,0.9231272695623818
1051,101,0.905246156976389
1051,8031,0.8837815406979035
1051,4814,0.9035357790173225
1051,83719,0.8807077734698744
1051,80325,0.919676880170927
1051,51312,0.8855999650027697
1051,2752,0.93558197211385
1051,79143,0.9423870629852328
1051,29992,0.895660705493856
1051,27128,0.9321522662416096
1051,5093,0.8629599564070495
1051,23214,0.9348139661532362
1051,9021,0.8514870369711705
1051,4084,0.9461777185593151
1051,8334,0.9063651424361058
1051,6386,0.9441142868861377
1051,6648,0.956160527061238
1051,54458,0.9303298421831242
1051,978,0.9061897814795107
1051,677,0.8766366039029264
1051,60675,0.893968673354988
1051,116496,0.8909786403249288
1051,7454,0.9290154664992988
1051,23401,0.8986770171673372
1051,10487,0.8757525913317868
1051,9802,0.8648923808522518
1051,8349,0.8867444507231683
1051,2358,0.9134012225392292
1051,57580,0.8887696817120748
1051,170954,0.9302376875021718
1051,271,0.9022967652246999
1051,126364,0.9161705468006622
1051,7132,0.8773655712692259
1051,146225,0.9063996222342141
1051,10957,0.8637870840991542
1051,6397,0.9480398894478425
1051,65220,0.8984496045566385
1051,7879,0.905007811812447
1051,6653,0.8806416189631365
1051,752,0.9145584607914747
1051,533,0.8622574903501347
1051,54518,0.8831117599699035
1051,116985,0.9063699898275113
1051,55911,0.9122789930512845
1051,79930,0.8820438568980848
1051,8826,0.86957611863845
1051,87,0.9389493949738975
1051,51291,0.9557800052532224
1051,26020,0.9318101875945045
1051,3310,0.9041941917029157
1051,9770,0.9052329307085274
1051,1912,0.9206294159006697
1051,1032,0.9593914379040536
1051,115727,0.9298994633117821
1051,53829,0.8918456229682936
1051,7462,0.8508568419233631
1051,4947,0.9331601310038019
1051,5724,0.8872956705158976
1051,133,0.8819474169491305
1051,56905,0.9171274729750237
1051,84649,0.8935163509438893
1051,8301,0.9353665081735342
1051,4067,0.9420523277718094
1051,5089,0.924735652786761
1051,51170,0.9173200657504454
1051,9260,0.9447287479897145
1051,23558,0.9366061489743772
1051,126308,0.8625749214394133
1051,9961,0.8634757686223866
1051,100500853,0.9259436732923699
1051,112268246,0.8734177449760272
1051,10261,0.8888258507895886
1051,8650,0.9371312033637058
1051,25797,0.9142385065163754
1051,54210,0.9224848497664035
1051,5899,0.9457656101612957
1051,150372,0.8570056181248901
1051,339287,0.9362258476190706
1051,55313,0.9484515935211907
1051,2790,0.9331918374416343
1051,284996,0.9595849005325751
1051,1955,0.903808659361005
1051,6778,0.8576838147195613
1051,254896,0.9540724044624266
1051,4210,0.913167753888194
1051,9170,0.9042249939467899
1051,89849,0.912364014305403
1051,8778,0.9116611723069443
1051,54918,0.8798781227393513
1051,3482,0.8948408023396144
1051,8338,0.8959069117565694
1051,84658,0.9041513437230267
1051,120892,0.9260678336818955
1051,100507419,0.8994317096178942
1051,283349,0.9331151936858377
1051,7295,0.8899469018571805
1051,7090,0.9506982113310648
1051,8843,0.8740380352878954
1051,81628,0.8948654472661071
1051,22904,0.9336408375660735
1051,9103,0.889303195130919
1051,1084,0.8905427901809327
1051,26578,0.8917694589989718
1051,552891,0.9332343832923435
1051,8125,0.9370307515861066
1051,23258,0.9322634765976997
1051,26234,0.9305047250929898
1051,25801,0.9041175305255253
1051,338442,0.8936941361732426
1051,83931,0.9215705075597385
1051,144423,0.9622067026609314
1051,80301,0.8698513117487037
63940,407008,0.9314772155391943
63940,4689,0.9597226489356708
63940,101,0.859923263176405
63940,6404,0.8960590143441469
63940,290,0.8606605294007673
63940,83719,0.9043537444392524
63940,80325,0.9590378464621552
63940,51312,0.9198389162090275
63940,241,0.9037004672911294
63940,79143,0.9605668386172429
63940,29992,0.8573365537792553
63940,27128,0.9396949544579943
63940,23214,0.9456420007025956
63940,4084,0.9055018621990524
63940,8334,0.8765310882190648
63940,6386,0.9082321279215726
63940,6648,0.8878418192399213
63940,54458,0.9555471770430194
63940,978,0.9315284542984867
63940,60675,0.8829110401740832
63940,116496,0.8611284087832695
63940,7454,0.949626498025474
63940,23401,0.9527540101815144
63940,10487,0.8610073540708745
63940,3303,0.9300474712623759
63940,2358,0.9072553989261845
63940,6398,0.8538316890076533
63940,170954,0.9370625851340727
63940,126364,0.918883195805226
63940,7132,0.9541913128232206
63940,55505,0.8924482480937846
63940,146225,0.9401628496056283
63940,6397,0.8805993104167664
63940,65220,0.8939311847059435
63940,7879,0.8800334968972394
63940,6653,0.8547426845773249
63940,752,0.8633553501277125
63940,54518,0.9112749374737766
63940,116985,0.8802328506790473
63940,55911,0.8932501691932725
63940,8291,0.8554322585130548
63940,79930,0.9005199686152449
63940,87,0.9449754127897217
63940,51291,0.9015494730665021
63940,8698,0.9180057158526903
63940,26020,0.9346125730314743
63940,3310,0.9382082066486838
63940,9770,0.8720387047826031
63940,1912,0.9540921012517425
63940,1032,0.9132246012075783
63940,115727,0.9344407089651009
63940,53829,0.9043556144184968
63940,4947,0.8861143610375782
63940,5724,0.8770080672478364
63940,84649,0.9330932305168317
63940,11240,0.85233876289979
63940,8301,0.8724573092472586
63940,4067,0.8628855792435414
63940,5089,0.8587851673543484
63940,51170,0.8606409689205556
63940,9260,0.9597616754782123
63940,23558,0.9487269267227211
63940,126308,0.8702361224446129
63940,9961,0.9086879899745078
63940,100500853,0.9147121557993327
63940,112268246,0.9516181100666151
63940,10261,0.9100837169885112
63940,8650,0.8968423179534966
63940,25797,0.896627604029945
63940,5899,0.9052468871600576
63940,150372,0.8830543432293414
63940,339287,0.8828823715446302
63940,55313,0.8764433706048033
63940,2790,0.9021059875673736
63940,284996,0.926750816002382
63940,254896,0.9127756099372977
63940,4210,0.8795912984108686
63940,9170,0.9537927989490668
63940,89849,0.9189048071367659
63940,8778,0.9069713527398433
63940,84658,0.8570755620014499
63940,120892,0.8513608253596981
63940,100507419,0.9104469377795622
63940,283349,0.8894105948886298
63940,7295,0.9335011374598757
63940,7090,0.8913787811795375
63940,81628,0.9241114419524772
63940,389541,0.8616738535532786
63940,22904,0.9301964752248798
63940,9103,0.870137642233266
63940,1084,0.9420921170932973
63940,552891,0.9013471219604351
63940,6195,0.8928822765563761
63940,89846,0.8991239255506869
63940,8125,0.9289062022703596
63940,23258,0.8613159274082498
63940,26234,0.8833191533450016
63940,23569,0.8752864929029651
63940,25801,0.9084179415386422
63940,83931,0.8980741749431168
63940,144423,0.917800510344419
63940,80301,0.9064503704765635
407008,4689,0.9559012500989587
407008,6404,0.9149964121916372
407008,290,0.891039881619036
407008,83719,0.8996491874001035
407008,80325,0.9328901726713172
407008,51312,0.9045774416667302
407008,241,0.9265912980813523
407008,79143,0.9346232593833247
407008,29992,0.8832606995602164
407008,27128,0.8951695256850245
407008,23214,0.889617655473105
407008,4084,0.8742327261705312
407008,240,0.8712146651229492
407008,6386,0.8992537896292798
407008,6648,0.8517702041809943
407008,54458,0.9517249949585258
407008,5777,0.8598750266733249
407008,978,0.9367987580316428
407008,7454,0.9406237779416287
407008,963,0.8988481238441248
407008,23401,0.9355445089808584
407008,10487,0.8861122820835108
407008,3303,0.8680778093621874
407008,2358,0.9114242323893018
407008,170954,0.9040527630539733
407008,126364,0.9283505565721081
407008,7132,0.9524211160049727
407008,55505,0.9438604192499022
407008,146225,0.937145831525981
407008,6397,0.8538794957738705
407008,65220,0.8733309023621662
407008,7879,0.8976009007979229
407008,6653,0.8512470623512454
407008,54518,0.906490739872812
407008,116985,0.9077990260788472
407008,55911,0.8674610295953811
407008,79930,0.9067774869089453
407008,87,0.8930031813039411
407008,51291,0.8780837054388156
407008,8698,0.9000772309560082
407008,26020,0.8899693060372273
407008,3310,0.8987637212055143
407008,9770,0.9019831076854848
407008,1912,0.9421400132037905
407008,115727,0.9276472842444048
407008,53829,0.9281176761431661
407008,4947,0.8932284795215579
407008,5724,0.9024824086894633
407008,84649,0.9182540205761727
407008,8301,0.8701936559719746
407008,4067,0.8543460993801465
407008,51170,0.8862044436208847
407008,9260,0.9445364998747969
407008,23558,0.914026500080898
407008,126308,0.8886517151363316
407008,140885,0.8558352667461495
407008,9961,0.8636511567701571
407008,100500853,0.9026082973520916
407008,112268246,0.9345003480630202
407008,10261,0.9356079124017898
407008,8650,0.8886531371532812
407008,25797,0.87099437412091
407008,5899,0.8951406022428042
407008,150372,0.9103349241174021
407008,55313,0.8751140130569613
407008,2790,0.8725851653617007
407008,284996,0.8751703286019699
407008,254896,0.8641108621711875
407008,4210,0.8599390350645335
407008,9170,0.9180003528414051
407008,89849,0.9290247658042259
407008,8778,0.8626016849471762
407008,54918,0.8540975703675792
407008,100507419,0.8559286189451935
407008,829,0.8683427949299674
407008,7295,0.9392032983448381
407008,7090,0.8512904322907003
407008,81628,0.868110541393429
407008,389541,0.8761091917472679
407008,22904,0.8794748584063883
407008,9103,0.8839653104102771
407008,1084,0.9062751791002882
407008,552891,0.8719221966522399
407008,6195,0.9020089767173376
407008,8125,0.9173248946964023
407008,26234,0.8624440920288914
407008,23569,0.9016735427979348
407008,25801,0.8980031085563362
407008,83931,0.8872710380806413
407008,144423,0.8944791106164759
407008,80301,0.9182719478584699
4689,5552,0.8678370761675003
4689,101,0.8680386058336382
4689,6404,0.8897896873664484
4689,290,0.9042863985654233
4689,83719,0.8997428305188956
4689,80325,0.9625433217734543
4689,51312,0.9454345776530344
4689,241,0.9125643006387695
4689,79143,0.9745409974108137
4689,29992,0.8748763016780475
4689,27128,0.9596842745153454
4689,23214,0.9428320104892602
4689,4084,0.91269623828963
4689,240,0.9127386323462601
4689,8334,0.8695658554700967
4689,6386,0.9419831381456066
4689,6648,0.9121300693482218
4689,54458,0.9711389897054837
4689,5777,0.8976731560086678
4689,978,0.9412539838170546
4689,60675,0.9145464465452013
4689,116496,0.9090810219041418
4689,7454,0.95948227189907
4689,963,0.9111207183020501
4689,23401,0.9686086093435679
4689,10487,0.9009950207995434
4689,3303,0.9116443580205396
4689,2358,0.9415758977195202
4689,6398,0.8695614733925822
4689,170954,0.9373266872381185
4689,126364,0.947780933636921
4689,7132,0.9630917512366486
4689,55505,0.9175084951283582
4689,146225,0.94995040417597
4689,6397,0.8974344009411073
4689,65220,0.8990094411580545
4689,7879,0.9056106531488475
4689,6653,0.8865112089326228
4689,752,0.8546659985746743
4689,54518,0.9543788703624506
4689,116985,0.9354232553922799
4689,55911,0.9207733897354047
4689,8291,0.9084756732183665
4689,604,0.8527346208462128
4689,79930,0.9478313321750955
4689,87,0.9383447960950313
4689,51291,0.9288199260114953
4689,8698,0.9006337276129356
4689,26020,0.9317133461192786
4689,3310,0.9532127162466957
4689,9770,0.926343624378461
4689,1912,0.9696680607977195
4689,1032,0.9166456046491529
4689,115727,0.9629461050205016
4689,53829,0.9403063580250247
4689,7462,0.8771241303763867
4689,4947,0.919171208299252
4689,5724,0.913628894533143
4689,133,0.9109754348233227
4689,84649,0.9717926068158392
4689,11240,0.9122631878359189
4689,8301,0.9106150661348694
4689,4067,0.9133047815241203
4689,5089,0.854281165011925
4689,51170,0.8995652763807077
4689,2885,0.8665061303621965
4689,9260,0.9789220239886065
4689,23558,0.9362313892104893
4689,126308,0.9065264341758636
4689,140885,0.8883855887510094
4689,9961,0.8836796308790853
4689,100500853,0.9418890650838302
4689,112268246,0.9634215140961329
4689,10261,0.9383658857991537
4689,8650,0.9373817788744455
4689,25797,0.9081719323689145
4689,5899,0.9525636060637558
4689,150372,0.9137283894768311
4689,339287,0.8972230420012604
4689,55313,0.8995228666168792
4689,10312,0.8682678924191907
4689,2790,0.9410177800268413
4689,284996,0.9394410136776766
4689,1955,0.864166893462451
4689,254896,0.9213077042050059
4689,4210,0.8978920201375522
4689,9170,0.9579675750123029
4689,89849,0.9338740432473589
4689,8778,0.9177085609284839
4689,8972,0.855763072464146
4689,54918,0.8647249291111634
4689,84658,0.8544213567079708
4689,120892,0.888440237393956
4689,100507419,0.9158173894003098
4689,283349,0.8897068738692562
4689,829,0.8807728817360091
4689,7295,0.9381640852310457
4689,7090,0.9024947186276501
4689,81628,0.8927954564341549
4689,389541,0.8549723053257605
4689,22904,0.944404662904625
4689,9103,0.9291143886325487
4689,1084,0.9337861996148499
4689,26578,0.8811859658818734
4689,552891,0.9405526483542063
4689,6195,0.9125834269912813
4689,8125,0.9457030695612749
4689,23258,0.8669711403319572
4689,26234,0.9210296397860362
4689,23569,0.896585669042335
4689,25801,0.9531032298447466
4689,83931,0.9139364932283478
4689,144423,0.9540953734865241
4689,80301,0.9264795706257349
101,5880,0.8704910229515848
101,8031,0.8701734396191564
101,83719,0.9133984191780213
101,80325,0.9158006296612738
101,51312,0.8653311295945059
101,5788,0.8697177617918935
101,79143,0.9108656485091288
101,64333,0.9434013821776841
101,27128,0.9223587537251118
101,23214,0.9217471817018874
101,4084,0.9199322527920399
101,8334,0.8910602792445356
101,6386,0.8865049626669158
101,6648,0.9078847237397821
101,54458,0.8893895609999354
101,116496,0.8586445314195419
101,7454,0.8955282801747688
101,23401,0.8901432550919648
101,2358,0.8811030286750349
101,57580,0.9623254438188776
101,170954,0.9298811074024294
101,7132,0.8716254939053898
101,146225,0.8761005798283173
101,6397,0.9230645644295088
101,65220,0.8759519967332239
101,7879,0.8565510095147094
101,6653,0.8934844667296202
101,752,0.9654084853234175
101,57153,0.889213385597244
101,116985,0.8759419635756884
101,55911,0.9091219697884377
101,8826,0.861836483043866
101,87,0.8900731773410199
101,51291,0.9317024676318264
101,26020,0.9470393316384211
101,3310,0.8818995444037127
101,1912,0.886520440568632
101,1032,0.9239497178334187
101,115727,0.873495884799657
101,7456,0.9027513312987522
101,53829,0.8656905540658518
101,4947,0.876598813573527
101,56905,0.8686872050169809
101,84649,0.8598764522778534
101,8301,0.8929681206055162
101,4067,0.8898263493013421
101,5089,0.890494158503567
101,9260,0.9080227969108581
101,23558,0.911417514536399
101,126308,0.9151738790184657
101,100500853,0.8978728592524231
101,8650,0.8811291209386247
101,25797,0.86508019595366
101,10109,0.8626539497182457
101,5899,0.882436778451714
101,339287,0.9114746495475848
101,55313,0.8827996075173221
101,10312,0.87388182995073
101,2790,0.8740006524500333
101,284996,0.9202522201820347
101,254896,0.9255171117393006
101,4210,0.8770715993127254
101,9170,0.8797756268411584
101,89849,0.9025983324624933
101,8778,0.8786788739015094
101,3482,0.9464485911995248
101,84658,0.9014568717278219
101,120892,0.8790161364911688
101,100507419,0.9354307394567551
101,3927,0.9271472480406142
101,283349,0.8887617247415963
101,7090,0.8905796344210203
101,257106,0.9007939158558704
101,81628,0.9495552188036259
101,23218,0.8539609350267404
101,5829,0.8934210925071067
101,22904,0.8916145491954165
101,1084,0.8982236361347811
101,26578,0.9050059291215306
101,552891,0.8747961369323682
101,6195,0.8847898451567641
101,89846,0.8936493839824136
101,8125,0.8840328778907888
101,23258,0.8530689016334595
101,26234,0.8815332013832586
101,25801,0.8511277787606419
101,83931,0.9245044259076781
101,144423,0.9025903077152808
6404,4637,0.8538955921997653
6404,5880,0.8930177777135777
6404,80325,0.883629688447982
6404,241,0.9134207419370962
6404,79143,0.8782309793637816
6404,27128,0.8716064153204368
6404,54458,0.9041132930318929
6404,978,0.8528974548603069
6404,7454,0.9047166188063643
6404,963,0.8762881722585292
6404,23401,0.9034960801896615
6404,10487,0.871205236750057
6404,170954,0.8666370805640593
6404,126364,0.8638154805433037
6404,7132,0.9359286935667571
6404,55505,0.8918056988242455
6404,146225,0.872734780959207
6404,7879,0.8587968728934758
6404,54518,0.8842696601495772
6404,116985,0.8631303349436195
6404,55911,0.874855683497365
6404,8698,0.9140475522881145
6404,1912,0.8910024935064804
6404,115727,0.8572161398320002
6404,84649,0.8907389229628736
6404,9260,0.8795209098833473
6404,126308,0.8615164358046824
6404,9961,0.8752142705482543
6404,112268246,0.9066500149494398
6404,10261,0.8534144998725786
6404,103910,0.8879774351736784
6404,150372,0.851255674746387
6404,9170,0.8854455695487115
6404,100507419,0.8725909630412091
6404,7295,0.9072972565668072
6404,257106,0.876248062017673
6404,81628,0.8834400346038526
6404,22904,0.8560416164704919
6404,152007,0.8535879994213843
6404,6195,0.9678031314794401
6404,8125,0.8512148998485418
6404,80301,0.8836481591905055
83719,8031,0.8933963196183826
83719,4814,0.8508691868611611
83719,80325,0.9684454149824481
83719,51312,0.890211211856239
83719,241,0.8601754971770653
83719,79143,0.9309567968995152
83719,64333,0.8632868175794403
83719,27128,0.886448230433363
83719,23214,0.9473911203583668
83719,4084,0.9063527566054113
83719,8334,0.9244369757480806
83719,6386,0.8681425514528895
83719,6648,0.900640012888981
83719,54458,0.896679044799067
83719,978,0.863447784718073
83719,7454,0.9034118406754851
83719,23401,0.9278331269124646
83719,2358,0.9037729027768652
83719,57580,0.8858158652762788
83719,1116,0.9171038688719777
83719,170954,0.9274237158356378
83719,126364,0.8593578564579695
83719,7132,0.903617455581619
83719,146225,0.9478892295370132
83719,6397,0.9392339698807105
83719,65220,0.8966961235126606
83719,6653,0.8637372223585622
83719,752,0.8945978182261437
83719,57153,0.889694938534172
83719,116985,0.8735373243175486
83719,87,0.910867702162278
83719,51291,0.8941909641846454
83719,8698,0.8580721298165789
83719,26020,0.9540816337268788
83719,3310,0.908238530834503
83719,9770,0.860206826110881
83719,55196,0.8747062926907814
83719,1912,0.9056852614790496
83719,1032,0.8780894829244223
83719,115727,0.8670406994689994
83719,53829,0.9085808592083997
83719,4947,0.9148550373264982
83719,162466,0.9494171911119501
83719,84649,0.8811426947955201
83719,8301,0.8500074241049616
83719,4067,0.8502496929972533
83719,5089,0.9267505761153508
83719,51170,0.8577020699813147
83719,100507006,0.85593467569278
83719,9260,0.9356291709088678
83719,23558,0.9511235786264886
83719,126308,0.8874508604414458
83719,100500853,0.9008713788999037
83719,112268246,0.8885197738187922
83719,10261,0.8779600356889811
83719,8650,0.8642285821622181
83719,25797,0.8766885927257915
83719,9750,0.852756996151153
83719,5899,0.8703160072044226
83719,339287,0.9129407437672653
83719,55313,0.9032034555856921
83719,2790,0.861169558413666
83719,284996,0.8961261376048463
83719,254896,0.9386780475778045
83719,4210,0.8812611638850785
83719,9170,0.9106039068726397
83719,89849,0.9484798545172255
83719,8778,0.8629024866186601
83719,3482,0.9270658467795961
83719,84658,0.9370206894858204
83719,120892,0.8810940988026402
83719,100507419,0.8888735430830408
83719,283349,0.906320685128277
83719,7295,0.8629030583317145
83719,7090,0.8711223102189696
83719,81628,0.9327629705168311
83719,389541,0.9010640660808399
83719,22904,0.8638977352085423
83719,1084,0.9464840031325276
83719,552891,0.8605710896114205
83719,6195,0.855889947626829
83719,89846,0.9291294202785322
83719,8125,0.9090626933448899
83719,23258,0.8633033161514995
83719,83931,0.9598498880962391
83719,144423,0.8933004918075954
80325,8031,0.8907685950990039
80325,4814,0.8718616194042443
80325,290,0.8555587040773216
80325,51312,0.9314268946259106
80325,241,0.9050745347452521
80325,79143,0.9771829757065256
80325,29992,0.8695671544745585
80325,27128,0.9390031573077545
80325,23214,0.9698694439265699
80325,4084,0.9225439026927925
80325,8334,0.9188115248769322
80325,6386,0.9141914319978975
80325,6648,0.9238386265941946
80325,54458,0.9444461769204482
80325,978,0.9186985257151447
80325,60675,0.8808690694873879
80325,116496,0.8754389251321424
80325,7454,0.9529517179603041
80325,23401,0.9684289041339909
80325,10487,0.8638035488612132
80325,3303,0.8910470176866029
80325,2358,0.9303547756078814
80325,57580,0.8857969984495003
80325,1116,0.8755626551399439
80325,170954,0.952033428409077
80325,126364,0.9238822493935066
80325,7132,0.9523844300136335
80325,55505,0.8736702267683815
80325,146225,0.9729448517160783
80325,6397,0.9460543758983164
80325,65220,0.9099839625215277
80325,7879,0.8753587559637074
80325,6653,0.8948007403225432
80325,752,0.9054333194788305
80325,54518,0.9064824194496296
80325,57153,0.8625637644816211
80325,116985,0.9244403137490198
80325,55911,0.8934165907160145
80325,79930,0.8802823786300468
80325,87,0.950402161374525
80325,51291,0.9308011364494921
80325,8698,0.9092527342765968
80325,26020,0.9688751736579637
80325,3310,0.9441312640646291
80325,9770,0.9027770884873085
80325,1912,0.9586239352266609
80325,1032,0.918477446878653
80325,115727,0.9298589640434199
80325,53829,0.9319239706860192
80325,4947,0.932133352012295
80325,5724,0.8881539046277525
80325,162466,0.9096194409429426
80325,56905,0.850093655811691
80325,84649,0.9524862396713076
80325,11240,0.8599450280801377
80325,8301,0.8898261281182825
80325,4067,0.8871194530149669
80325,5089,0.916331046571309
80325,51170,0.8824628506585325
80325,9260,0.9806949623201943
80325,23558,0.9638202136198285
80325,126308,0.9123809271284352
80325,9961,0.8893805897308237
80325,100500853,0.9392419690886092
80325,112268246,0.9503879127634065
80325,10261,0.9142064046768076
80325,8650,0.9123059984483561
80325,25797,0.9108715627068159
80325,9750,0.857163723716114
80325,5899,0.9194578377741708
80325,150372,0.8653999193725608
80325,339287,0.9283526510697493
80325,55313,0.9199123187999443
80325,2790,0.911837321649905
80325,284996,0.9357927026090822
80325,1955,0.8573598217991054
80325,6778,0.8567635856873147
80325,254896,0.953634912532017
80325,4210,0.9025175622625883
80325,9170,0.959446241774645
80325,89849,0.9566729356661497
80325,8778,0.906678775056669
80325,3482,0.9112327492124274
80325,84658,0.9300586365472907
80325,120892,0.8970447149258642
80325,100507419,0.9337499473060434
80325,283349,0.9255816476161102
80325,7295,0.9123919670121907
80325,7090,0.904458407212766
80325,257106,0.86013726893493
80325,81628,0.9443354921943337
80325,389541,0.9079976852342805
80325,22904,0.9270464901651339
80325,9103,0.862012959820155
80325,1084,0.9545702746055241
80325,26578,0.8554663416253893
80325,552891,0.9112794780422756
80325,6195,0.9052499672808995
80325,89846,0.9287335822682503
80325,8125,0.9470748368408399
80325,23258,0.8836616205241801
80325,26234,0.8889809498353372
80325,23569,0.8614268774862842
80325,25801,0.906965726133134
80325,338442,0.8523748110383453
80325,83931,0.9608846547128683
80325,144423,0.9439353715026159
80325,80301,0.8895478635454038
51312,79143,0.9413340070606351
51312,27128,0.9432184519075799
51312,23214,0.94007770340331
51312,4084,0.9072743349568024
51312,240,0.8549678222697197
51312,8334,0.8871295242897195
51312,6386,0.9096325106823093
51312,6648,0.8940597698298938
51312,54458,0.914453145289995
51312,5777,0.850224190971967
51312,978,0.8636790563645275
51312,60675,0.9152340011965754
51312,116496,0.9138236413495746
51312,7454,0.895602523416885
51312,963,0.8713837063556175
51312,23401,0.9471132074351528
51312,10487,0.8639845447383259
51312,3303,0.886653157003264
51312,2358,0.9333719434800533
51312,170954,0.9235628201474212
51312,126364,0.8964641478618893
51312,7132,0.9353488734110429
51312,146225,0.9066662614286923
51312,6397,0.8775956569974931
51312,65220,0.8917282533384994
51312,6653,0.88839331084577
51312,54518,0.9238364657471564
51312,116985,0.8747298061331766
51312,8291,0.8728326134290976
51312,79930,0.8948292385893046
51312,87,0.932344659947768
51312,51291,0.9004017122952465
51312,8698,0.8766711378207437
51312,26020,0.9115639653041332
51312,3310,0.9264232511726012
51312,9770,0.8806104866899304
51312,1912,0.9151512809287541
51312,1032,0.9059101288142849
51312,115727,0.913046138426424
51312,53829,0.9299664793875775
51312,4947,0.8825612273955179
51312,5724,0.8556864518000553
51312,133,0.8863066365070048
51312,84649,0.9269974569227307
51312,11240,0.8958508813350233
51312,8301,0.8803868882992856
51312,4067,0.8849918577481627
51312,51170,0.8661420070821627
51312,9260,0.9287706074969742
51312,23558,0.9250889651202788
51312,126308,0.8645504082570399
51312,9961,0.8593117338964813
51312,100500853,0.909723623772779
51312,112268246,0.9166996382172858
51312,10261,0.9130841558214463
51312,8650,0.9084426667449127
51312,25797,0.8614215674473212
51312,5899,0.9289890947051929
51312,339287,0.8890683213983652
51312,55313,0.8651655817850523
51312,2790,0.9337632022365526
51312,284996,0.9305613610814429
51312,254896,0.9027290323421279
51312,4210,0.8851430739795048
51312,9170,0.9271541728375575
51312,89849,0.9195606375429537
51312,8778,0.8970276941660867
51312,120892,0.8709124363621552
51312,100507419,0.9064638589516285
51312,283349,0.8872581168034863
51312,829,0.8844286507875561
51312,7295,0.8865985924495398
51312,7090,0.8774145018611796
51312,81628,0.8836671665937869
51312,22904,0.9244218508549638
51312,9103,0.8884295902096091
51312,1084,0.9289367766481402
51312,552891,0.933330419020615
51312,6195,0.8725419480181247
51312,89846,0.8518573579208589
51312,8125,0.88566486982364
51312,26234,0.897461308917588
51312,25801,0.935839629649321
51312,83931,0.8898156168718514
51312,144423,0.9160747512078272
51312,80301,0.895992386575006
241,79143,0.9022780339808154
241,27128,0.8655490046992782
241,23214,0.864543582809157
241,54458,0.9206676746736273
241,978,0.8711989219322983
241,7454,0.89901549525749
241,963,0.8567093854737982
241,23401,0.8917192405363649
241,10487,0.8516243980336584
241,2358,0.8710852484491916
241,170954,0.8560281287606188
241,126364,0.868262881059205
241,7132,0.9001955983039642
241,55505,0.8757907989453566
241,146225,0.9148216125853643
241,54518,0.8557067447678826
241,55911,0.8555840414288355
241,79930,0.8550960569752808
241,8698,0.8876583057817384
241,26020,0.878409525585413
241,1912,0.9343891297672254
241,115727,0.8609764645303232
241,84649,0.9222543827931436
241,9260,0.9054627554946433
241,23558,0.8554619840204662
241,100500853,0.8846016380269632
241,112268246,0.9147110215975751
241,10261,0.8607292451275479
241,9170,0.8561683605450389
241,100507419,0.8620261342105112
241,7295,0.8912978305036123
241,81628,0.8636951000898704
241,6195,0.9241998167367327
241,8125,0.8817411664944381
241,23569,0.8745471616860753
241,25801,0.8634962776269869
79143,5552,0.8872893543561304
79143,3936,0.8551851219018899
79143,7846,0.8669612222139365
79143,8031,0.904110060599277
79143,4814,0.8962718287584668
79143,290,0.887350088740852
79143,2752,0.8623081964059849
79143,29992,0.903523115940289
79143,27128,0.9709124159211547
79143,23214,0.9671898130951848
79143,4084,0.9484913285669344
79143,240,0.8789509222766518
79143,8334,0.918086612191426
79143,6386,0.949672324851062
79143,6648,0.9422225839279471
79143,54458,0.9743672379080636
79143,5777,0.8780000607313454
79143,978,0.9362356976952483
79143,60675,0.9089219972509301
79143,116496,0.9038754030108292
79143,7454,0.9770618811753423
79143,963,0.8907428828333407
79143,23401,0.9669506354834955
79143,10487,0.8971809826016719
79143,3303,0.9084260741927392
79143,2358,0.9578524731954376
79143,6398,0.8781357384865984
79143,57580,0.8792747071187367
79143,170954,0.9637702545944976
79143,271,0.8639558793223743
79143,126364,0.9555768213581278
79143,7132,0.9677743363741115
79143,55505,0.8862745200430598
79143,146225,0.9492954410524981
79143,6397,0.949052273527095
79143,65220,0.93043138476133
79143,7879,0.9136524140376566
79143,6653,0.8941176617786538
79143,752,0.9147788956256134
79143,533,0.8676577679016755
79143,54518,0.9309194712529693
79143,116985,0.9405917792309845
79143,55911,0.9333923306347944
79143,8291,0.8616087175371533
79143,79930,0.9303632447466044
79143,8826,0.8507802372201557
79143,87,0.9587934765493696
79143,51291,0.9482109656527657
79143,8698,0.8835238513965827
79143,26020,0.958486540788779
79143,3310,0.9453719940077234
79143,9770,0.9346621976277725
79143,1912,0.9712100681906347
79143,1032,0.9501288848086372
79143,115727,0.9684513606665961
79143,53829,0.9555491480580137
79143,7462,0.8738894348098086
79143,4947,0.947799531395922
79143,5724,0.9302293902785271
79143,162466,0.8671923780259705
79143,133,0.869610188066534
79143,56905,0.8987288545175323
79143,84649,0.9597594578438807
79143,11240,0.9032376937845362
79143,8301,0.9303546522943108
79143,4067,0.9366764320904623
79143,5089,0.9110194880908896
79143,51170,0.9226630099117064
79143,2885,0.855585801582944
79143,9260,0.9842125569288883
79143,23558,0.9709505260838779
79143,126308,0.9271736068076064
79143,140885,0.8643170490607822
79143,9961,0.9137755637828916
79143,100500853,0.95120969957231
79143,112268246,0.973543741155451
79143,10261,0.9482105787121048
79143,8650,0.9510147290376724
79143,25797,0.9120935450192217
79143,54210,0.8635419276067564
79143,9750,0.8502574808133019
79143,5899,0.951026357361367
79143,150372,0.9095280344757543
79143,339287,0.9268191245080031
79143,55313,0.9418778545147902
79143,10312,0.878999886422931
79143,2790,0.9467931094243655
79143,284996,0.965209935816292
79143,1955,0.8939156260471057
79143,6778,0.8601781774670951
79143,254896,0.9545439489293163
79143,4210,0.9340979859372647
79143,9170,0.9421819203300185
79143,89849,0.9528777187920281
79143,8778,0.9330618831049649
79143,54918,0.8761318351044878
79143,3482,0.890339971133886
79143,84658,0.9130098564631527
79143,120892,0.9216189698162979
79143,100507419,0.9205356051058059
79143,283349,0.9326860640517609
79143,829,0.862635636626988
79143,7295,0.9223345413692489
79143,7090,0.9398115825255953
79143,257106,0.8658710553677652
79143,81628,0.9362619835964777
79143,389541,0.8791991792154404
79143,22904,0.9537736087711437
79143,9103,0.9199235719735978
79143,1084,0.9556897551972858
79143,26578,0.8862095975336366
79143,552891,0.9466036713831696
79143,6195,0.906728794532472
79143,89846,0.8789709860791614
79143,8125,0.9566959107456169
79143,23258,0.9136753641504242
79143,26234,0.9325722762882047
79143,23569,0.8818244123608057
79143,25801,0.9442870364255355
79143,338442,0.8788221547066399
79143,83931,0.9531671462764904
79143,144423,0.9706918665301179
79143,80301,0.9321451739172347
29992,2495,0.899376253714771
29992,5997,0.8562653952395382
29992,7305,0.9174961756725282
29992,5552,0.9335292885104811
29992,3936,0.8875528214694541
29992,11337,0.9098964285424302
29992,7127,0.9390025365876887
29992,10094,0.9023031425963722
29992,7086,0.8764225686579248
29992,7846,0.9092292352879964
29992,2771,0.9575093203440295
29992,2217,0.9506988726678346
29992,7439,0.9116887502599283
29992,8031,0.9011103718810449
29992,4814,0.9711890039456254
29992,1052,0.8987737789362172
29992,290,0.9122808936421607
29992,2752,0.9148731599727378
29992,10875,0.8663380929139413
29992,5093,0.9336467545239624
29992,4084,0.8994816667495967
29992,6386,0.9238673843735749
29992,6648,0.8917840202020749
29992,54458,0.9214960550294251
29992,978,0.9309673892885043
29992,677,0.884976186469535
29992,64581,0.9352125853595927
29992,7454,0.9424254387509446
29992,10487,0.8893208693278913
29992,9802,0.9269630393295201
29992,9473,0.9063155258551573
29992,7133,0.9093769065044399
29992,2358,0.8535788627054404
29992,6398,0.8815041709863137
29992,170954,0.9071212304839317
29992,271,0.9304225898089012
29992,126364,0.9474011390764214
29992,7132,0.8780417890981088
29992,55505,0.9109377744346593
29992,146225,0.8632212465904208
29992,6397,0.8949493545058249
29992,65220,0.8922794492255487
29992,7879,0.9488600363426193
29992,752,0.8783029434795393
29992,533,0.9714953418676799
29992,4615,0.875492794676463
29992,5538,0.8538445200313097
29992,116985,0.9416409963644615
29992,55911,0.8734782600772344
29992,79930,0.8844312731037547
29992,87,0.8750601186707964
29992,51291,0.8882665169816277
29992,26020,0.8513253349022255
29992,9770,0.9469877463653135
29992,1912,0.8871263755075173
29992,1032,0.8673178071012442
29992,115727,0.9516206629823302
29992,53829,0.8817835364354942
29992,7462,0.8702674667224162
29992,4947,0.941888304003941
29992,5724,0.9571150955652117
29992,56905,0.946647211664295
29992,8301,0.928303470389553
29992,4067,0.9235413075348753
29992,5089,0.8517007518081221
29992,51170,0.948091907250979
29992,2885,0.9189529846118413
29992,9260,0.9157901324480406
29992,23558,0.9057115398200735
29992,126308,0.8727432602091734
29992,140885,0.8767405298805834
29992,9961,0.8553673658598555
29992,100500853,0.8821022757457644
29992,112268246,0.8502088539009249
29992,53917,0.8791874603368818
29992,10261,0.916611214937173
29992,8650,0.918697553209133
29992,25797,0.911582750451988
29992,54210,0.9160185962693174
29992,5899,0.896256311186971
29992,150372,0.9492854487146456
29992,55313,0.9590487398909759
29992,10312,0.8733385142190957
29992,284996,0.886154683463786
29992,1955,0.9379716350754066
29992,6778,0.892182326096336
29992,254896,0.8662934158833516
29992,5175,0.9581373109380538
29992,4210,0.9056509650547676
29992,89849,0.9162278490354724
29992,8778,0.8715140531541096
29992,54918,0.9394960934517357
29992,10956,0.8731046540440494
29992,84658,0.862236617696712
29992,120892,0.8993609350298726
29992,283349,0.8778205583437719
29992,7295,0.8969204331697533
29992,7090,0.929106540480984
29992,8843,0.9038692163221038
29992,7009,0.8780079398182387
29992,389541,0.8604265186258866
29992,9103,0.8885185439875317
29992,152007,0.8819272216591317
29992,1084,0.8539995455045843
29992,8125,0.9325228568130127
29992,23258,0.9218622044314789
29992,26234,0.9101982022404783
29992,5878,0.9325145517291277
29992,23569,0.8802154313526248
29992,338442,0.915932054905409
29992,83931,0.9047818342348145
29992,144423,0.926324527911981
29992,80301,0.9018045788147274
27128,5552,0.8794379513151902
27128,3936,0.8670145247663394
27128,2752,0.8514752934983612
27128,23214,0.9541657677602317
27128,4084,0.9364771883614107
27128,240,0.8687123680574702
27128,8334,0.8833037101569593
27128,6386,0.9407274390958064
27128,6648,0.9182166517546313
27128,54458,0.9560838223246861
27128,5777,0.8701073451461475
27128,978,0.8899534331096952
27128,60675,0.941336067706315
27128,116496,0.9295684426817159
27128,7454,0.9487317419202272
27128,963,0.9047461213934903
27128,23401,0.9537662669895066
27128,10487,0.8964286980289037
27128,3303,0.9189358637851551
27128,2358,0.9491599881770129
27128,6398,0.8757128587254664
27128,57580,0.8819053163280991
27128,170954,0.9517729562484893
27128,126364,0.9204351494735042
27128,7132,0.9505354835556818
27128,146225,0.9066366659565264
27128,6397,0.9078008249187042
27128,65220,0.910018734247752
27128,7879,0.8949627066699863
27128,6653,0.9045909343000913
27128,752,0.9068952929625927
27128,54518,0.9397935397342816
27128,116985,0.9069462289617526
27128,55911,0.9469526762035678
27128,8291,0.8973792666065519
27128,79930,0.9160685966985608
27128,8826,0.8781885628380282
27128,87,0.9401614173613394
27128,51291,0.9433476499543771
27128,26020,0.9385666110045837
27128,3310,0.9512207608566328
27128,9770,0.8887355116935346
27128,1912,0.9436329681554768
27128,1032,0.950647491881144
27128,115727,0.9449224992514755
27128,53829,0.9349110238303693
27128,7462,0.8614739523040619
27128,4947,0.8997242097185104
27128,5724,0.8822447974605697
27128,133,0.9021906455919003
27128,56905,0.8727892806946728
27128,84649,0.9443628014592019
27128,11240,0.9149290658355925
27128,8301,0.9247379596586492
27128,4067,0.9265672118113588
27128,5089,0.8696144472860389
27128,51170,0.8899931797805515
27128,9260,0.9486434672336693
27128,23558,0.9347525409835791
27128,126308,0.9117697444855001
27128,140885,0.8549105823672304
27128,9961,0.8971719409246282
27128,100500853,0.9333680427450267
27128,112268246,0.9439622807020707
27128,10261,0.9253984199285781
27128,8650,0.9357558099922972
27128,25797,0.8820370139741869
27128,5899,0.9482210568689499
27128,150372,0.8727615122048757
27128,339287,0.9105385777050443
27128,55313,0.8929076028458518
27128,10312,0.8848100933651442
27128,2790,0.9550858871367662
27128,284996,0.9687143369273717
27128,1955,0.8557864852092272
27128,254896,0.9343226994657134
27128,4210,0.9164686698890859
27128,9170,0.9317230644987023
27128,89849,0.9113247701657738
27128,8778,0.9337947698031227
27128,54918,0.850128514039319
27128,3482,0.8677146567976333
27128,84658,0.8547592090651333
27128,120892,0.8908409006789227
27128,100507419,0.9411088324911936
27128,3927,0.8579133227756991
27128,283349,0.9031308338174823
27128,829,0.8790903952078818
27128,7295,0.8989582045176568
27128,7090,0.9093601309678818
27128,257106,0.8797254264233206
27128,81628,0.9283507555283717
27128,22904,0.9588548896762616
27128,9103,0.9322790783565311
27128,1084,0.9342044493934626
27128,26578,0.9147211956920979
27128,552891,0.9554116949832735
27128,6195,0.9159839156671824
27128,89846,0.8687429309571805
27128,8125,0.9190176735700709
27128,23258,0.871272526032127
27128,26234,0.9395372229911872
27128,25801,0.954058735501065
27128,83931,0.9054548278737865
27128,144423,0.9496595195833156
27128,80301,0.9202529773342257
23214,723790,0.8737427690350423
23214,8337,0.8727537521803247
23214,8031,0.8780671780165331
23214,4084,0.9566881464061898
23214,8334,0.9490755473652986
23214,6386,0.9282783280138497
23214,6648,0.9493156037389336
23214,54458,0.9315877170081587
23214,978,0.8810194890676163
23214,60675,0.9104673812657037
23214,116496,0.9189846908197443
23214,7454,0.924837985942958
23214,23401,0.9499195601488403
23214,10487,0.8531915199897264
23214,8349,0.8636871467677921
23214,3303,0.9020756066765427
23214,2358,0.9512310409021315
23214,57580,0.8965179194474514
23214,170954,0.956111336897321
23214,126364,0.8894983947669978
23214,7132,0.926565119597628
23214,146225,0.9346264909417616
23214,6397,0.9562170934363302
23214,65220,0.924396124500868
23214,7879,0.8585165185898168
23214,6653,0.9222219932108332
23214,752,0.9118114864619852
23214,54518,0.9078609710018363
23214,57153,0.8892543205554698
23214,116985,0.8824555665312821
23214,55911,0.8855895148488266
23214,79930,0.8668727922856211
23214,87,0.9723011887756218
23214,51291,0.9480566232901505
23214,8698,0.8526786124872127
23214,26020,0.983208252615982
23214,3310,0.9490743922468794
23214,9770,0.8892053750289138
23214,55196,0.902086956795215
23214,1912,0.9384908845170575
23214,1032,0.9390583177953137
23214,115727,0.9155838224075207
23214,7456,0.8806431883133472
23214,53829,0.9394648831723342
23214,4947,0.9123733970878154
23214,5724,0.8606143837492397
23214,162466,0.8655582628198455
23214,133,0.8548431832324864
23214,56905,0.8591044593923131
23214,84649,0.9301146806550854
23214,11240,0.8798165692648525
23214,8301,0.9049189989769105
23214,4067,0.910245066268284
23214,5089,0.9439980907772143
23214,51170,0.8846048541370154
23214,100507006,0.852865537968432
23214,9260,0.9541399446008924
23214,23558,0.9680663386075341
23214,126308,0.8800869060597251
23214,9961,0.8776801189401606
23214,100500853,0.9445132503884185
23214,112268246,0.9168723006719885
23214,10261,0.9096421399988883
23214,8650,0.9304793846736988
23214,23347,0.8608183758512014
23214,25797,0.8987908615702791
23214,54210,0.8532817989508072
23214,9750,0.9265790209637501
23214,5899,0.9371663379926453
23214,339287,0.9690345039947407
23214,55313,0.9144269927005529
23214,2790,0.9390625371584591
23214,284996,0.9708124326299878
23214,1955,0.86385511798358
23214,254896,0.9790780662146151
23214,4210,0.9314438601117252
23214,9170,0.9399740460468078
23214,89849,0.9335606746028426
23214,8778,0.9327485877907133
23214,3482,0.9183632850170528
23214,8338,0.860685412087403
23214,84658,0.9296328821228916
23214,120892,0.9288109175511942
23214,100507419,0.9437895711847046
23214,283349,0.9501324861794054
23214,7295,0.8768144194033306
23214,7090,0.9295394062205732
23214,257106,0.8610148633950315
23214,81628,0.9448805473039622
23214,22904,0.948718408419089
23214,9103,0.8713389548042517
23214,9111,0.8660988662482143
23214,1084,0.9593891818083218
23214,26578,0.8634998834814811
23214,552891,0.9384999680603945
23214,6195,0.8618302827241817
23214,89846,0.9276871988893238
23214,8125,0.9284678439101081
23214,23258,0.916524279155163
23214,26234,0.9095497095910773
23214,25801,0.9268886628567419
23214,338442,0.862098518118592
23214,83931,0.9474338308737581
23214,144423,0.942162574645883
23214,80301,0.8614294510373589
4084,5997,0.8548104837565478
4084,5552,0.9100118399677481
4084,3936,0.8508921528907555
4084,723790,0.8828221195242342
4084,8337,0.881752688672162
4084,7846,0.8898448758153314
4084,8031,0.9106357587306168
4084,4814,0.8957165022158735
4084,2752,0.9213190978087854
4084,5093,0.8528665147913915
4084,8334,0.9548282310226391
4084,6386,0.9489563071702506
4084,6648,0.9576873658063741
4084,54458,0.9309459482369157
4084,5777,0.8594283577743046
4084,978,0.8967042388247092
4084,677,0.8780797072475676
4084,60675,0.8762492965648787
4084,64581,0.866570699652527
4084,116496,0.8876219000987073
4084,7454,0.9308219322553901
4084,963,0.8585915575479757
4084,23401,0.9117439676462749
4084,10487,0.8728962247491705
4084,8349,0.8976586901959
4084,3303,0.9052746203748461
4084,2358,0.9321936076235134
4084,6398,0.8632915320568716
4084,57580,0.8943059418333211
4084,170954,0.9563421662943453
4084,271,0.8886851540587579
4084,126364,0.9095346941456732
4084,7132,0.907023850045481
4084,146225,0.8889781640750147
4084,6397,0.95555785863749
4084,65220,0.9704420085749778
4084,7879,0.8966273720076513
4084,6653,0.8812674013608488
4084,752,0.9404029799865729
4084,54518,0.9003638177538827
4084,116985,0.902159094908192
4084,55911,0.9101889119453501
4084,79930,0.8783887272408617
4084,8826,0.8636323631753587
4084,87,0.9568794434485796
4084,51291,0.957165266417052
4084,26020,0.9478586034267985
4084,3310,0.9290123496384763
4084,9770,0.9160960499444883
4084,55196,0.8797870937335543
4084,1912,0.9117477606704617
4084,1032,0.9459070032300214
4084,115727,0.9358469683020829
4084,7456,0.864922543695433
4084,53829,0.9364029153054272
4084,4947,0.9253874011276144
4084,5724,0.88781117098497
4084,56905,0.9412776963247738
4084,84649,0.8682339016402164
4084,8301,0.9582087983700122
4084,4067,0.9585267297976044
4084,5089,0.9412719574064617
4084,51170,0.928548209599431
4084,100507006,0.8971815493989769
4084,9260,0.9342763466492991
4084,23558,0.9668266304203422
4084,126308,0.8952414828476772
4084,9961,0.8857515339713173
4084,100500853,0.9278486970533089
4084,112268246,0.8803561318091715
4084,53917,0.8868294892185526
4084,10261,0.9284251138162708
4084,8650,0.9535255694544771
4084,23347,0.8970762204974457
4084,25797,0.8991933623252879
4084,54210,0.9111084819448639
4084,9750,0.8747598165579603
4084,5899,0.9537956466316695
4084,150372,0.8657490260239907
4084,339287,0.9435956432092626
4084,55313,0.9499629919847057
4084,10312,0.8536767388816497
4084,2790,0.9123616182838592
4084,284996,0.9724440019465828
4084,1955,0.9076277222861007
4084,254896,0.9593311854752757
4084,4210,0.9748382933031525
4084,9170,0.9086411187273592
4084,89849,0.9466322755070264
4084,8778,0.9476316922630688
4084,54918,0.8749093086757501
4084,3482,0.9041858359795145
4084,8338,0.8722626649639855
4084,84658,0.9197500364825499
4084,120892,0.970292220141616
4084,100507419,0.891666479236887
4084,3927,0.8507752304412719
4084,283349,0.9434365788246409
4084,829,0.8550993080732754
4084,7295,0.8610826246616817
4084,7090,0.9665583759138484
4084,257106,0.8576528090023624
4084,8843,0.8738082182895859
4084,81628,0.9242780420669584
4084,22904,0.9259062196100284
4084,9103,0.9116004823007073
4084,9111,0.9219866766530436
4084,1084,0.9477689581989247
4084,26578,0.8834632206923582
4084,552891,0.9122824226887927
4084,89846,0.8529058364948237
4084,8125,0.9289805078634534
4084,23258,0.9556413186146377
4084,26234,0.9428841730287117
4084,25801,0.9088434502096763
4084,338442,0.8991526942684116
4084,83931,0.9464523122052108
4084,144423,0.9451849661042839
4084,80301,0.8946778071948792
8334,5997,0.8628972426501335
8334,723790,0.9074265784923637
8334,8337,0.9073535558882659
8334,8031,0.9128290913028165
8334,4814,0.8561565012998142
8334,2752,0.8633353144796267
8334,6386,0.8966506693183321
8334,6648,0.9534921133131686
8334,54458,0.8761000753819843
8334,7454,0.8772865938983768
8334,23401,0.8829998546494733
8334,8349,0.898760267843726
8334,3303,0.8646676179744422
8334,2358,0.9073554489949393
8334,57580,0.8645232608181934
8334,1116,0.8513644204547162
8334,170954,0.9346278496535155
8334,126364,0.8673972670881624
8334,7132,0.8707224192963011
8334,146225,0.9064713265412261
8334,10957,0.8652635922044033
8334,6397,0.9518856719731239
8334,65220,0.939415044266202
8334,752,0.8985561224566174
8334,57153,0.8644742731641514
8334,116985,0.8512588007127248
8334,87,0.9309163604915464
8334,51291,0.9059800455146034
8334,26020,0.9368915394302054
8334,3310,0.898232647881999
8334,9770,0.8708133833961518
8334,55196,0.8770841340449166
8334,1912,0.865683990080342
8334,1032,0.910949937991741
8334,115727,0.8719665096630491
8334,7456,0.8620359483759004
8334,53829,0.8985131133881925
8334,4947,0.9183663833573241
8334,162466,0.884826656230671
8334,56905,0.8770692770676807
8334,8301,0.896425137600145
8334,4067,0.9035171148997823
8334,5089,0.9453159711346529
8334,51170,0.8943464563028346
8334,100507006,0.8846033544636183
8334,9260,0.8995079699303785
8334,23558,0.9609926293189106
8334,126308,0.8526832779617299
8334,100500853,0.8882011174724124
8334,112268246,0.8502580553423913
8334,10261,0.8881232289087102
8334,8650,0.8918888763801691
8334,23347,0.8802584142874738
8334,25797,0.885665358687551
8334,54210,0.8904046006608487
8334,9750,0.8740519836404687
8334,5899,0.9019524063302369
8334,339287,0.928471212064067
8334,55313,0.9194241141136631
8334,2790,0.8907810134000732
8334,284996,0.9334907356533816
8334,1955,0.8540223185776361
8334,254896,0.9560985911728557
8334,4210,0.9190571966890849
8334,9170,0.8746496262207979
8334,89849,0.9234909243330471
8334,8778,0.9054388165053147
8334,3482,0.894940592352932
8334,8338,0.8926897662633158
8334,84658,0.9576422957151208
8334,120892,0.9271989762271432
8334,100507419,0.8560006788064801
8334,283349,0.9418997268551879
8334,7090,0.9274180196730752
8334,8843,0.8762347512126105
8334,81628,0.9060949718425203
8334,389541,0.8724766071013348
8334,22904,0.8782143120350465
8334,9111,0.899818177828266
8334,1084,0.9445466866322433
8334,552891,0.8901768443889729
8334,89846,0.8734441905214106
8334,8125,0.8987140780130726
8334,23258,0.9212459588487913
8334,26234,0.8782326841594345
8334,25801,0.8652199984189051
8334,338442,0.9033189533186045
8334,83931,0.9526829267754938
8334,144423,0.8985184657177918
6386,5552,0.9569625883074093
6386,3936,0.9283233680162939
6386,7846,0.9127051513001015
6386,2771,0.8729506647799127
6386,8031,0.8999888807174602
6386,4814,0.9024744004046563
6386,290,0.9178627922458232
6386,5788,0.8615577738789858
6386,2752,0.916822620909375
6386,5093,0.8981520567631464
6386,240,0.8928695592485059
6386,6648,0.9661085910240158
6386,54458,0.9514898155921233
6386,5777,0.8678623197362485
6386,978,0.9101329850829669
6386,677,0.8878005643159449
6386,60675,0.9204919464261758
6386,64581,0.858757240324657
6386,116496,0.9376731886118063
6386,7454,0.9426523202037498
6386,963,0.9119340704621423
6386,23401,0.9315064411689179
6386,10487,0.9504747297824785
6386,9802,0.890307084214039
6386,9473,0.8623275207572791
6386,3303,0.8805727712312612
6386,2358,0.9621157754504506
6386,6398,0.8508293212893443
6386,57580,0.875591760080779
6386,170954,0.9511038394203919
6386,271,0.8701664976166249
6386,126364,0.9531293506402011
6386,7132,0.9183660275098795
6386,55505,0.8778876571872505
6386,146225,0.9057309645167742
6386,6397,0.9282394803144498
6386,65220,0.907713699410376
6386,7879,0.9627402675570802
6386,6653,0.9132594845099075
6386,752,0.8994480116347741
6386,533,0.883597220422025
6386,54518,0.9430449110195768
6386,4615,0.8831817698236637
6386,116985,0.9345807981758062
6386,55911,0.9209838969231958
6386,8291,0.8910263758299438
6386,604,0.876047601948957
6386,79930,0.9413159089847113
6386,8826,0.9205961026871918
6386,87,0.9614781206335101
6386,51291,0.9591413139322661
6386,26020,0.9251279514247931
6386,3310,0.9250206667013596
6386,9770,0.967649539100148
6386,1912,0.9370804088847997
6386,1032,0.9239907529685086
6386,115727,0.9741248439604264
6386,53829,0.9426983689653377
6386,7462,0.8663787355869395
6386,4947,0.949204718976936
6386,5724,0.9477886971317131
6386,133,0.920718929629612
6386,56905,0.9084117618126113
6386,84649,0.9208530520221665
6386,11240,0.9129380818538672
6386,8301,0.9822261507260689
6386,4067,0.9709775862260555
6386,5089,0.8919718136376373
6386,51170,0.9728554901812705
6386,2885,0.8959623408811722
6386,9260,0.9430126198349935
6386,23558,0.932325719372155
6386,126308,0.8855578425981189
6386,140885,0.9233545486850578
6386,9961,0.8696493808215434
6386,100500853,0.9615850017212412
6386,112268246,0.8842477941737895
6386,10261,0.9541590641487113
6386,8650,0.9862974331158885
6386,25797,0.9474168941250944
6386,54210,0.8862741473035339
6386,5899,0.9818087011370886
6386,150372,0.9087887741307209
6386,339287,0.9318909535687089
6386,55313,0.9492299638114077
6386,10312,0.8610479191876191
6386,2790,0.9646861283073861
6386,284996,0.9714311967376289
6386,1955,0.9556665406533931
6386,6778,0.8675948952179157
6386,254896,0.9382375583563036
6386,5175,0.8884744264620854
6386,4210,0.9316080241218719
6386,9170,0.8989025389978609
6386,89849,0.9095397239458182
6386,8778,0.9216911345384424
6386,8972,0.8670922620725289
6386,54918,0.9495672877865462
6386,3482,0.8783216948346991
6386,84658,0.8936769949980913
6386,120892,0.9408840434276259
6386,100507419,0.8893554386083151
6386,3927,0.867053663483173
6386,283349,0.9531000876253232
6386,829,0.9088856519694712
6386,7295,0.9232961648587877
6386,7090,0.9484240499085843
6386,257106,0.8600130048725338
6386,8843,0.8779830663066557
6386,81628,0.8914807121626364
6386,22904,0.9382221549658682
6386,9103,0.9431020468144208
6386,1084,0.9057304983520714
6386,26578,0.9357600622876099
6386,552891,0.9648041248122206
6386,6195,0.855960831568824
6386,8125,0.9585080075012383
6386,23258,0.9442124727802246
6386,26234,0.9857306594748546
6386,5878,0.8646900922254898
6386,23569,0.8905034056890417
6386,25801,0.9621227583540363
6386,338442,0.8932252954160944
6386,83931,0.9200429098070824
6386,144423,0.9798758628391433
6386,80301,0.9155291818222165
6648,5997,0.8889868233349902
6648,5552,0.9281006390941237
6648,723790,0.9011867326433425
6648,8337,0.9016612192404697
6648,7846,0.8982913982743689
6648,8031,0.931045843291422
6648,4814,0.9023371365017733
6648,5788,0.8561805654280399
6648,2752,0.9172470473974687
6648,5093,0.8695415196907174
6648,54458,0.9134820213127702
6648,978,0.8763221169739079
6648,677,0.8845901022874122
6648,60675,0.889087551843934
6648,116496,0.9037759972389318
6648,7454,0.914736493363409
6648,23401,0.9095903697207228
6648,10487,0.8773074906192421
6648,9802,0.853192346768663
6648,8349,0.8833056192077641
6648,3303,0.8603200240480622
6648,2358,0.9430130463353662
6648,57580,0.8883887968948984
6648,170954,0.9459039233288234
6648,271,0.887133252086347
6648,126364,0.9102352027369447
6648,7132,0.8837893125893915
6648,146225,0.9161553985206878
6648,10957,0.9002296306183505
6648,6397,0.9632455712983015
6648,65220,0.9182260740227902
6648,7879,0.8990032943281645
6648,6653,0.8987734695370246
6648,752,0.9169781859774055
6648,533,0.850704345431294
6648,54518,0.8961951066924417
6648,116985,0.9024471671779347
6648,55911,0.8870200327996846
6648,79930,0.8686894301653574
6648,8826,0.8658292703388655
6648,87,0.9572254593622512
6648,51291,0.9505482887826016
6648,26020,0.9452144758790129
6648,3310,0.9197503233712795
6648,9770,0.9342289269623001
6648,55196,0.8737696251242275
6648,1912,0.9041310317604468
6648,1032,0.9309758673318426
6648,115727,0.9299239399989454
6648,53829,0.9138784978434918
6648,4947,0.9547281673879342
6648,5724,0.9013007455366463
6648,133,0.8682780556471335
6648,56905,0.9042195618169622
6648,84649,0.8947776180572905
6648,11240,0.8531850716672116
6648,8301,0.952530555943589
6648,4067,0.9551433056022985
6648,5089,0.9417049053365766
6648,51170,0.9503113569138536
6648,9260,0.9335633391710794
6648,23558,0.9477476360860602
6648,126308,0.8694209511106424
6648,9961,0.8542129044499769
6648,100500853,0.9329775971122835
6648,112268246,0.8674114086720267
6648,10261,0.9071519410301767
6648,8650,0.9528564955502318
6648,25797,0.9371573622422532
6648,54210,0.9156612707549885
6648,9750,0.8759590997689715
6648,5899,0.9565922706437926
6648,339287,0.957953114175899
6648,55313,0.9518854651360312
6648,2790,0.9492831747591891
6648,284996,0.9687054770265231
6648,1955,0.9231072983721385
6648,6778,0.8604959786374348
6648,254896,0.9654880349726266
6648,4210,0.9275484256871369
6648,9170,0.8980782127777728
6648,89849,0.9173902802909574
6648,8778,0.9196648842754529
6648,54918,0.9017485764452435
6648,3482,0.9093426607401986
6648,8338,0.886798545837137
6648,84658,0.9522829074275941
6648,120892,0.9508193430819042
6648,100507419,0.8846027590536234
6648,283349,0.9734022713187651
6648,7295,0.8807459621698451
6648,7090,0.9572964398961985
6648,8843,0.9033536877088046
6648,81628,0.9015633606130492
6648,389541,0.8509626322083936
6648,22904,0.9224989700957693
6648,9103,0.8848011150545085
6648,9111,0.8510017760978172
6648,1084,0.9216605555593769
6648,26578,0.8968849425748738
6648,552891,0.9490775275282852
6648,8125,0.9432169322530816
6648,23258,0.959004936464177
6648,26234,0.9475927823296173
6648,25801,0.9193832136258129
6648,338442,0.9240425269354355
6648,83931,0.9501332442828576
6648,144423,0.9633139319277921
6648,80301,0.8631775178553424
54458,7305,0.8718016527874288
54458,5552,0.9081188629398018
54458,3936,0.8984644359336045
54458,10094,0.8580307200383555
54458,7846,0.8660815522848329
54458,2771,0.8832110336154605
54458,8031,0.8600801950647783
54458,4814,0.8925223471244388
54458,290,0.9125511984215949
54458,2752,0.8785273701825583
54458,5093,0.8721726808539705
54458,240,0.9001145817481767
54458,5777,0.8904920371736375
54458,978,0.9516609927412788
54458,60675,0.8788831430464701
54458,116496,0.8880344244120533
54458,7454,0.9845135978904518
54458,963,0.9334609019221104
54458,23401,0.9422900332048276
54458,10487,0.9306597099822436
54458,9802,0.8532855577920774
54458,9473,0.8705424297470167
54458,3303,0.900290827367141
54458,2358,0.9396316106424408
54458,6398,0.8975475835997954
54458,57580,0.8628577482676663
54458,170954,0.9484437932303261
54458,271,0.8568438190946636
54458,126364,0.9630280181819567
54458,7132,0.9627346475677183
54458,55505,0.9375348106614364
54458,146225,0.9307315878329862
54458,6397,0.9135087263425166
54458,65220,0.911271167373771
54458,7879,0.9495907646477217
54458,6653,0.8819392377209129
54458,752,0.8936696106141463
54458,533,0.8911467111023549
54458,54518,0.9319464184591009
54458,116985,0.9468106303701336
54458,55911,0.9451736856070554
54458,8291,0.8795952426648218
54458,79930,0.9446820804314374
54458,8826,0.8687261233370579
54458,87,0.9298300682244446
54458,51291,0.9420607354396536
54458,8698,0.8618357192595597
54458,26020,0.9355803807617444
54458,3310,0.922485148493836
54458,9770,0.9313881902331186
54458,1912,0.9783658470131612
54458,1032,0.9369109307691081
54458,115727,0.9739693387207079
54458,53829,0.9396436557698751
54458,7462,0.8874841098982145
54458,4947,0.9359175820764156
54458,5724,0.9433399223357206
54458,133,0.8872397321493288
54458,56905,0.8977677888186655
54458,84649,0.9414970805322708
54458,11240,0.8920558157140285
54458,8301,0.9332861735837817
54458,4067,0.9326126376777161
54458,5089,0.8702901233946562
54458,51170,0.9299861289257338
54458,2885,0.8866654588929918
54458,9260,0.9717956732898927
54458,23558,0.9508514468826008
54458,126308,0.9125291318645984
54458,140885,0.8992843384908775
54458,9961,0.909064353804991
54458,100500853,0.9534112970024384
54458,112268246,0.9530800896595973
54458,53917,0.8502617041973872
54458,10261,0.9493708003088794
54458,8650,0.9477197431779232
54458,25797,0.8987486615371727
54458,54210,0.8586259570535968
54458,5899,0.9515020077267998
54458,150372,0.9311730630901464
54458,339287,0.8912379662446305
54458,55313,0.9296540858202208
54458,10312,0.9041409367395041
54458,2790,0.93086774583827
54458,284996,0.9490236512572658
54458,1955,0.899351746930176
54458,6778,0.8568851243556178
54458,254896,0.9156626755152016
54458,5175,0.8665648228884223
54458,4210,0.9145416529605087
54458,9170,0.9259468123038412
54458,89849,0.934508462768907
54458,8778,0.9085991615392426
54458,54918,0.9031622992678797
54458,3482,0.8675762749437816
54458,84658,0.8574949119835659
54458,120892,0.9019772903242869
54458,100507419,0.8971680217168234
54458,3927,0.8703824416207412
54458,283349,0.8982250882612186
54458,829,0.8837374773953866
54458,7295,0.9469617615332147
54458,7090,0.9208491243851888
54458,257106,0.8718064366188533
54458,81628,0.9212850903160497
54458,389541,0.8546715058033122
54458,22904,0.935897380425319
54458,9103,0.9386171185349509
54458,152007,0.8679822935357884
54458,1084,0.9236196146297648
54458,26578,0.9143184499132785
54458,552891,0.9307980780331357
54458,6195,0.9233779832650085
54458,8125,0.9609902426199181
54458,23258,0.8912653194559805
54458,26234,0.9313965866337501
54458,5878,0.8518997026942072
54458,23569,0.892819715822307
54458,25801,0.9363518394668517
54458,338442,0.8568340309725918
54458,83931,0.9189882125427566
54458,144423,0.9575618774923175
54458,80301,0.9416082469248591
978,7305,0.8810756559775035
978,5552,0.8679888473267917
978,7846,0.8664557006329672
978,2771,0.8816204837157318
978,2217,0.8697165966953027
978,4814,0.9007680891206112
978,290,0.9132511943334246
978,2752,0.8564825976267182
978,240,0.8753780083279996
978,5777,0.8581077574976165
978,7454,0.9529165603699876
978,963,0.8586638777501742
978,23401,0.9002787928524426
978,10487,0.879506199687211
978,3303,0.8693185782079914
978,2358,0.8668172471726306
978,6398,0.8624449616060347
978,170954,0.9071688823769171
978,271,0.8656407432503075
978,126364,0.943996275041706
978,7132,0.9242851823126946
978,55505,0.9432594355248758
978,146225,0.9048668496851825
978,6397,0.8680689378430319
978,65220,0.8847455870748946
978,7879,0.9183468579386486
978,752,0.8610356380799766
978,533,0.9052893020119918
978,54518,0.8776442341868737
978,116985,0.9222330241996277
978,55911,0.9010796588478691
978,79930,0.9243977734663281
978,87,0.8996332934035696
978,51291,0.901022928446829
978,26020,0.8868576593089306
978,3310,0.877532368180737
978,9770,0.90852392296445
978,1912,0.9451910953266476
978,1032,0.9016052796738553
978,115727,0.9524588697522933
978,53829,0.8831684169815246
978,7462,0.863362899963557
978,4947,0.9009330623316891
978,5724,0.9190965541191175
978,56905,0.8892424315463209
978,84649,0.8854275712470142
978,8301,0.8987356578717514
978,4067,0.8906618705455223
978,51170,0.8865901098223684
978,2885,0.8689183156344815
978,9260,0.9591505224394485
978,23558,0.9260976515171837
978,126308,0.8810078405200363
978,140885,0.8667031546845508
978,9961,0.8769320059694603
978,100500853,0.9036578939449433
978,112268246,0.915786662203309
978,53917,0.8618157881632705
978,10261,0.9071571305552527
978,8650,0.9022250172606154
978,25797,0.89849466252559
978,5899,0.8993265200521469
978,150372,0.9323628843866331
978,55313,0.9074436903251243
978,10312,0.8800515701062916
978,2790,0.8558066386016716
978,284996,0.8892652868666114
978,1955,0.8782523166476895
978,254896,0.8828310146241425
978,5175,0.8679705913400709
978,4210,0.8771397931203453
978,9170,0.914063895599642
978,89849,0.9303008442887327
978,8778,0.8995707360942121
978,54918,0.8654241188133222
978,120892,0.8657717643633094
978,283349,0.8509132093429548
978,7295,0.9309732781697635
978,7090,0.9191343764504176
978,81628,0.8731497415860805
978,389541,0.8755629419793259
978,22904,0.8962796661846085
978,9103,0.8954774425859361
978,152007,0.8581310649163135
978,1084,0.9015646072407908
978,552891,0.855616268526455
978,6195,0.8592785875275631
978,8125,0.9263757979330008
978,23258,0.8700715840718615
978,26234,0.8861624865615915
978,23569,0.9193068871900993
978,25801,0.8733199584228916
978,83931,0.8890965058998693
978,144423,0.9213677123976838
978,80301,0.9099537272596496
60675,240,0.8517594587577196
60675,116496,0.940152834631089
60675,7454,0.8698887893268258
60675,23401,0.9301450641276366
60675,10487,0.8674976965340233
60675,3303,0.8616557794079079
60675,2358,0.9300176876686046
60675,170954,0.9164414494052621
60675,126364,0.859611429527236
60675,7132,0.8835723791681338
60675,146225,0.8584328920174338
60675,6397,0.8521119921323435
60675,7879,0.85490334425918
60675,6653,0.8894594623327614
60675,54518,0.9207404400301695
60675,55911,0.8641452621953567
60675,8291,0.8944174564897864
60675,79930,0.8928295041181126
60675,8826,0.8606263429553139
60675,87,0.9193814327525683
60675,51291,0.8970454588546911
60675,26020,0.8861842391299956
60675,3310,0.9269550534581729
60675,9770,0.8770985058941434
60675,1912,0.8640028136694865
60675,1032,0.880468187290624
60675,115727,0.8980442654914077
60675,53829,0.8929029401553202
60675,133,0.8971006091593912
60675,84649,0.9002374410088615
60675,11240,0.8917600700786226
60675,8301,0.893519152740396
60675,4067,0.8865896025125636
60675,51170,0.8577426278273458
60675,9260,0.885604182843182
60675,23558,0.8614767018062703
60675,100500853,0.8818497354128745
60675,112268246,0.8572782981223259
60675,10261,0.8842246631696776
60675,8650,0.9103030886780479
60675,25797,0.8961794165809258
60675,5899,0.9161615386930105
60675,339287,0.8900808199240591
60675,2790,0.945454176839773
60675,284996,0.9312757798854024
60675,254896,0.9040178606012623
60675,4210,0.862393138404189
60675,9170,0.8802818528697129
60675,8778,0.9091875779991908
60675,8972,0.8640952741699096
60675,100507419,0.9021508678247019
60675,283349,0.8885307296622039
60675,829,0.8589486189948228
60675,7295,0.8591777404681169
60675,7090,0.8767186230410734
60675,22904,0.9368051145017255
60675,9103,0.8965150876942763
60675,1084,0.8738339625255553
60675,26578,0.8739840284214896
60675,552891,0.9457182662913244
60675,8125,0.873901154475673
60675,26234,0.9285487047957889
60675,25801,0.9377963216308061
60675,83931,0.8517688040549584
60675,144423,0.9166726950706285
116496,3936,0.8678870553041508
116496,5788,0.8936881097186036
116496,240,0.8794621191661038
116496,7454,0.8630512675804252
116496,963,0.861341276147331
116496,23401,0.9106353585715451
116496,10487,0.9024902897900219
116496,2358,0.9465535440479378
116496,57580,0.8589177754558109
116496,170954,0.8912749029744564
116496,126364,0.860473805729925
116496,7132,0.8664827614043722
116496,6397,0.8797560411071876
116496,7879,0.8796798646175259
116496,6653,0.9523065170118886
116496,54518,0.9403202379961221
116496,116985,0.8515987021372617
116496,55911,0.8749034325586496
116496,8291,0.935516916188957
116496,604,0.9062298869750944
116496,79930,0.9052440438560737
116496,8826,0.9241775164972323
116496,87,0.9327691077500851
116496,51291,0.9358271778353596
116496,26020,0.9111117409783942
116496,3310,0.891354066886362
116496,9770,0.8916841024393689
116496,1912,0.8945966756846357
116496,1032,0.8720353462725753
116496,115727,0.8991617173248092
116496,53829,0.9150097591774651
116496,133,0.9425252279072264
116496,84649,0.9222532556121367
116496,11240,0.9543281378300021
116496,8301,0.9097338367391316
116496,4067,0.9072162581103191
116496,51170,0.8630426363538486
116496,9260,0.8834241279090578
116496,23558,0.8647012948632253
116496,140885,0.8806250370064099
116496,100500853,0.9328944300314904
116496,10261,0.8820526922777522
116496,8650,0.9486240168684514
116496,306,0.8827718820989493
116496,25797,0.8553346220063833
116496,9750,0.8957206523118401
116496,5899,0.9463181990005025
116496,339287,0.9330845076319599
116496,55313,0.8513808058126402
116496,2790,0.948956028923125
116496,284996,0.9404357614108608
116496,1955,0.8720489023741921
116496,254896,0.9064277940522111
116496,4210,0.8788532123438954
116496,9170,0.8666413661247963
116496,8778,0.8749964727504708
116496,8972,0.947292584469056
116496,3482,0.8524189125237469
116496,120892,0.8929154976310203
116496,100507419,0.9219985356806308
116496,283349,0.908347942504429
116496,829,0.8753474060492719
116496,7090,0.8665593492143533
116496,81628,0.8534537555823231
116496,22904,0.9326145376280504
116496,9103,0.9008299746873593
116496,26578,0.8950157027966117
116496,552891,0.9489467435238503
116496,8125,0.8850541866241199
116496,23258,0.8656098692220011
116496,26234,0.9312982081155062
116496,25801,0.9602641514266386
116496,83931,0.8548502797122143
116496,144423,0.9337236376069403
7454,7305,0.8889461518435355
7454,5552,0.9059357785763724
7454,3936,0.8970266495427516
7454,11337,0.8503973416656068
7454,7846,0.869506196569058
7454,2771,0.9100077191453545
7454,2217,0.8824146276859104
7454,8031,0.8842782391753385
7454,4814,0.923164683957605
7454,290,0.9158987129509664
7454,2752,0.8792891050875767
7454,5093,0.8945601731492487
7454,240,0.8714486214826506
7454,5777,0.8794301202622556
7454,963,0.9106337894744463
7454,23401,0.9422058104605412
7454,10487,0.9213219819116131
7454,9802,0.8589973920043211
7454,9473,0.8852671767521059
7454,3303,0.8941422342551054
7454,2358,0.9213091859240385
7454,6398,0.909837213390712
7454,57580,0.8783094511017732
7454,170954,0.957617200665108
7454,271,0.8810721010545659
7454,126364,0.9683295940535331
7454,7132,0.966710043472045
7454,55505,0.9281812512693978
7454,146225,0.925825496630527
7454,6397,0.9255826879939455
7454,65220,0.9243052938930001
7454,7879,0.9483791443695658
7454,6653,0.8696223194961735
7454,752,0.9245007548978915
7454,533,0.9137345627006287
7454,54518,0.9218751051301887
7454,4615,0.8504943408798862
7454,116985,0.964836955687379
7454,55911,0.9564039241893546
7454,8291,0.8525651210298756
7454,79930,0.9314505812065087
7454,8826,0.8612527639087846
7454,87,0.9297016777567159
7454,51291,0.9433703821027373
7454,8698,0.8562323920624616
7454,26020,0.9334197169789611
7454,3310,0.9296055194736677
7454,9770,0.9361453474095761
7454,1912,0.9637886711537685
7454,1032,0.9277404716129487
7454,115727,0.9777492123539032
7454,53829,0.9323825126994654
7454,7462,0.8890294142995696
7454,4947,0.942992918334082
7454,5724,0.950613253078727
7454,56905,0.9203126169151621
7454,84649,0.9250660548511409
7454,11240,0.8770818437932612
7454,8301,0.935598375742474
7454,4067,0.9273692581136059
7454,5089,0.8797105757051135
7454,51170,0.9280435564118007
7454,2885,0.8818532388905543
7454,9260,0.9744561645685487
7454,23558,0.9528182725598213
7454,126308,0.9329865485836651
7454,140885,0.8874446420664431
7454,9961,0.9356953195817252
7454,100500853,0.9363619414501182
7454,7094,0.8504509842698222
7454,112268246,0.9551082778188295
7454,53917,0.8751980759259157
7454,10261,0.943949171221562
7454,8650,0.9407001130178506
7454,25797,0.9090290366098501
7454,54210,0.8673366960390305
7454,5899,0.9372704649070505
7454,150372,0.9517958283998341
7454,339287,0.883150447317527
7454,55313,0.9421949866806307
7454,10312,0.9302405299207459
7454,2790,0.9089829936865543
7454,284996,0.9435446394485706
7454,1955,0.90626169572218
7454,6778,0.8723888016624949
7454,254896,0.9169022291788131
7454,5175,0.8875979495066292
7454,4210,0.9265149336784506
7454,9170,0.9321653795066749
7454,89849,0.9478255282882997
7454,8778,0.9215184254451184
7454,54918,0.9036155151047417
7454,10956,0.8530324708762883
7454,3482,0.8834368405563798
7454,84658,0.8760913112230662
7454,120892,0.9036103173545703
7454,100507419,0.894939182120666
7454,3927,0.8905286862516991
7454,283349,0.9016110246764703
7454,829,0.867709370734437
7454,7295,0.9365870076555998
7454,7090,0.9277157962793823
7454,257106,0.8856437814254257
7454,81628,0.9346809170394799
7454,389541,0.879644858417753
7454,22904,0.9369776737145525
7454,9103,0.9281516226109217
7454,152007,0.8870988113462501
7454,1084,0.92726319986974
7454,26578,0.89881084562397
7454,552891,0.9090264823613973
7454,6195,0.916911439385201
7454,8125,0.9625396491283492
7454,23258,0.9022850471369495
7454,26234,0.9312737119497427
7454,5878,0.8742779755381824
7454,23569,0.8958162035577805
7454,25801,0.9132534336547816
7454,338442,0.876111972622379
7454,83931,0.9358405899485046
7454,144423,0.9591262668079337
7454,80301,0.9500329034290182
963,5552,0.8723780097683957
963,3936,0.9230798028011027
963,2268,0.8647746212545042
963,10094,0.881032898894579
963,2771,0.8543662499039467
963,290,0.8605907537775098
963,240,0.9002500378365186
963,5777,0.9040044092616408
963,23401,0.8870515065103587
963,10487,0.9378888275433502
963,9473,0.8721886054098608
963,3303,0.8525421539363388
963,2358,0.9088561079300703
963,6398,0.8599537823766796
963,170954,0.8917754797822233
963,126364,0.9207427214553878
963,7132,0.9197619162506925
963,55505,0.87996055956212
963,65220,0.8519909344528405
963,7879,0.9151737355219427
963,54518,0.9213375042590698
963,4615,0.885664332390396
963,116985,0.9041744649383889
963,55911,0.9092755831779118
963,8291,0.8851923762108603
963,79930,0.916182056465029
963,8826,0.8820527085546153
963,51291,0.8768650476108321
963,3310,0.8675341334905862
963,9770,0.8946308860512587
963,1912,0.8950880789067683
963,115727,0.9163752486794585
963,53829,0.8980492574711205
963,7462,0.9029550959157805
963,4947,0.870215178479279
963,5724,0.8912188210203874
963,133,0.8897918115526461
963,84649,0.884348591972115
963,11240,0.8849926982194494
963,8301,0.9072458739894081
963,4067,0.8984263324153613
963,51170,0.897323308478554
963,2885,0.8829021980287282
963,9260,0.8731971801565304
963,23558,0.8512177978760688
963,126308,0.8775228835097901
963,140885,0.9012516056643687
963,100500853,0.88991797357765
963,7094,0.8858441730513952
963,112268246,0.8757561374260519
963,10261,0.9360489908510291
963,8650,0.9029927206873263
963,5899,0.9226384786210792
963,150372,0.8961931467081932
963,10312,0.8826766059412064
963,2790,0.8969412440586837
963,284996,0.8788382396385249
963,89849,0.8505080103650738
963,54918,0.9036735244495716
963,3927,0.8504675662550205
963,829,0.932778425162285
963,7295,0.8756487378272795
963,257106,0.8532290664018133
963,22904,0.8708891214606723
963,9103,0.940699231428315
963,152007,0.8861172705763108
963,26578,0.9239689545738513
963,552891,0.8971150696473029
963,6195,0.9112617920083538
963,8125,0.881964740674799
963,26234,0.9093367129021559
963,25801,0.9285832823569077
963,144423,0.8898337958936922
963,80301,0.9292757200183299
23401,8031,0.8665626922030488
23401,290,0.8721948454062467
23401,240,0.8528604898385885
23401,10487,0.8967855576372614
23401,3303,0.9009940634789049
23401,2358,0.94597582150729
23401,57580,0.8551426341708149
23401,170954,0.9588797518711946
23401,126364,0.9263768338431886
23401,7132,0.9740591439903029
23401,55505,0.8723856725446016
23401,146225,0.9497856987032868
23401,6397,0.9029441056078086
23401,65220,0.9069666656411756
23401,7879,0.8890115405210854
23401,6653,0.9019846868417889
23401,752,0.8774022705628362
23401,54518,0.9491224781457394
23401,116985,0.9140642089374742
23401,55911,0.9048115308396134
23401,8291,0.876282514008787
23401,79930,0.9120062829927296
23401,87,0.948445475788886
23401,51291,0.9175752768178324
23401,8698,0.914274375681776
23401,26020,0.9421680047257217
23401,3310,0.9709548731550192
23401,9770,0.9136298827475637
23401,1912,0.9419314741068776
23401,1032,0.8977788781386523
23401,115727,0.935685853583903
23401,53829,0.9511070276023164
23401,4947,0.9107593597441735
23401,5724,0.894024557278748
23401,162466,0.8645897258742061
23401,133,0.8725410840310477
23401,84649,0.9549688841998074
23401,11240,0.8930169091548569
23401,8301,0.9035159805863767
23401,4067,0.8947034321471646
23401,5089,0.8595732909699226
23401,51170,0.8890458142283487
23401,9260,0.9556926466631985
23401,23558,0.9320617577747072
23401,126308,0.9209886736919739
23401,9961,0.8927792240875083
23401,100500853,0.9242489452030332
23401,112268246,0.9456552362798472
23401,10261,0.9392955669881505
23401,8650,0.9218824312895498
23401,25797,0.9225547952779583
23401,5899,0.934000054090447
23401,150372,0.8841122518625874
23401,339287,0.9065908762342891
23401,55313,0.8924857454035712
23401,2790,0.9350857003798563
23401,284996,0.9305599186530862
23401,1955,0.8547592127968446
23401,254896,0.9258956932383753
23401,4210,0.8974277984031809
23401,9170,0.9517236803747848
23401,89849,0.9282451372554574
23401,8778,0.9128940523107274
23401,3482,0.867738156464884
23401,84658,0.8866357553085766
23401,120892,0.8810977709676175
23401,100507419,0.930343791005466
23401,283349,0.9135865898590906
23401,829,0.8940902195450476
23401,7295,0.9294628920451996
23401,7090,0.8820952062364773
23401,257106,0.8726157648960583
23401,81628,0.9222170505256612
23401,389541,0.8634106459088982
23401,22904,0.9362320129387315
23401,9103,0.902853170722213
23401,1084,0.9495888084814447
23401,26578,0.8810381652790226
23401,552891,0.9347995567345552
23401,6195,0.9225907052310952
23401,89846,0.8865919300407915
23401,8125,0.9395228483756558
23401,23258,0.8602486707618509
23401,26234,0.9205901008805083
23401,23569,0.8771738793552937
23401,25801,0.9423468674785002
23401,83931,0.9318165526974795
23401,144423,0.9368005203127193
23401,80301,0.9242811512420771
3303,5777,0.8548274253624215
3303,2358,0.874917012642501
3303,170954,0.9203171040293535
3303,126364,0.8773684835494744
3303,7132,0.9092175864426091
3303,146225,0.8736703775032906
3303,65220,0.9065275435220357
3303,54518,0.8980050805276902
3303,55911,0.8765168098290047
3303,79930,0.8603756436081476
3303,87,0.8998782190010334
3303,51291,0.8620371274524893
3303,26020,0.8736494842191892
3303,3310,0.9217080444328858
3303,1912,0.8874453413922279
3303,1032,0.8918932374068078
3303,115727,0.892154507236069
3303,53829,0.8548513050316379
3303,3304,0.972771279743962
3303,84649,0.8666991860036319
3303,8301,0.8752952411031544
3303,4067,0.8569879808011664
3303,9260,0.8960203673465705
3303,23558,0.8960713697855898
3303,126308,0.8615359444357188
3303,100500853,0.8619089098647486
3303,112268246,0.8986955385298677
3303,10261,0.8864867992182749
3303,8650,0.8639556872685477
3303,5899,0.8929625534186596
3303,150372,0.8507921466088666
3303,2790,0.8604777620981245
3303,284996,0.9058327886979644
3303,254896,0.8665184089285342
3303,4210,0.8724903036957481
3303,9170,0.9076926323228924
3303,89849,0.8790337344674055
3303,8778,0.8932770862898086
3303,100507419,0.8651907909008911
3303,829,0.8578251148242555
3303,7090,0.8699913996251298
3303,81628,0.8761776362651141
3303,22904,0.8822111581826767
3303,9103,0.8725929408299898
3303,9111,0.8791406743829562
3303,1084,0.915813976584252
3303,552891,0.8600279235739202
3303,8125,0.8730316982243972
3303,26234,0.8753703078166999
3303,25801,0.8865021931354209
3303,83931,0.8542289156342417
3303,144423,0.8609005839743241
3303,80301,0.8899407784423763
2358,5552,0.8879384302815867
2358,3936,0.8709042660867693
2358,8031,0.8761208316038733
2358,290,0.8519262601306768
2358,5788,0.8646645341690465
2358,240,0.8797065283910261
2358,5777,0.8613811606497971
2358,10487,0.915550982482663
2358,57580,0.8670222811904035
2358,170954,0.9402539985352585
2358,126364,0.9208502989848796
2358,7132,0.9257766177289141
2358,146225,0.9205595287631807
2358,6397,0.9303317835720509
2358,65220,0.8916363574343995
2358,7879,0.9067729426203697
2358,6653,0.9342295959615736
2358,752,0.8701191286848234
2358,54518,0.937061192730218
2358,116985,0.8959087136814073
2358,55911,0.8907704809254462
2358,8291,0.8789092067189517
2358,79930,0.9105752316030096
2358,8826,0.8833181523785928
2358,87,0.9523128516700782
2358,51291,0.9397218695400958
2358,26020,0.9376578944949413
2358,3310,0.9218529948960517
2358,9770,0.9302062273711367
2358,55196,0.8631104580787131
2358,1912,0.9342124202142366
2358,1032,0.9096081195044972
2358,115727,0.9318900343035544
2358,53829,0.9654066383809967
2358,7462,0.8518238362398842
2358,4947,0.9259041210242825
2358,5724,0.9005877599163816
2358,133,0.9057015655694426
2358,84649,0.9418840448688557
2358,11240,0.9197429219142296
2358,8301,0.9363667000556364
2358,4067,0.9340031269260787
2358,5089,0.9020275449500984
2358,51170,0.9353460272454275
2358,9260,0.9301729689637737
2358,23558,0.9352576547221437
2358,126308,0.876573085618651
2358,140885,0.8695582408236272
2358,9961,0.8581543852699949
2358,100500853,0.9575466798841114
2358,112268246,0.9036138252919477
2358,10261,0.9564079307093386
2358,8650,0.9585113702879634
2358,25797,0.890070521690552
2358,9750,0.8944022047636806
2358,5899,0.9590651332017927
2358,339287,0.9408314927822528
2358,55313,0.9149916733379759
2358,2790,0.9733431435619645
2358,284996,0.9606712552199953
2358,1955,0.8926432312901124
2358,254896,0.9468091449454804
2358,4210,0.9139480622405615
2358,9170,0.8902320056309888
2358,89849,0.9008328060992192
2358,8778,0.9008830985066784
2358,8972,0.873917917794672
2358,54918,0.8875365214099845
2358,3482,0.8871804876564577
2358,84658,0.8958380749359854
2358,120892,0.9167803987848921
2358,100507419,0.903433399648813
2358,283349,0.941538843921088
2358,829,0.8961062505548176
2358,7295,0.885498964469273
2358,7090,0.9045015322505127
2358,257106,0.8588541320226483
2358,81628,0.893985303991986
2358,22904,0.9382422283234593
2358,9103,0.9112959066741455
2358,1084,0.9206714914153267
2358,26578,0.9097447953000471
2358,552891,0.9730289497373015
2358,6195,0.876421717753202
2358,89846,0.8514407484235427
2358,8125,0.9283181906038902
2358,23258,0.901651077387955
2358,26234,0.939014634590335
2358,25801,0.9758746327999971
2358,83931,0.9211769136666627
2358,144423,0.9531888852996707
2358,80301,0.887407486412013
6398,7305,0.8897501801540293
6398,5552,0.8653508301961184
6398,200315,0.8567402771559153
6398,11337,0.8884753101604184
6398,2771,0.8620881020438033
6398,2217,0.8619687882659012
6398,5777,0.8548956122314104
6398,64581,0.8504103955367462
6398,9473,0.8853413204264845
6398,170954,0.8574669835205275
6398,126364,0.8992105388802452
6398,7132,0.8961878496493181
6398,55505,0.8611384848785619
6398,65220,0.8956635184059923
6398,533,0.8801347695068055
6398,4615,0.87166065974364
6398,116985,0.8612662684079003
6398,55911,0.866749795980473
6398,3310,0.8713364804064193
6398,1032,0.8578285948060653
6398,115727,0.8982779408377833
6398,5724,0.8604906181902564
6398,56905,0.8874284403202009
6398,8301,0.8539258520142649
6398,4067,0.864579865160197
6398,51170,0.8653804465650865
6398,2885,0.8534853747355262
6398,9260,0.8534144550568161
6398,23558,0.8557961218304554
6398,9961,0.8909669146636242
6398,112268246,0.8868846876965784
6398,53917,0.9306874727442431
6398,10261,0.8798850458906646
6398,5899,0.8653169371488584
6398,150372,0.9346423717689479
6398,10312,0.8577437605307923
6398,284996,0.8610973274558777
6398,4210,0.8734279140597374
6398,89849,0.8619323823458999
6398,8778,0.885013918496275
6398,10956,0.886478819363634
6398,9103,0.8977232183143358
6398,152007,0.8607604537423434
6398,1084,0.857971036443895
6398,2787,0.8609360855353296
6398,26234,0.8587650824999464
6398,338442,0.8566563397622854
6398,144423,0.8571172492541365
6398,80301,0.9294709083651723
170954,5552,0.8901032744954968
170954,3936,0.8778393224685824
170954,7846,0.8505638559096744
170954,2771,0.8614903084317116
170954,8031,0.9092520144752525
170954,4814,0.8900440103592957
170954,290,0.8689465262294636
170954,2752,0.8684346639735064
170954,5093,0.8990591542617822
170954,5777,0.8711857085914478
170954,677,0.8532746127517069
170954,10487,0.9202259910122719
170954,57580,0.907623846894472
170954,271,0.8573986614992456
170954,126364,0.9385717711587497
170954,7132,0.9531031264364441
170954,55505,0.8645291655038397
170954,146225,0.9249896404859608
170954,6397,0.94272846420447
170954,65220,0.9436102261745386
170954,7879,0.9234004150786652
170954,6653,0.8911383350880685
170954,752,0.9438596400981581
170954,533,0.8541219737487031
170954,54518,0.9225951167540966
170954,116985,0.9342964305048107
170954,55911,0.922841243978565
170954,79930,0.903859119440441
170954,8826,0.8726884804375037
170954,87,0.9553165905611363
170954,51291,0.9487896662850912
170954,26020,0.9570580102397482
170954,3310,0.9559813308556921
170954,9770,0.9338782657032515
170954,1912,0.9265722512448967
170954,1032,0.9357666152254696
170954,115727,0.9530866832142375
170954,53829,0.9415151541384172
170954,7462,0.8689306970671583
170954,4947,0.9374115243122422
170954,5724,0.913597695507337
170954,162466,0.869782856683635
170954,56905,0.9094906610337583
170954,84649,0.9035868268954057
170954,11240,0.8671764865911186
170954,8301,0.9465383774840089
170954,4067,0.9417402404230593
170954,5089,0.906692575261009
170954,51170,0.923967109259929
170954,9260,0.952799007312268
170954,23558,0.9611377459102133
170954,126308,0.9356683770955658
170954,9961,0.9067505002555043
170954,100500853,0.9302177377726304
170954,112268246,0.9115225777431928
170954,53917,0.8629723865579442
170954,10261,0.947809910768418
170954,8650,0.9461095079985594
170954,25797,0.9454121060464589
170954,54210,0.8646042070161144
170954,5899,0.9442614418085997
170954,150372,0.8976761914302025
170954,339287,0.9231369107898145
170954,55313,0.9383025995333419
170954,10312,0.8768880672725009
170954,2790,0.9306961074446949
170954,284996,0.9611621488353309
170954,1955,0.9055552760360875
170954,6778,0.8698458768897668
170954,254896,0.9549180865174534
170954,4210,0.9413555595398039
170954,9170,0.925442525547425
170954,89849,0.9486181636607889
170954,8778,0.9444749187007191
170954,54918,0.8940984713202962
170954,3482,0.907903271145754
170954,84658,0.9246355443127305
170954,120892,0.9176582716235872
170954,100507419,0.9169861776296742
170954,3927,0.9041919397693992
170954,283349,0.9446612914090601
170954,829,0.8964566748816108
170954,7295,0.9120964530051486
170954,7090,0.9445697999952667
170954,257106,0.9073703901675593
170954,8843,0.8800021393728646
170954,81628,0.9549294985880563
170954,389541,0.8625243399788332
170954,22904,0.9413831148307997
170954,9103,0.9135368409127855
170954,9111,0.8611770909208714
170954,1084,0.9533154447916278
170954,26578,0.9177696373443787
170954,552891,0.9307721315974218
170954,6195,0.8949177446616216
170954,89846,0.871386696149469
170954,8125,0.9573289831770168
170954,23258,0.914252792373795
170954,26234,0.9535703016966498
170954,23569,0.8779626086019187
170954,25801,0.9242162126782542
170954,338442,0.9070270471843849
170954,83931,0.9626204277194075
170954,144423,0.9494652523363802
170954,80301,0.9269771413841038
126364,7305,0.887613959525077
126364,5552,0.9161686610211033
126364,3936,0.9109605803904729
126364,11337,0.8704770945290692
126364,10094,0.8947138602491385
126364,7846,0.8666415687103538
126364,2771,0.917598786739897
126364,2217,0.9031530946445059
126364,8031,0.8870312896679217
126364,4814,0.911057759104977
126364,1052,0.8670669018757907
126364,290,0.9169933289522436
126364,2752,0.875952460097794
126364,5093,0.897376464068032
126364,240,0.895305375763922
126364,5777,0.8968910981349825
126364,64581,0.8605259017682505
126364,10487,0.937831101887718
126364,9802,0.8644314775592806
126364,9473,0.8911608639114496
126364,7133,0.8514829290292892
126364,271,0.8690976454649627
126364,7132,0.9493579506144876
126364,55505,0.920180658909956
126364,146225,0.9136233904175111
126364,6397,0.9039846311241313
126364,65220,0.908212986835992
126364,7879,0.9532040806533297
126364,752,0.8725799007605217
126364,533,0.9298031017584
126364,54518,0.9196727967649765
126364,4615,0.88146668384333
126364,116985,0.9614014114875764
126364,55911,0.917815911103093
126364,8291,0.8549260147918715
126364,79930,0.949486940113616
126364,8826,0.8633320664419603
126364,87,0.9206586857287407
126364,51291,0.9201981672401998
126364,26020,0.8855561541493717
126364,3310,0.901321419851237
126364,9770,0.9564845000744423
126364,1912,0.9523416757640383
126364,1032,0.9147988474592882
126364,115727,0.976924811317043
126364,53829,0.9262192880149279
126364,7462,0.8884982284748685
126364,4947,0.9505003466924573
126364,5724,0.9592158516856375
126364,133,0.8675925267205571
126364,56905,0.9064455282788924
126364,84649,0.9225728334430907
126364,11240,0.8879471586794556
126364,8301,0.9437967451356573
126364,4067,0.9399635205326203
126364,51170,0.9474639042093254
126364,2885,0.929295954884872
126364,9260,0.9511396673643828
126364,23558,0.9309336218396635
126364,126308,0.8990341599558739
126364,140885,0.9250617190480157
126364,9961,0.8943805678760801
126364,100500853,0.9399696847352063
126364,112268246,0.9234122229050897
126364,53917,0.8523437685896512
126364,10261,0.958369629564354
126364,8650,0.9474989839920206
126364,25797,0.9111775246345726
126364,5899,0.9518360135967505
126364,150372,0.9621549282470907
126364,339287,0.8583650519348583
126364,55313,0.944108429731252
126364,10312,0.8928690312157486
126364,2790,0.9222819772220177
126364,284996,0.9257335949307476
126364,1955,0.9160213865524712
126364,6778,0.8653201468466766
126364,254896,0.8963299840313133
126364,5175,0.9203969013403984
126364,4210,0.9045854770493036
126364,9170,0.8931388927882663
126364,89849,0.9225473211236475
126364,8778,0.8996271216652716
126364,54918,0.9394663441408508
126364,10956,0.8552278503960294
126364,84658,0.8603410447700329
126364,120892,0.8890074603123379
126364,100507419,0.8513919527818861
126364,283349,0.9028546691045646
126364,829,0.9005183110625923
126364,7295,0.9280585730239584
126364,7090,0.9177320463034885
126364,7009,0.8593440593309969
126364,81628,0.8761068747056983
126364,389541,0.8762772306226081
126364,22904,0.9122231574776125
126364,9103,0.9275375840256679
126364,152007,0.8874149161427844
126364,1084,0.8969220771804595
126364,26578,0.8944294953047858
126364,552891,0.9222580912982982
126364,6195,0.8855726392465689
126364,8125,0.9537997328647921
126364,23258,0.8945228794681718
126364,26234,0.9438530546217654
126364,5878,0.8629938660079851
126364,23569,0.8969480256924043
126364,25801,0.9347353351470381
126364,338442,0.8607048281668546
126364,83931,0.9136548402337306
126364,144423,0.9587814303329233
126364,80301,0.9542507145466939
7132,3936,0.8543918381348556
7132,8031,0.8503055614380485
7132,4814,0.8500443673873237
7132,290,0.8796290951033799
7132,240,0.8584723801728624
7132,5777,0.8685667469635463
7132,10487,0.9049210380867025
7132,55505,0.9118127603801046
7132,146225,0.9265895792776001
7132,6397,0.8827183452667619
7132,65220,0.9179387741587648
7132,7879,0.9025071032546584
7132,6653,0.8685662571243429
7132,752,0.8724682900609939
7132,54518,0.9381121445177817
7132,116985,0.9322024934886762
7132,55911,0.9230867578546069
7132,8291,0.8668441029068664
7132,79930,0.9203266415813444
7132,87,0.9231509618461828
7132,51291,0.9029711926109648
7132,8698,0.9230633048964062
7132,26020,0.9154089956192911
7132,3310,0.946589353390016
7132,9770,0.9080658043519455
7132,1912,0.9481068677060103
7132,1032,0.8959487110497051
7132,115727,0.950305816055732
7132,53829,0.9484303797583415
7132,7462,0.8550942775125605
7132,4947,0.9086258706692434
7132,5724,0.9167126589054129
7132,133,0.8517917137873947
7132,56905,0.8503718188624165
7132,84649,0.9364098944304301
7132,11240,0.8883754133517846
7132,8301,0.9001661595224131
7132,4067,0.8875830294948376
7132,51170,0.8938833473189575
7132,9260,0.9527254229639507
7132,23558,0.9344398395694999
7132,126308,0.9254384152831272
7132,140885,0.8610602664119013
7132,9961,0.9271616151986161
7132,100500853,0.912308617485301
7132,112268246,0.9680031239724136
7132,53917,0.8579465597325526
7132,10261,0.9558360758651919
7132,8650,0.9104578157472349
7132,25797,0.8846708015676051
7132,5899,0.9204139956543095
7132,150372,0.9328721166916873
7132,339287,0.8610712043733753
7132,55313,0.8891873983749405
7132,10312,0.8885198731728459
7132,2790,0.909793050205031
7132,284996,0.9177273348618008
7132,254896,0.8935835361493363
7132,4210,0.9031134309736242
7132,9170,0.9384559905043055
7132,89849,0.9352497998966699
7132,8778,0.9144058774279836
7132,54918,0.8626482737433567
7132,120892,0.8658324308889656
7132,100507419,0.8996190098485533
7132,283349,0.8804821601828919
7132,829,0.9083944481505152
7132,7295,0.9323716884693986
7132,7090,0.8778514503237341
7132,257106,0.8820166783921065
7132,81628,0.9220562642044478
7132,389541,0.8767577372628592
7132,22904,0.9273697273173444
7132,9103,0.9172687157613251
7132,152007,0.8580948724650937
7132,1084,0.9474155287603705
7132,26578,0.8735871211404579
7132,552891,0.9095785427821748
7132,6195,0.9434896382150527
7132,89846,0.8537936719248355
7132,8125,0.92660298264277
7132,26234,0.9107064720325676
7132,23569,0.8803296852181992
7132,25801,0.9266751241850681
7132,83931,0.9139483288498392
7132,144423,0.9223133456669237
7132,80301,0.9601510154139172
55505,2512,0.8692873828403233
55505,7305,0.9149058673576125
55505,5552,0.8572835126537084
55505,11337,0.8871966380847951
55505,10094,0.8969580616264338
55505,2771,0.88903729816217
55505,2217,0.8779688915545988
55505,4814,0.8750543892297483
55505,1052,0.8548477581614583
55505,290,0.9155600343860965
55505,10487,0.8728044618934296
55505,146225,0.8919954303537899
55505,7879,0.9097331324163899
55505,533,0.9043740897898006
55505,54518,0.8540046932398921
55505,116985,0.9101613169835343
55505,55911,0.8576573110930592
55505,79930,0.8892924337076764
55505,9770,0.8808674128784824
55505,1912,0.9170738559753796
55505,115727,0.9224896742956509
55505,53829,0.852860987411378
55505,4947,0.8812210893816554
55505,5724,0.9157051779974047
55505,84649,0.864598300120563
55505,8301,0.851700933621416
55505,51170,0.8769473620481948
55505,2885,0.8602271791753333
55505,9260,0.9213345502141221
55505,23558,0.8619501871901438
55505,126308,0.853487430156268
55505,140885,0.858500682061873
55505,100500853,0.8648222306209818
55505,112268246,0.8953249079110189
55505,10261,0.8833869096094488
55505,8650,0.8527811716359988
55505,25797,0.8603700732899969
55505,5899,0.860709505811397
55505,150372,0.9292732948911626
55505,55313,0.8627063308673061
55505,10312,0.8562676671847562
55505,5175,0.8706952350768086
55505,9170,0.8791744735248077
55505,89849,0.8872201098321594
55505,54918,0.8662013954252105
55505,7295,0.9504812682124163
55505,389541,0.8561883949672672
55505,9103,0.8665011672557478
55505,152007,0.8877790577966365
55505,6195,0.8717556791544976
55505,8125,0.8963503007275189
55505,2787,0.8657674935020588
55505,23569,0.8862440010918632
55505,144423,0.8733336123050914
55505,80301,0.9033762821938953
146225,8031,0.8633265091113036
146225,4814,0.8526411883649064
146225,1116,0.8793528555601791
146225,6397,0.9129225288102907
146225,65220,0.878580449084174
146225,7879,0.86241623865217
146225,6653,0.8641361294062018
146225,752,0.8534614978890609
146225,54518,0.8860846695460831
146225,116985,0.8987339465188974
146225,55911,0.8595565373637574
146225,79930,0.8545874877167923
146225,87,0.921656402011221
146225,51291,0.8901872837367417
146225,8698,0.9086244369021562
146225,26020,0.9362560958998453
146225,3310,0.9257805949472472
146225,9770,0.8859578534807773
146225,1912,0.9413931515568779
146225,1032,0.8965466793731409
146225,115727,0.905008065201002
146225,53829,0.9007259222354412
146225,4947,0.9277367077774368
146225,5724,0.8748498522788721
146225,162466,0.8942347116676372
146225,84649,0.9394673168013759
146225,8301,0.8683256182313678
146225,4067,0.8614025818652195
146225,5089,0.8763901736515355
146225,51170,0.8919956733868
146225,9260,0.9589678856876597
146225,23558,0.9353082694655652
146225,126308,0.8807579153527688
146225,9961,0.8541388106844039
146225,100500853,0.9181201567007244
146225,112268246,0.9322644221204127
146225,10261,0.8987098814831702
146225,8650,0.8803564936899075
146225,25797,0.9170458399782042
146225,5899,0.9025665501331642
146225,150372,0.8521405294378753
146225,339287,0.8936090384974361
146225,55313,0.9001450390971731
146225,2790,0.9141547526134298
146225,284996,0.9090515004940507
146225,254896,0.9224280842509522
146225,4210,0.851404298954693
146225,9170,0.940353710443186
146225,89849,0.9316216267855748
146225,8778,0.8622365673222312
146225,3482,0.8741047934053282
146225,84658,0.9149467042871204
146225,120892,0.8600374006749104
146225,100507419,0.8930435777985875
146225,283349,0.9026666447817686
146225,7295,0.9333979932814483
146225,7090,0.8712352405093459
146225,81628,0.9010452242545713
146225,389541,0.9217184659521185
146225,22904,0.89122741229353
146225,1084,0.9306315115456479
146225,552891,0.9134208791020743
146225,6195,0.8869100630591239
146225,89846,0.8956423826024613
146225,8125,0.9318878971951486
146225,23258,0.8522344869967589
146225,26234,0.8634898857118718
146225,23569,0.8631423774917356
146225,25801,0.8937171521023565
146225,338442,0.861298356253489
146225,83931,0.933528265316552
146225,144423,0.9186405851532745
146225,80301,0.8742660836957606
6397,5997,0.8507259713800915
6397,5552,0.8835671010920859
6397,723790,0.8961687644535306
6397,8337,0.8955090109761792
6397,7846,0.8558525475330038
6397,8031,0.945974999473811
6397,4814,0.9118541120913211
6397,5788,0.8589066849941134
6397,2752,0.8918118508371946
6397,5093,0.8535848837415821
6397,677,0.8568729656087564
6397,10487,0.8609656375004875
6397,9802,0.8522138268759729
6397,8349,0.8725774648628942
6397,57580,0.9337047686894697
6397,1116,0.8881753824929458
6397,271,0.9169291669586762
6397,10957,0.8865660359340514
6397,65220,0.9234685104422004
6397,7879,0.8869419171757058
6397,6653,0.896994380245541
6397,752,0.9422943490345116
6397,54518,0.861249639051629
6397,57153,0.8789855342298722
6397,116985,0.9169940058356517
6397,55911,0.8840723119436561
6397,8826,0.8592930668627433
6397,87,0.946620020451883
6397,51291,0.9584300267965529
6397,26020,0.9648115639682341
6397,3310,0.898078187534058
6397,9770,0.9228304094069761
6397,55196,0.9173536325137421
6397,1912,0.9164149974990878
6397,1032,0.9279087566192288
6397,115727,0.9149547406594788
6397,7456,0.883759522230026
6397,53829,0.9265938242083367
6397,4947,0.9586220694762488
6397,5724,0.8966454790157504
6397,162466,0.8853472180462062
6397,56905,0.910173095275516
6397,84649,0.8831835102192774
6397,8301,0.9269027272347805
6397,4067,0.9399958958815379
6397,5089,0.9788897770456311
6397,51170,0.9220872222037384
6397,100507006,0.8634699773435713
6397,9260,0.9403733853249782
6397,23558,0.9618685578483087
6397,126308,0.8889478286471857
6397,9961,0.8568114893490961
6397,100500853,0.9420900897036041
6397,112268246,0.8669511985726069
6397,10261,0.8999551651268382
6397,8650,0.942773541577624
6397,23347,0.8628660794088695
6397,25797,0.8970577609222499
6397,54210,0.9145743851366117
6397,9750,0.892091743499923
6397,5899,0.9318121466460082
6397,339287,0.9636130030392415
6397,55313,0.970789866943951
6397,2790,0.9110466694827782
6397,284996,0.9568274548204122
6397,1955,0.9173363625794484
6397,6778,0.90327612965607
6397,254896,0.9770542384502824
6397,4210,0.9439886711465147
6397,9170,0.8849060551150433
6397,89849,0.938113197438535
6397,8778,0.9000658623186076
6397,54918,0.8670593018105875
6397,3482,0.9556119420677421
6397,8338,0.8904892592234749
6397,84658,0.963324798099927
6397,120892,0.9599082549664922
6397,100507419,0.8911089862548381
6397,3927,0.8664691864290627
6397,283349,0.9650846904567405
6397,7090,0.9440491051462366
6397,8843,0.8589208314547049
6397,81628,0.9265790340812817
6397,389541,0.8563916681991037
6397,22904,0.906014129551275
6397,9103,0.8542311145174926
6397,1084,0.9148539494496015
6397,26578,0.8731219609369726
6397,552891,0.9108276136405115
6397,89846,0.8791611937861401
6397,8125,0.9424751904591675
6397,23258,0.9531391978976048
6397,26234,0.9123265104931644
6397,25801,0.8858035716910165
6397,338442,0.8944704565212713
6397,83931,0.9774320177193143
6397,144423,0.9590615756947928
65220,5552,0.8648724219818977
65220,8031,0.8935319311642036
65220,4814,0.8761202916580121
65220,2752,0.8636075144781198
65220,5777,0.8622063479110258
65220,64581,0.8536820210995196
65220,7879,0.8589637195231887
65220,752,0.9172541272877363
65220,54518,0.8799129516464433
65220,116985,0.8985922129910965
65220,55911,0.8913588548751474
65220,87,0.9239624300627559
65220,51291,0.9146813420046346
65220,26020,0.9154358519350421
65220,3310,0.939089186813802
65220,9770,0.8934754272896829
65220,1912,0.8837960429891789
65220,1032,0.9134407340306876
65220,115727,0.9168759163390657
65220,53829,0.9262772459859864
65220,4947,0.9109140670850098
65220,51246,0.8902221389526855
65220,5724,0.8699654733365463
65220,56905,0.922164677001013
65220,8301,0.9232475714920318
65220,4067,0.9307810922167234
65220,5089,0.899689252825521
65220,51170,0.9052681440474333
65220,100507006,0.8990661920221288
65220,9260,0.9106940212235343
65220,23558,0.9561661274802684
65220,126308,0.8971087964818323
65220,9961,0.9013843247686122
65220,100500853,0.8836687477674082
65220,112268246,0.8834771335991608
65220,53917,0.9400852063029931
65220,10261,0.9247555632008322
65220,8650,0.9134671945748983
65220,23347,0.8879794947193065
65220,25797,0.8744722237179408
65220,54210,0.8644492552241451
65220,5899,0.9258035982033043
65220,150372,0.884436813275448
65220,339287,0.8886313543046457
65220,55313,0.9242629051314943
65220,10312,0.8538583677089493
65220,2790,0.8684704787412835
65220,284996,0.9308190599495941
65220,1955,0.8653349145520142
65220,254896,0.9255411068897358
65220,4210,0.972550546560914
65220,9170,0.9022498857720727
65220,89849,0.9529829280059612
65220,8778,0.9461392160847859
65220,3482,0.8594567919490795
65220,84658,0.8875395082483942
65220,120892,0.9434567862710345
65220,283349,0.9036847839770414
65220,7090,0.9249197327490707
65220,8843,0.8543662266838232
65220,81628,0.9077640926238509
65220,389541,0.8605345852798425
65220,22904,0.8867952483739732
65220,9103,0.894824214632788
65220,9111,0.9491037820882418
65220,1084,0.9546889399475275
65220,552891,0.8681437436856705
65220,8125,0.9032157233002259
65220,23258,0.9241896320393967
65220,26234,0.9133536896962661
65220,25801,0.8768211940564947
65220,338442,0.8880248979387322
65220,83931,0.9384803462404312
65220,144423,0.910648670919543
65220,80301,0.9102658524600182
7879,7305,0.8867600856201114
7879,5552,0.9415417792324292
7879,3936,0.9681529671326823
7879,2268,0.863366440845867
7879,10094,0.8869120331445481
7879,7846,0.8833547611962032
7879,2771,0.9430619042349102
7879,2217,0.8891990178949527
7879,8031,0.8637222739311987
7879,4814,0.91047726031405
7879,1052,0.884518549734604
7879,290,0.9468039316758697
7879,2752,0.8974795193180469
7879,5093,0.9252541696998131
7879,240,0.8761145150974758
7879,677,0.8586407098937355
7879,64581,0.8583199047762639
7879,10487,0.9751830708482171
7879,9802,0.925578032756517
7879,9473,0.9016361436395931
7879,7133,0.8590617280467436
7879,57580,0.8701044768656664
7879,271,0.8733318021629429
7879,6653,0.8813644885582395
7879,752,0.8878918561395239
7879,533,0.9147355430319063
7879,54518,0.9114818013107546
7879,4615,0.9080532121314183
7879,5538,0.8759264109941081
7879,116985,0.947014428767455
7879,55911,0.9264624967139115
7879,8291,0.8635275825405695
7879,604,0.8663209298828305
7879,79930,0.9349516608121433
7879,8826,0.9283224180481687
7879,87,0.9075302543664607
7879,51291,0.9351574718791893
7879,26020,0.8827112124625948
7879,3310,0.8602533623468464
7879,9770,0.9527450587216408
7879,1912,0.9260712164417779
7879,1032,0.8824054294353499
7879,115727,0.9648182052425865
7879,53829,0.9065357206841993
7879,7462,0.8657316565296055
7879,4947,0.9232981569883824
7879,5724,0.9551165968305794
7879,133,0.8749512873824677
7879,56905,0.8984681272967027
7879,84649,0.8785189577886711
7879,11240,0.876795987543611
7879,8301,0.9601508241614078
7879,4067,0.9307111101838792
7879,102465513,0.8728243363670632
7879,51170,0.9476657601810621
7879,2885,0.9044935655146045
7879,9260,0.9201029984663512
7879,23558,0.8923138096901051
7879,126308,0.8810094439414105
7879,140885,0.9470658785634876
7879,9961,0.8712330708258439
7879,100500853,0.9364301666099499
7879,7094,0.8874309923823371
7879,112268246,0.8531525998110626
7879,10261,0.9333330386842288
7879,8650,0.9570605183599815
7879,25797,0.9112855610985738
7879,10109,0.8948824741362307
7879,54210,0.8573873778666367
7879,5899,0.9376124933561458
7879,150372,0.9294581512281519
7879,339287,0.8644552258139493
7879,55313,0.933238655357742
7879,10312,0.89812656004014
7879,2790,0.8971866482604425
7879,284996,0.9195943283454026
7879,1955,0.9545617528137869
7879,6778,0.8843826658534497
7879,254896,0.8736934733454175
7879,5175,0.929717899031526
7879,4210,0.892696697518894
7879,9170,0.8582937004601644
7879,89849,0.8806543410793911
7879,8778,0.8664592081256095
7879,54918,0.9543921202914908
7879,10956,0.8569341731474951
7879,3482,0.8629723405702452
7879,120892,0.8919151799197574
7879,100507419,0.8512586588990739
7879,3927,0.9084990156512388
7879,283349,0.8980754116508787
7879,829,0.8938466259015057
7879,7295,0.9264892114543988
7879,7090,0.9077026964804515
7879,257106,0.8732610803159869
7879,7009,0.9133115814036655
7879,81628,0.8803448041897439
7879,22904,0.8987512988673899
7879,9103,0.9248553846153044
7879,152007,0.9104607574774762
7879,26578,0.9367569586252384
7879,552891,0.8976416493536031
7879,6195,0.8719165803688718
7879,8125,0.9484415973249744
7879,23258,0.898246059328375
7879,2787,0.8626315380391103
7879,26234,0.9535740047925864
7879,5878,0.9227377144296802
7879,23569,0.9026076597192537
7879,25801,0.9087981559356678
7879,338442,0.8522475857234252
7879,83931,0.8845314322194275
7879,144423,0.9488415938069564
7879,80301,0.9100642523586925
6653,3936,0.8531036772494467
6653,5788,0.9203698986072899
6653,64333,0.8520059129854709
6653,4627,0.8669594130799759
6653,10487,0.899991302807852
6653,57580,0.9088685796339564
6653,752,0.8721329850150866
6653,54518,0.920352158522805
6653,2533,0.8521542556801274
6653,116985,0.8618153165417548
6653,55911,0.8742385155117331
6653,8291,0.8729067741644214
6653,604,0.8635531556312659
6653,8826,0.9094658053769763
6653,87,0.9234570371224844
6653,51291,0.9383866553263179
6653,26020,0.9317106899479474
6653,3310,0.87518291092133
6653,9770,0.8680371455738191
6653,1912,0.890857708473486
6653,1032,0.8547579741710141
6653,115727,0.8704024453529139
6653,7456,0.878648710964734
6653,53829,0.9077362045465268
6653,4947,0.8542725932266292
6653,133,0.885733618407341
6653,84649,0.9072467565446695
6653,11240,0.9011656479504947
6653,8301,0.8958139362830096
6653,4067,0.860297380683106
6653,5089,0.8694014119082487
6653,51170,0.8621102662355948
6653,9260,0.8840302931997844
6653,23558,0.8688482256374523
6653,100500853,0.9287928114827425
6653,7094,0.8557959128785196
6653,10261,0.8671084803657029
6653,8650,0.9145428723979322
6653,9750,0.8762141322797927
6653,5899,0.9116462273262631
6653,339287,0.9404400935028921
6653,55313,0.8557771416174861
6653,2790,0.9161873202235247
6653,284996,0.9221982186791153
6653,1955,0.8601677106958211
6653,254896,0.9065643948141963
6653,4210,0.8606948434663845
6653,9170,0.8781904151464103
6653,8972,0.9128080961326059
6653,3482,0.9250485966152997
6653,84658,0.8501602059942447
6653,120892,0.8856237138781994
6653,100507419,0.9471359401753847
6653,3927,0.868201264606622
6653,283349,0.9127363747490695
6653,257106,0.8927144747772058
6653,81628,0.8967846522667875
6653,22904,0.9208809366224954
6653,26578,0.9045940062429428
6653,552891,0.9161154795560068
6653,6195,0.8743843383528351
6653,89846,0.8827945417452226
6653,8125,0.8803041084007255
6653,23258,0.8544336621907522
6653,26234,0.8965199744019954
6653,25801,0.9190474597558316
6653,83931,0.8685301225366004
6653,144423,0.9068096701692191
752,5552,0.8681191193315477
752,3936,0.8539614538270164
752,7846,0.8500966791843676
752,8031,0.9016343840509058
752,4814,0.8880517912879162
752,5788,0.8669561133674379
752,2752,0.8731335099905982
752,64333,0.9012106169682648
752,5093,0.865964430570498
752,10487,0.8632436949940118
752,57580,0.9579144309728748
752,271,0.8931009232191441
752,54518,0.8507805114006775
752,57153,0.8589942222251475
752,116985,0.9045077918597603
752,55911,0.9269377874041373
752,8826,0.8722942424128789
752,87,0.9087079744891693
752,51291,0.9492785546634561
752,26020,0.9402404496697373
752,3310,0.8871309797235924
752,9770,0.8693144683131332
752,1912,0.8752727845415539
752,1032,0.9191266607730996
752,115727,0.9002730592249621
752,7456,0.8977574541729901
752,53829,0.8754381178570683
752,4947,0.8947565235524919
752,5724,0.8557239160396816
752,90007,0.8742537621375962
752,56905,0.928276514946318
752,8301,0.9216676110249465
752,4067,0.91339116230165
752,5089,0.9178589636791448
752,51170,0.8718692709863695
752,9260,0.9072414069470838
752,23558,0.9277468942932858
752,126308,0.9125379447867786
752,9961,0.885710436010799
752,100500853,0.8904083201419178
752,10261,0.8616817905357386
752,8650,0.9048786007948837
752,25797,0.8822482950625423
752,54210,0.8676624415990997
752,5899,0.8887909837947424
752,339287,0.9124494706506328
752,55313,0.9201353808340491
752,10312,0.8978215226950244
752,2790,0.8549011318369094
752,284996,0.928004398553154
752,1955,0.8908725685233917
752,6778,0.8651132276277426
752,254896,0.9302548030038444
752,4210,0.9268625521720849
752,9170,0.8787359691718918
752,89849,0.9177029173708985
752,8778,0.9047956935923785
752,3482,0.9437980289533152
752,84658,0.9105371609224424
752,120892,0.9137883854535501
752,100507419,0.9081695450488346
752,3927,0.9363793103110039
752,283349,0.9106032739232679
752,7090,0.9207663740769019
752,257106,0.9159161315233785
752,81628,0.9553548652964671
752,5829,0.8620893867139098
752,22904,0.8974607429902803
752,9103,0.857014870180297
752,1084,0.8958799242000408
752,26578,0.8944806474842306
752,552891,0.8554986858043858
752,89846,0.8704439842277777
752,8125,0.9035074074623365
752,23258,0.909366282382121
752,26234,0.9057900978094824
752,5878,0.8816865707820508
752,338442,0.8673182179535419
752,83931,0.9386023923935185
752,144423,0.9170321982540897
54518,5552,0.8565770373967079
54518,3936,0.8943141409001978
54518,290,0.8983815219149438
54518,240,0.8924744660358767
54518,5777,0.862132229411643
54518,10487,0.9327670095900542
54518,116985,0.9136305889002984
54518,55911,0.9244255946586977
54518,8291,0.9547207940030069
54518,604,0.9175836628265441
54518,79930,0.9390740466123109
54518,8826,0.9009305389577522
54518,87,0.937083324656434
54518,51291,0.9344339622121685
54518,26020,0.9025096828460225
54518,3310,0.9343454894792188
54518,9770,0.912613419085041
54518,1912,0.9202104312555631
54518,1032,0.8711084129288416
54518,115727,0.9367442225568446
54518,53829,0.9257058138044495
54518,4947,0.8661623682544839
54518,5724,0.8783979858482748
54518,133,0.9458256498457945
54518,84649,0.940037080631806
54518,11240,0.9279286158462916
54518,8301,0.932746751204669
54518,4067,0.8978607879073972
54518,51170,0.8883959191675724
54518,9260,0.9181119928868047
54518,23558,0.8886238408142212
54518,126308,0.8809463971225381
54518,140885,0.8989536535273018
54518,9961,0.8859261893920996
54518,100500853,0.9195879208200959
54518,7094,0.8940561049367821
54518,112268246,0.9010366670065765
54518,10261,0.9257760289390795
54518,8650,0.9394146134635613
54518,306,0.8600386119312062
54518,25797,0.8857139709450522
54518,5899,0.9506291876639162
54518,150372,0.8889998844296015
54518,339287,0.8894018768072095
54518,55313,0.8583032612956697
54518,10312,0.8575758799402416
54518,2790,0.9283194971509757
54518,284996,0.926909528031186
54518,1955,0.8654308510046194
54518,254896,0.884953008642082
54518,4210,0.8914904228754346
54518,9170,0.931386471723101
54518,89849,0.8765612521204343
54518,8778,0.9001866589166847
54518,8972,0.9079387325925623
54518,54918,0.8600503780323991
54518,120892,0.8805562387593106
54518,100507419,0.9244759533831306
54518,283349,0.8864210076323779
54518,829,0.9355708385116402
54518,7295,0.892154993000473
54518,7090,0.8686410509229008
54518,257106,0.8931312684911275
54518,81628,0.8784637411167641
54518,22904,0.9468598433927919
54518,9103,0.9335460456512843
54518,1084,0.8924887148010087
54518,26578,0.9130821785555295
54518,552891,0.9279772711772951
54518,6195,0.9066285997843908
54518,8125,0.9137832104282417
54518,26234,0.938304667184784
54518,23569,0.8817164779536841
54518,25801,0.9627806970083941
54518,83931,0.874738364033283
54518,144423,0.92576763435894
54518,80301,0.9111149454593748
116985,7305,0.8777595695694465
116985,5552,0.9031872972824576
116985,3936,0.9134740239479517
116985,7127,0.859890687118658
116985,10094,0.8607375250299862
116985,2771,0.914608399986782
116985,2217,0.8971829980732666
116985,8031,0.8961206756936521
116985,4814,0.9092738730320483
116985,1052,0.8525823392114523
116985,290,0.9313635899512902
116985,2752,0.8631416604437944
116985,5093,0.9051739792583638
116985,240,0.8619417883806119
116985,5777,0.8817778717240551
116985,10487,0.9316060589079134
116985,9802,0.8566494937478227
116985,9473,0.8865859620201666
116985,57580,0.8784845003480479
116985,271,0.8679025428354858
116985,533,0.9239771811661985
116985,4615,0.8547292256061559
116985,55911,0.9322271490423983
116985,79930,0.9208398980233228
116985,8826,0.8973958429507454
116985,87,0.9001588443669294
116985,51291,0.9365406573441984
116985,26020,0.8995341313605093
116985,3310,0.8970396890183301
116985,9770,0.9526265393814153
116985,1912,0.9295072853714391
116985,1032,0.8864725023200426
116985,115727,0.9639522339134148
116985,53829,0.9226074634133008
116985,7462,0.9062414850844395
116985,4947,0.9462641535164915
116985,5724,0.9531936159122988
116985,56905,0.9030323425725759
116985,84649,0.9001577090817456
116985,11240,0.8680054442416516
116985,8301,0.9375398770720123
116985,4067,0.928628149291393
116985,5089,0.8589197138555804
116985,51170,0.9319936281036032
116985,2885,0.9104452749950637
116985,9260,0.951956181684398
116985,23558,0.9110435695943393
116985,126308,0.9218104476355693
116985,140885,0.9058339216123356
116985,9961,0.8810185176628673
116985,100500853,0.9227910568572743
116985,7094,0.8741848865092641
116985,112268246,0.9021869797469498
116985,10261,0.9325612151182645
116985,8650,0.9416762348039105
116985,25797,0.9053513308319869
116985,10109,0.8526273262985411
116985,54210,0.8544931501637774
116985,5899,0.929729527384607
116985,150372,0.944715633270369
116985,339287,0.8715662996365032
116985,55313,0.9453424388884855
116985,10312,0.9285538656825275
116985,2790,0.8886843264281532
116985,284996,0.9121259343443268
116985,1955,0.9170926623922513
116985,6778,0.913664691353784
116985,254896,0.8949682747895524
116985,5175,0.9133318526592218
116985,4210,0.9146049852572284
116985,9170,0.9025612046473741
116985,89849,0.9348046036945178
116985,8778,0.8826274256593966
116985,54918,0.9214392531735284
116985,3482,0.8781942756813884
116985,84658,0.8633073785314673
116985,120892,0.9039844818822212
116985,100507419,0.8671881600666196
116985,3927,0.8983752181765141
116985,283349,0.8906406027372379
116985,829,0.8649036683554079
116985,7295,0.9045008625212173
116985,7090,0.9045425803536147
116985,257106,0.8652042473403125
116985,7009,0.8561517031236039
116985,81628,0.8924181862742885
116985,389541,0.8583247675396947
116985,22904,0.8996665286240638
116985,9103,0.9212748227463605
116985,152007,0.8898127600512746
116985,1084,0.8778858072165404
116985,26578,0.9070957308707468
116985,552891,0.8889539429258827
116985,6195,0.8915441291319363
116985,8125,0.9449452876066549
116985,23258,0.8876618637894754
116985,26234,0.9341798511829125
116985,5878,0.8858040718400622
116985,23569,0.889159478957062
116985,25801,0.891354466372428
116985,338442,0.8689997769541914
116985,83931,0.9269387881260688
116985,144423,0.950445194155216
116985,80301,0.919092462341055
55911,5552,0.8905185838161832
55911,3936,0.9162351053713883
55911,7846,0.8583779751212123
55911,2771,0.8641491643311398
55911,290,0.8775496383683686
55911,2752,0.8654398528619658
55911,240,0.8510415149015199
55911,10487,0.9152016894289552
55911,9473,0.8798537990364895
55911,57580,0.8964987689331713
55911,533,0.8506566661020359
55911,4615,0.8595999570990726
55911,8291,0.8826629633475482
55911,79930,0.9080168666430461
55911,8826,0.9063072260191024
55911,87,0.8950492449302206
55911,51291,0.9411041686866376
55911,26020,0.9035076382637025
55911,3310,0.9024493453312119
55911,9770,0.8792749009186412
55911,1912,0.9214987899872311
55911,1032,0.9156011192718758
55911,115727,0.9380389651815655
55911,53829,0.8890061223157651
55911,7462,0.8812647717917891
55911,4947,0.8792436971690362
55911,5724,0.887615939492063
55911,133,0.878779086389654
55911,56905,0.8948178976114382
55911,84649,0.8913553103076366
55911,11240,0.8762782344640925
55911,8301,0.9295659843417441
55911,4067,0.9128815140094272
55911,51170,0.878932983215944
55911,9260,0.922667973635106
55911,23558,0.8898866940499872
55911,126308,0.9182574545408205
55911,140885,0.8715705948571146
55911,9961,0.9096816076909977
55911,100500853,0.9030786224435488
55911,7094,0.8907166097394027
55911,112268246,0.9040954158414377
55911,10261,0.9009704968160465
55911,8650,0.9191660163739129
55911,25797,0.8569550513723332
55911,10109,0.857884249251942
55911,5899,0.917677953980149
55911,150372,0.9001091692864812
55911,339287,0.867718925189933
55911,55313,0.8844067326342965
55911,10312,0.946557650538188
55911,2790,0.8871816443834991
55911,284996,0.9245848980521402
55911,1955,0.8761372730332907
55911,254896,0.8845729664575986
55911,4210,0.9029352418986903
55911,9170,0.9008310654154655
55911,89849,0.8795080151292174
55911,8778,0.8990300803683243
55911,54918,0.8602017265946297
55911,3482,0.8683457830013134
55911,120892,0.87517363926637
55911,100507419,0.9107355826878548
55911,3927,0.9104779672215165
55911,283349,0.8564044538731789
55911,829,0.852536194257766
55911,7295,0.875456967775077
55911,7090,0.8846090392554323
55911,257106,0.9141769631081362
55911,81628,0.9161911739085117
55911,5829,0.8502643833733354
55911,22904,0.9278616950270643
55911,9103,0.9266160019983334
55911,152007,0.8874167372023724
55911,1084,0.8713089048049998
55911,26578,0.9341899591118114
55911,552891,0.887768317919673
55911,6195,0.916310876998453
55911,8125,0.9120937278079017
55911,23258,0.8553341193277347
55911,26234,0.9251365543395305
55911,5878,0.8618283333248203
55911,23569,0.8529403640824658
55911,25801,0.904140262956997
55911,83931,0.8822288245071743
55911,144423,0.9276858159078281
55911,80301,0.9139749739635972
79930,5552,0.8739462943560583
79930,3936,0.9109481676538312
79930,10094,0.8605722462604403
79930,2771,0.8670491563119074
79930,290,0.9437842906698443
79930,240,0.968022861538349
79930,5777,0.9176300214989738
79930,10487,0.9340387840702524
79930,9473,0.8562953388463207
79930,533,0.8635732365011294
79930,4615,0.8884134259037808
79930,8291,0.9336257373834926
79930,604,0.9016399233382472
79930,8826,0.8845361327649555
79930,87,0.9016510515891487
79930,51291,0.9106248971838629
79930,26020,0.8647358086289968
79930,3310,0.8763076406024697
79930,9770,0.942457128273119
79930,1912,0.9378659213068555
79930,1032,0.874870683213678
79930,115727,0.9691930889312832
79930,53829,0.9033149506662557
79930,7462,0.8769669062199322
79930,4947,0.8758821368220518
79930,5724,0.932625111177431
79930,133,0.9136226860276166
79930,56905,0.8573152240996447
79930,84649,0.9235614020476374
79930,11240,0.9317707030922036
79930,8301,0.920198784540393
79930,4067,0.9222253848714731
79930,51170,0.8895183299880662
79930,2885,0.923625863924265
79930,9260,0.9295386852707683
79930,23558,0.8806341425793033
79930,126308,0.8836792672134092
79930,140885,0.9613343937418662
79930,100500853,0.92415234462502
79930,112268246,0.9000916163609224
79930,10261,0.9277315704248351
79930,8650,0.9488813793244234
79930,25797,0.8831394541952111
79930,5899,0.9372734827088767
79930,150372,0.9298090707037872
79930,55313,0.8763730007270303
79930,10312,0.8666447254081393
79930,2790,0.9116517048293671
79930,284996,0.9037129943291001
79930,1955,0.893550565527341
79930,6778,0.8527283012719608
79930,254896,0.8574692267597875
79930,5175,0.8629150949899247
79930,4210,0.8685933944265679
79930,9170,0.8740867568270019
79930,89849,0.8728393855188332
79930,8778,0.8841302494454213
79930,8972,0.8754468117591735
79930,54918,0.9002200135613753
79930,120892,0.8575914237967213
79930,100507419,0.8589509272029653
79930,829,0.9060639302465421
79930,7295,0.8994005204744534
79930,7090,0.9026690230368061
79930,22904,0.9184109591603596
79930,9103,0.94974183357062
79930,1084,0.8540844442223032
79930,26578,0.8789054521901767
79930,552891,0.9117899511591777
79930,6195,0.8696467453789859
79930,8125,0.9173350595983317
79930,2787,0.8531887781553927
79930,26234,0.9313522410693913
79930,23569,0.9192100182020845
79930,25801,0.9448333636642943
79930,83931,0.8566691034878446
79930,144423,0.9355792637280789
79930,80301,0.9271885036334535
87,5552,0.878339581071275
87,723790,0.8550920579718333
87,8337,0.8538277993240929
87,7846,0.8557264626557137
87,8031,0.8951382756006099
87,4814,0.8698643301411512
87,290,0.8717019763589009
87,2752,0.8638264542012999
87,10487,0.8993385456888082
87,8349,0.8588295629732334
87,57580,0.8764184954414977
87,2533,0.8852330435741065
87,8291,0.8734490708314505
87,8826,0.8634544137863862
87,51291,0.9633550856014415
87,26020,0.9602689276882082
87,3310,0.9407286004804605
87,9770,0.9260220460357652
87,55196,0.8708185488785292
87,1912,0.9363208099434545
87,1032,0.9262594651015689
87,115727,0.9446465897942518
87,53829,0.9418716664164998
87,4947,0.9217279814989955
87,5724,0.8959585451815204
87,133,0.8873031484555156
87,56905,0.8771851671092123
87,84649,0.9187369504851768
87,11240,0.8921209132718435
87,8301,0.9409429662951082
87,4067,0.9256032983918412
87,5089,0.9348245526924606
87,51170,0.9176672602290467
87,9260,0.9506304711817573
87,23558,0.959055935920495
87,126308,0.8648323544207769
87,9961,0.8950063088774076
87,100500853,0.9516415571180218
87,112268246,0.8929646108015779
87,10261,0.9306815426645242
87,8650,0.9600212278126398
87,25797,0.9281242181482455
87,54210,0.8538725538886665
87,9750,0.9024629556517263
87,5899,0.9534223526899456
87,150372,0.862160322245184
87,339287,0.9636162905888886
87,55313,0.9309814295334199
87,2790,0.9415515671164852
87,284996,0.9720943788008444
87,1955,0.9104205640501547
87,254896,0.9667773204168367
87,4210,0.9423038598282497
87,9170,0.9414428529457463
87,89849,0.9262542597080413
87,8778,0.9341197979754594
87,8972,0.8523761085095373
87,54918,0.8599207112231015
87,3482,0.898111033841543
87,84658,0.9234666760812326
87,120892,0.9387003127091997
87,100507419,0.9317444137911228
87,283349,0.9658602814863009
87,829,0.8715321487548943
87,7295,0.8958829684337715
87,7090,0.9401370629679595
87,257106,0.8680440442927658
87,81628,0.9282263648218899
87,22904,0.9548215394158195
87,9103,0.8901021638880682
87,1084,0.9400540702052926
87,26578,0.8773625691386299
87,552891,0.9409502466420565
87,89846,0.9025339610734516
87,8125,0.9400923799943958
87,23258,0.9455900352270271
87,26234,0.9457720451281213
87,23569,0.8670759279699152
87,25801,0.9434757360770567
87,338442,0.8693007858193237
87,83931,0.9354721918173958
87,144423,0.9611810759924614
87,80301,0.8818819523374365
51291,5552,0.9011683923397753
51291,3936,0.9031582659531252
51291,723790,0.878378269905903
51291,8337,0.877108714728822
51291,7846,0.8718133790269998
51291,8031,0.8913171075325538
51291,4814,0.8783730840966358
51291,290,0.8852038770451995
51291,5788,0.8958541017223736
51291,2752,0.9015856669811627
51291,64333,0.8527714534154777
51291,5093,0.8637970849714491
51291,240,0.8632570469981999
51291,677,0.8694869977326636
51291,10487,0.9306243302646307
51291,9802,0.857443329302672
51291,8349,0.8764825088433328
51291,57580,0.9370630225205882
51291,271,0.8754251254231615
51291,2533,0.8543286901348007
51291,57153,0.8556723455910938
51291,8291,0.8782354601794216
51291,604,0.8712369475504104
51291,8826,0.9347527303804116
51291,26020,0.9619132274933844
51291,3310,0.9130151083559376
51291,9770,0.9328827837524353
51291,55196,0.866193597873208
51291,1912,0.9351715026773996
51291,1032,0.9335216466050902
51291,115727,0.9486301526678728
51291,7456,0.8821156473661096
51291,53829,0.9309323928596375
51291,7462,0.8569165044283804
51291,4947,0.9261507906257076
51291,5724,0.9042904022432299
51291,133,0.8967444090495964
51291,56905,0.9078513886811731
51291,84649,0.9028734893163488
51291,11240,0.8975955676661774
51291,8301,0.9618715445108201
51291,4067,0.9514912791017976
51291,102465513,0.8571194722117259
51291,5089,0.9355294380317668
51291,51170,0.9162936793059602
51291,9260,0.9474546778316925
51291,23558,0.9452759037715771
51291,126308,0.8967355296271986
51291,140885,0.8715256311022354
51291,9961,0.8822336104209827
51291,100500853,0.9572247233579164
51291,7094,0.8678977783740516
51291,112268246,0.869082626804814
51291,10261,0.9183302804276222
51291,8650,0.9716871900712318
51291,25797,0.9062638315036281
51291,54210,0.8744159043382232
51291,9750,0.877958520741545
51291,5899,0.9590968148745469
51291,150372,0.863963159545655
51291,339287,0.9621307313007164
51291,55313,0.9416835885162387
51291,10312,0.8854965880355863
51291,2790,0.9275977935642323
51291,284996,0.9683803743369876
51291,1955,0.9320122129141597
51291,6778,0.8944435879796604
51291,254896,0.9619327092916429
51291,4210,0.9467017949155303
51291,9170,0.9189994868489927
51291,89849,0.9259010414012551
51291,8778,0.9224684016985477
51291,8972,0.8692529712481256
51291,54918,0.8833999537819519
51291,3482,0.9370711447457739
51291,8338,0.8750300134628763
51291,84658,0.9053030231747003
51291,120892,0.9530343838621455
51291,100507419,0.9444383511923884
51291,3927,0.9048630616583068
51291,283349,0.9413909688652564
51291,829,0.8575226071066989
51291,7295,0.873656243921101
51291,7090,0.9411528947273722
51291,257106,0.9040708866984088
51291,81628,0.9357092174218742
51291,22904,0.9547472376877288
51291,9103,0.9171220874690035
51291,1084,0.9037873179922148
51291,26578,0.9310043648521058
51291,552891,0.927570900062998
51291,6195,0.8680644057182904
51291,89846,0.8698900898203308
51291,8125,0.9421306152886952
51291,23258,0.935347133522491
51291,26234,0.9523373263952281
51291,5878,0.8600246269539258
51291,23569,0.8532764562329467
51291,25801,0.9318887808269766
51291,338442,0.8564662113438433
51291,83931,0.9400738750073317
51291,144423,0.9697374955480309
51291,80301,0.8733810025697633
8698,3310,0.8635794807774653
8698,1912,0.8725209495060042
8698,84649,0.9052826091004597
8698,9260,0.8788659145700342
8698,112268246,0.9351768476863711
8698,9170,0.8929643537189641
8698,7295,0.876209290410022
8698,389541,0.859036589230421
8698,1084,0.8730971010146644
8698,6195,0.8912399458900053
26020,723790,0.8738834702606985
26020,8337,0.872116544130227
26020,8031,0.886175110672668
26020,4814,0.8567490244381715
26020,5788,0.8522945422824162
26020,64333,0.8758669374799012
26020,10487,0.8711402134568943
26020,8349,0.8591859936589251
26020,57580,0.9385538739183011
26020,1116,0.8679977601235285
26020,57153,0.9169076014072888
26020,8826,0.8566195628607617
26020,3310,0.9349730557065086
26020,9770,0.8953227816976388
26020,55196,0.9068331189683339
26020,1912,0.9415655844496181
26020,1032,0.9259383160783741
26020,115727,0.9160312425685982
26020,7456,0.9063078040207829
26020,53829,0.9272082800791992
26020,4947,0.9146805150790951
26020,5724,0.8693612033559089
26020,162466,0.8697745499758817
26020,56905,0.8652536742668648
26020,84649,0.9185870478852753
26020,11240,0.8577492184438434
26020,8301,0.9087494773406745
26020,4067,0.9103951751886816
26020,5089,0.9475149823869975
26020,51170,0.8819375740701234
26020,9260,0.9553098868200076
26020,23558,0.9652432844550082
26020,126308,0.9044813342996715
26020,9961,0.8757757668508729
26020,100500853,0.9493058307759382
26020,112268246,0.8993711138608494
26020,10261,0.8953082362175449
26020,8650,0.9319570983778708
26020,25797,0.9093022602075684
26020,54210,0.8511217190169111
26020,9750,0.9085801713171093
26020,5899,0.927708731788232
26020,339287,0.9685268774205724
26020,55313,0.9204037376386252
26020,2790,0.9178448582823193
26020,284996,0.9589156070425442
26020,1955,0.889202684904822
26020,6778,0.8711695683312926
26020,254896,0.9745113719498764
26020,4210,0.9255182345414146
26020,9170,0.9336459586550306
26020,89849,0.9350222127181791
26020,8778,0.9179550808115181
26020,3482,0.9559681418262186
26020,8338,0.8692940251695609
26020,84658,0.940422339469253
26020,120892,0.9306529701800548
26020,100507419,0.9501288035059
26020,3927,0.8798390650538804
26020,283349,0.9445823303813704
26020,7295,0.8855817677115845
26020,7090,0.925130836013452
26020,257106,0.8962329525448307
26020,81628,0.9633884271478322
26020,22904,0.9371993392804943
26020,9103,0.8670004983200162
26020,1084,0.9422008442698455
26020,26578,0.8894840569083879
26020,552891,0.9174767192759851
26020,6195,0.880545463845202
26020,89846,0.9322787845816799
26020,8125,0.9401880903043238
26020,23258,0.914159932426413
26020,26234,0.9038366887923585
26020,25801,0.9064107541877734
26020,338442,0.8545231264508769
26020,83931,0.9637825650223942
26020,144423,0.9431266238701762
26020,80301,0.8509349109913089
3310,5552,0.8506525069725557
3310,10487,0.8566018652423754
3310,8291,0.8632012556439115
3310,9770,0.8924064002470314
3310,1912,0.903937257080554
3310,1032,0.8990342117074978
3310,115727,0.9245928627909357
3310,53829,0.9314959934142558
3310,4947,0.8970623063516967
3310,5724,0.862680781958753
3310,133,0.8616551511131262
3310,84649,0.9122394038465853
3310,11240,0.8612291570327928
3310,8301,0.9059044385494179
3310,4067,0.9037892232438529
3310,5089,0.8676947904744218
3310,51170,0.8849985306055508
3310,9260,0.9343021286835798
3310,23558,0.9294121383855631
3310,126308,0.9026226585390986
3310,9961,0.8902249552905535
3310,100500853,0.8971896150168538
3310,112268246,0.918243864511797
3310,53917,0.8641145359639555
3310,10261,0.9182730306006698
3310,8650,0.9120015689623165
3310,25797,0.9234577456002505
3310,5899,0.9343172634990851
3310,150372,0.8765868167023616
3310,339287,0.9033730338156833
3310,55313,0.8847072605528754
3310,2790,0.9229113932660145
3310,284996,0.9402732693509709
3310,254896,0.932268848840046
3310,4210,0.9216440304773825
3310,9170,0.952889575045239
3310,89849,0.9269341902951829
3310,8778,0.9497437012189501
3310,3482,0.8565178678650702
3310,84658,0.8766753820871113
3310,120892,0.8962161193844966
3310,100507419,0.9107936818630192
3310,283349,0.9069375120391733
3310,829,0.8686924649426958
3310,7295,0.8991195907222211
3310,7090,0.8941358103390854
3310,257106,0.8517030985550088
3310,81628,0.9068717858976686
3310,22904,0.9291496715525142
3310,9103,0.9086020544033194
3310,9111,0.8733943819279276
3310,1084,0.9591817094620411
3310,26578,0.8713386923169744
3310,552891,0.922586037808499
3310,6195,0.8679175690708638
3310,89846,0.8682542868803984
3310,8125,0.9222656983520781
3310,23258,0.8800404453579486
3310,26234,0.9240252030517339
3310,25801,0.9215148169378387
3310,338442,0.875004560555875
3310,83931,0.9224079105070249
3310,144423,0.9252480179538246
3310,80301,0.908805298721217
9770,5552,0.9174412861440868
9770,3936,0.9104278787743225
9770,7127,0.8757896109047648
9770,10094,0.8861010659357708
9770,7846,0.8814474944835978
9770,2771,0.9004795363528162
9770,2217,0.8971678021699756
9770,8031,0.9136570884085916
9770,4814,0.9184374280883356
9770,290,0.9368392495927553
9770,2752,0.8833197835475611
9770,5093,0.9160564410057933
9770,240,0.909841260441719
9770,5777,0.8976473629459567
9770,677,0.9033699888161123
9770,64581,0.876113385076591
9770,10487,0.9368741342238165
9770,9802,0.8852223187579947
9770,9473,0.8572284419912897
9770,271,0.8771794938913708
9770,533,0.9136298686744877
9770,4615,0.8776931054837569
9770,604,0.8528781646340811
9770,8826,0.8977335866523002
9770,1912,0.915911297761936
9770,1032,0.8710316358929374
9770,115727,0.9704352725901872
9770,53829,0.9399126304811605
9770,7462,0.8919143672053634
9770,4947,0.955006399785815
9770,5724,0.9688891318626559
9770,133,0.8626058692370393
9770,56905,0.898674419219026
9770,84649,0.8941699449268172
9770,11240,0.8911593410836921
9770,8301,0.9584570405838783
9770,4067,0.9594244677390195
9770,5089,0.8740316476236734
9770,51170,0.9628057589112247
9770,2885,0.9480525676576311
9770,9260,0.9341293505041355
9770,23558,0.91635162938095
9770,126308,0.8936698944373727
9770,140885,0.9275465216790785
9770,100500853,0.9355726147912632
9770,112268246,0.8691386826097444
9770,10261,0.9495700042781365
9770,8650,0.9747202683909308
9770,25797,0.9351049598827222
9770,54210,0.871577276666262
9770,5899,0.9572724198842436
9770,150372,0.9308032390714674
9770,339287,0.8941036052466693
9770,55313,0.9552297229273893
9770,10312,0.8509939728235771
9770,2790,0.9182196491170395
9770,284996,0.9269392727131767
9770,1955,0.9571726240889549
9770,6778,0.9206712032283458
9770,254896,0.9102659134025678
9770,5175,0.9335012639784287
9770,4210,0.9238795669726978
9770,9170,0.8640728260647865
9770,89849,0.920957430397121
9770,8778,0.8988513483070817
9770,54918,0.9572863772468639
9770,3482,0.8602586581331824
9770,84658,0.8902280584425647
9770,120892,0.9383288462619638
9770,283349,0.9281627529229416
9770,829,0.8936572301833845
9770,7295,0.9004129715217856
9770,7090,0.9376906791952331
9770,8843,0.8719918920764085
9770,7009,0.8632392166934613
9770,81628,0.8502355088438436
9770,22904,0.897150251713775
9770,9103,0.9301996980384163
9770,1084,0.8818142379344628
9770,26578,0.8872526614589895
9770,552891,0.918217482643173
9770,8125,0.9555496668578807
9770,23258,0.933148788859808
9770,26234,0.9588918420405338
9770,5878,0.8740688884462423
9770,23569,0.8975812669286355
9770,25801,0.924320173537748
9770,338442,0.8908389463334412
9770,83931,0.9321751600887218
9770,144423,0.9669430806477092
9770,80301,0.9083335628943617
1912,5552,0.8716042819712266
1912,3936,0.8613343032283827
1912,4814,0.8715752756099892
1912,290,0.9023877333292049
1912,240,0.8884756147395928
1912,5777,0.8532697731538933
1912,10487,0.9077136184431047
1912,57580,0.8653343389442458
1912,533,0.8535390183726766
1912,8291,0.8736528253382027
1912,1032,0.9339550189406381
1912,115727,0.957110209454247
1912,53829,0.9225755045719295
1912,4947,0.9244308864505938
1912,5724,0.9260420577048143
1912,133,0.8816665714312795
1912,56905,0.8554817645213907
1912,84649,0.9617951561337957
1912,11240,0.8972935533192042
1912,8301,0.9109912124381694
1912,4067,0.9075606416860059
1912,5089,0.8706166258996869
1912,51170,0.9006910156142962
1912,9260,0.9765389114731867
1912,23558,0.9427468223694739
1912,126308,0.897287471672357
1912,140885,0.8868560888730086
1912,9961,0.874884911487437
1912,100500853,0.9757090585590308
1912,112268246,0.9478736464515485
1912,10261,0.9229729667919557
1912,8650,0.9364503475769682
1912,25797,0.8853996280028282
1912,5899,0.9427181411398065
1912,150372,0.8919409133571491
1912,339287,0.9031139073583664
1912,55313,0.9171899335644934
1912,10312,0.8751579191790876
1912,2790,0.9271889684444782
1912,284996,0.939700833537656
1912,1955,0.889358223013027
1912,254896,0.9169503442719282
1912,4210,0.8859979721842073
1912,9170,0.9277522490216684
1912,89849,0.9206773929327375
1912,8778,0.8789980855373549
1912,54918,0.8647312588542915
1912,3482,0.8738791987386478
1912,84658,0.8617373412986341
1912,120892,0.8858843311212808
1912,100507419,0.9137672168853608
1912,283349,0.8967280263638646
1912,829,0.8530094711226169
1912,7295,0.9357585744788425
1912,7090,0.9059750803719219
1912,81628,0.9173327831141102
1912,22904,0.9276712151413383
1912,9103,0.8998394494444698
1912,1084,0.9116114371605822
1912,26578,0.8834106977250135
1912,552891,0.9268998437876133
1912,6195,0.9205671531305626
1912,89846,0.8676294397840754
1912,8125,0.9475709046367086
1912,23258,0.8728633172731198
1912,26234,0.9065051502528235
1912,23569,0.8876526931443723
1912,25801,0.9366179438489167
1912,83931,0.9127152985358323
1912,144423,0.9539887604479831
1912,80301,0.9088724401062004
1032,5552,0.897635365480274
1032,723790,0.8521690116296952
1032,8337,0.8516489441765561
1032,7846,0.8824776989749589
1032,8031,0.869637202144348
1032,4814,0.8678716535610356
1032,2752,0.9046827042390487
1032,10487,0.8602080973433458
1032,8349,0.8514009924934587
1032,57580,0.879169738537286
1032,271,0.8892020194837964
1032,115727,0.9235883284228467
1032,53829,0.8837934616104185
1032,4947,0.9130405109995796
1032,5724,0.868448327162946
1032,133,0.8582273117720165
1032,56905,0.9083290387798212
1032,84649,0.8918143924396909
1032,8301,0.9212303930902268
1032,4067,0.9328689990630795
1032,5089,0.8998222479798748
1032,51170,0.8937667042646337
1032,100507006,0.8642125417658403
1032,9260,0.9359469447213115
1032,23558,0.9452244914349754
1032,126308,0.8657710470396945
1032,9961,0.8800350850180985
1032,100500853,0.9286365200854334
1032,112268246,0.9011755856523336
1032,10261,0.8863248815784718
1032,8650,0.915510003876869
1032,25797,0.875975862235826
1032,54210,0.8888328500798965
1032,5899,0.9361869124261519
1032,339287,0.9112701661495378
1032,55313,0.9196811438258478
1032,10312,0.8663804827709228
1032,2790,0.9314507702241253
1032,284996,0.963105743136942
1032,1955,0.8671134163749764
1032,254896,0.9370654244483235
1032,4210,0.9042654563289085
1032,9170,0.8973048491700029
1032,89849,0.9100359744053774
1032,8778,0.9110222638587897
1032,54918,0.8517408569101524
1032,3482,0.8701418930818121
1032,84658,0.8802616984924772
1032,120892,0.8973955082659292
1032,100507419,0.9002583700737669
1032,283349,0.9086608704051284
1032,7295,0.8750758193365884
1032,7090,0.9379380658434989
1032,81628,0.9178045383299825
1032,22904,0.934732813781938
1032,9103,0.8813876325042912
1032,9111,0.8589915504339543
1032,1084,0.9155363165954435
1032,26578,0.889687132681369
1032,552891,0.9317855119699394
1032,6195,0.8519689616089658
1032,8125,0.9131926603919065
1032,23258,0.8999787479845633
1032,26234,0.9181051439153252
1032,25801,0.9099830568497914
1032,338442,0.8652783807169792
1032,83931,0.9052183988634972
1032,144423,0.9434522276083636
1032,80301,0.8859993050679411
115727,7305,0.8814912557358797
115727,5552,0.9287051085067782
115727,3936,0.9226055381540816
115727,11337,0.8567293902621799
115727,7127,0.8586196832890792
115727,10094,0.8741537989912008
115727,7846,0.9030756325756918
115727,2771,0.9161377832165211
115727,2217,0.8968567079886273
115727,8031,0.8875739657211732
115727,4814,0.9234805660174072
115727,1052,0.8639077006509842
115727,290,0.9486574431145047
115727,2752,0.8997757244711
115727,5093,0.9039496459548274
115727,240,0.9185409195192227
115727,5777,0.9032498108750804
115727,677,0.8798485467015844
115727,64581,0.8761294874531467
115727,10487,0.9424478224352474
115727,9802,0.8774184610823408
115727,9473,0.8940344375822864
115727,57580,0.8538655798670017
115727,271,0.8820364158718346
115727,533,0.9255529973335405
115727,4615,0.8965484128101042
115727,8291,0.8910341450073824
115727,604,0.8577943338230715
115727,8826,0.8919786227373038
115727,53829,0.9411904094852086
115727,7462,0.8919481516828974
115727,4947,0.9466516837632937
115727,5724,0.9708947121088998
115727,133,0.8896768750962045
115727,56905,0.9286707025270444
115727,84649,0.9240560197286612
115727,11240,0.9109370758394992
115727,8301,0.9607586892249822
115727,4067,0.9584104140371356
115727,5089,0.8677303205464515
115727,51170,0.9485192232355457
115727,2885,0.9254219212134401
115727,9260,0.9691271575758148
115727,23558,0.9414796777285912
115727,126308,0.9151333726991121
115727,140885,0.9399697221410573
115727,9961,0.8999781896793537
115727,100500853,0.9484647022698978
115727,112268246,0.9296955703519421
115727,53917,0.8678388703519804
115727,10261,0.9583133136222779
115727,8650,0.9741033728889479
115727,25797,0.9322001521217548
115727,54210,0.875974516691501
115727,5899,0.9622476487246067
115727,150372,0.9620393817698112
115727,339287,0.891469392779542
115727,55313,0.9465031787641645
115727,10312,0.9066431611594591
115727,2790,0.9320170094672521
115727,284996,0.9532829027338658
115727,1955,0.9382322672923782
115727,6778,0.8795413552931358
115727,254896,0.9180180416525462
115727,5175,0.9111278145714057
115727,4210,0.9354217349156255
115727,9170,0.9171505028834702
115727,89849,0.9382961020204882
115727,8778,0.9315462556908473
115727,54918,0.9367845249276827
115727,10956,0.8508025578637342
115727,3482,0.852812887014245
115727,84658,0.866472957144901
115727,120892,0.9217499714578709
115727,100507419,0.8789836714868583
115727,3927,0.8639633540104713
115727,283349,0.9137409539882412
115727,829,0.8978349829861902
115727,7295,0.935953455325227
115727,7090,0.9487924315241012
115727,257106,0.8521036219972625
115727,8843,0.8672746596412887
115727,81628,0.8957772557543062
115727,22904,0.9385849576320522
115727,9103,0.9550337255303244
115727,152007,0.8818612724269799
115727,1084,0.9155204567277865
115727,26578,0.9039827960110132
115727,552891,0.932136518976476
115727,6195,0.8795251450942078
115727,8125,0.9590402169101232
115727,23258,0.9246411316353575
115727,2787,0.8513188531966505
115727,26234,0.9658963952366988
115727,5878,0.8762266320932218
115727,23569,0.9183814046664972
115727,25801,0.9405620476300584
115727,338442,0.887885808304461
115727,83931,0.9218378892849712
115727,144423,0.9771359735740459
115727,80301,0.9477497600769691
53829,5552,0.8662231913972035
53829,3936,0.8635914685836636
53829,8031,0.8949868668851773
53829,4814,0.8615335692156345
53829,290,0.8650005344155782
53829,240,0.868137366361037
53829,5777,0.8671555930553748
53829,10487,0.910863690328213
53829,57580,0.8607369041689119
53829,8291,0.8552306337686891
53829,8826,0.8753818847640693
53829,55196,0.8735813657405941
53829,7462,0.8561537338645939
53829,4947,0.9339712767574564
53829,5724,0.91868691237163
53829,133,0.8635198109891679
53829,56905,0.8689443363025652
53829,84649,0.9158231345699511
53829,11240,0.9124152248112078
53829,8301,0.9238562182242853
53829,4067,0.9295434323254351
53829,5089,0.896822781884846
53829,51170,0.9263820856647579
53829,2885,0.8542046340957737
53829,9260,0.9356629977616224
53829,23558,0.9406375810809757
53829,126308,0.8936337786913255
53829,140885,0.8721439162565054
53829,9961,0.8810828494333136
53829,100500853,0.9341772496486976
53829,112268246,0.9079758665626975
53829,10261,0.9728183561825456
53829,8650,0.9566515017515573
53829,25797,0.8798159832658681
53829,9750,0.86726522252814
53829,5899,0.9429682161741334
53829,150372,0.8815422926608621
53829,339287,0.9225663450704094
53829,55313,0.9291921417528638
53829,2790,0.9289390840677391
53829,284996,0.9373299047101836
53829,1955,0.8867514793629654
53829,254896,0.9360344161065925
53829,4210,0.9511858107865834
53829,9170,0.9002839960456609
53829,89849,0.9346167293770075
53829,8778,0.9136315308333823
53829,54918,0.8868630724256229
53829,3482,0.8765078706381537
53829,84658,0.874868455091251
53829,120892,0.9390982618025918
53829,100507419,0.8795861723294571
53829,283349,0.9274899087836586
53829,829,0.8987506089522074
53829,7295,0.8869425608297292
53829,7090,0.8960469819837612
53829,257106,0.8524386425359851
53829,81628,0.8987482248522168
53829,22904,0.9190652528930159
53829,9103,0.9171846661584381
53829,1084,0.9327982284044242
53829,26578,0.8802552775284419
53829,552891,0.9287077375800843
53829,6195,0.8707962390056738
53829,8125,0.9267034330643007
53829,23258,0.9114978994498056
53829,26234,0.9337540973388488
53829,25801,0.9405736121989833
53829,338442,0.8652183388178236
53829,83931,0.9293332851738424
53829,144423,0.9444508157515635
53829,80301,0.9066047000039843
4947,5997,0.8829538436270932
4947,5552,0.926816885544045
4947,3936,0.8602958264316432
4947,723790,0.8521076201200561
4947,8337,0.8522542849184271
4947,7127,0.8842120045852058
4947,7846,0.8809006199206035
4947,2771,0.8756124256120406
4947,2217,0.8830294742283537
4947,8031,0.9542420943300091
4947,4814,0.9466688068451542
4947,290,0.8678341561155547
4947,2752,0.8996414531350124
4947,5093,0.9011946949517635
4947,5777,0.8500634570425777
4947,677,0.8593708002259359
4947,64581,0.8869344567157937
4947,10487,0.8993701705816354
4947,9802,0.8834180825758533
4947,57580,0.8706589028664558
4947,1116,0.8561029887037362
4947,271,0.9211042505741621
4947,533,0.924382996279423
4947,7462,0.868207681154337
4947,5724,0.957934375640943
4947,162466,0.8952662164807548
4947,56905,0.9145091015104182
4947,84649,0.8949775591670966
4947,8301,0.9315203956331742
4947,4067,0.947158856613192
4947,5089,0.9217007735009388
4947,51170,0.9643480376703755
4947,2885,0.889623555480033
4947,9260,0.9501520600190848
4947,23558,0.9470219584614162
4947,126308,0.8883109913415739
4947,140885,0.8544268533668907
4947,9961,0.8543330397814327
4947,100500853,0.9363661954363498
4947,112268246,0.8892019103400661
4947,10261,0.9338687798411103
4947,8650,0.9446669447189641
4947,25797,0.9217139626054733
4947,54210,0.9192870239788796
4947,5899,0.9416551301124363
4947,150372,0.8973524052587647
4947,339287,0.9101238249739864
4947,55313,0.9798526789512433
4947,2790,0.9254739023365306
4947,284996,0.9349625762539532
4947,1955,0.922635756862083
4947,6778,0.8879838600606762
4947,254896,0.9367093121511401
4947,5175,0.9085453060459919
4947,4210,0.9143385029591473
4947,9170,0.8788820411577674
4947,89849,0.9411827578138887
4947,8778,0.8747798047327757
4947,54918,0.9363977303768709
4947,3482,0.8873734682906217
4947,84658,0.9209194620686796
4947,120892,0.9300258229221509
4947,3927,0.8593900502259625
4947,283349,0.9457842737476597
4947,7295,0.9106603273393016
4947,7090,0.9253598230351997
4947,8843,0.892569876383031
4947,81628,0.891552060269937
4947,389541,0.9010445388261019
4947,22904,0.8832563976918841
4947,9103,0.8759874973452825
4947,1084,0.9082334331261985
4947,26578,0.8855031132116726
4947,552891,0.9253971854067392
4947,8125,0.9627344990018623
4947,23258,0.9356469063961421
4947,26234,0.9300773216869954
4947,5878,0.8786901415088832
4947,25801,0.8966073271923741
4947,338442,0.9182678277380463
4947,83931,0.953639709030438
4947,144423,0.9668886764212339
4947,80301,0.8972563529589624
5724,2495,0.8503033089294562
5724,7305,0.88974155054036
5724,5552,0.920899321162473
5724,3936,0.9126380016720471
5724,11337,0.8776226811618565
5724,7127,0.8758530586177818
5724,10094,0.8998709161754872
5724,7086,0.8532049638641169
5724,7846,0.885469243678158
5724,2771,0.9328088726921917
5724,2217,0.9337439004799258
5724,7439,0.8656081548011922
5724,8031,0.9062318851063773
5724,4814,0.9362138913847414
5724,1052,0.8972131149824912
5724,290,0.9406356246112961
5724,2752,0.8862554870096675
5724,5093,0.914792018582154
5724,240,0.8791700011273643
5724,5777,0.864534192181446
5724,677,0.8588702203563079
5724,64581,0.8935557737696848
5724,10487,0.9303255069131996
5724,9802,0.9043922283294589
5724,9473,0.8914415104574825
5724,7133,0.8624302906574197
5724,271,0.8889782847807933
5724,533,0.9446755979360133
5724,4615,0.8705829887111212
5724,5538,0.8688422319292392
5724,8826,0.8661818077497427
5724,7462,0.8673996390747127
5724,56905,0.9026229027911736
5724,84649,0.8798182755278481
5724,11240,0.8703352026699815
5724,8301,0.9306918659340965
5724,4067,0.9318449147408934
5724,51170,0.9529381255958612
5724,2885,0.9379842738758727
5724,9260,0.9344764929010586
5724,23558,0.9058965693827206
5724,126308,0.8872135806755409
5724,140885,0.9281004582204999
5724,9961,0.856327377013248
5724,100500853,0.9228730052925662
5724,112268246,0.8872563419438679
5724,10261,0.9398133778337066
5724,8650,0.9469260069913885
5724,25797,0.9109611792011879
5724,54210,0.8790359144467873
5724,5899,0.9224158125247995
5724,150372,0.9468756091327218
5724,339287,0.8508822213317495
5724,55313,0.9480901056401528
5724,10312,0.8767876932791098
5724,2790,0.9003769991744153
5724,284996,0.9050521717029534
5724,1955,0.940673614631434
5724,6778,0.8842700932306552
5724,254896,0.874523686378667
5724,5175,0.9526400664035295
5724,4210,0.8909496274898093
5724,89849,0.9053722663137151
5724,8778,0.859285427738126
5724,54918,0.9579495164516715
5724,10956,0.8613123772898278
5724,120892,0.8936989138738498
5724,3927,0.8554444345385789
5724,283349,0.8948103590026678
5724,829,0.8726944320009528
5724,7295,0.9252200840383816
5724,7090,0.9144308654380492
5724,8843,0.8584237455434472
5724,7009,0.883135196603149
5724,81628,0.8560779305364936
5724,22904,0.8772560024843045
5724,9103,0.9070907121517446
5724,152007,0.8792908492302735
5724,1084,0.8677697509124292
5724,26578,0.8760474093006627
5724,552891,0.9006068665375455
5724,8125,0.9451256881988235
5724,23258,0.9044017535971729
5724,26234,0.9346075537036024
5724,5878,0.9005904337028217
5724,23569,0.895966455752107
5724,25801,0.8933402030128271
5724,338442,0.8757953613626173
5724,83931,0.9008741187791708
5724,144423,0.9494404103764085
5724,80301,0.9243293422708903
133,5552,0.8605477175871543
133,3936,0.8714985238940071
133,240,0.8950530260545211
133,10487,0.89677877448861
133,8291,0.9505222524981886
133,604,0.9347734910306219
133,8826,0.8901464022127111
133,84649,0.8991423412602632
133,11240,0.9136716864237033
133,8301,0.893617267630252
133,4067,0.8795789013430506
133,51170,0.855160295704993
133,9260,0.8604739730837225
133,140885,0.8991896193864094
133,100500853,0.8923380340513045
133,10261,0.8726462765054456
133,8650,0.9129766125586598
133,306,0.9187877247596706
133,5899,0.9329567473059615
133,339287,0.8622293100001348
133,2790,0.930313805868318
133,284996,0.8985122635382656
133,9170,0.8586216721620736
133,8972,0.9301191243372202
133,100507419,0.8744745242827394
133,829,0.8832461441739428
133,22904,0.9064711826288434
133,9103,0.9070384700172807
133,26578,0.88587291617089
133,552891,0.930001919853477
133,8125,0.8545891731675338
133,26234,0.9069417587961415
133,25801,0.9488765145376705
133,144423,0.8966668230966486
56905,2495,0.860032969222031
56905,7305,0.8507671502267184
56905,5552,0.9202941246040408
56905,3936,0.8646738544432856
56905,200315,0.8725112622664941
56905,7127,0.9268790700988095
56905,7846,0.9180241620918956
56905,2771,0.9012805017002823
56905,2217,0.8632459380575078
56905,7439,0.8745718566922032
56905,8031,0.9010965383839589
56905,4814,0.9490234543601179
56905,5341,0.8553481320479587
56905,2752,0.9445636767093673
56905,10875,0.8505724820599816
56905,5093,0.9052471176670379
56905,677,0.899374473915828
56905,64581,0.9511240071067818
56905,9802,0.8974264244883089
56905,9473,0.9037685005970723
56905,8349,0.8572244662142424
56905,7133,0.8608435949660513
56905,57580,0.8516843488384276
56905,271,0.9416567824109128
56905,533,0.9172095166516648
56905,4615,0.8688302418298132
56905,7462,0.8548509809225602
56905,90007,0.8619875067718947
56905,8301,0.9250635860751228
56905,4067,0.946788439684876
56905,5089,0.8823372176590881
56905,51170,0.9089485693771111
56905,100507006,0.866249436292021
56905,2885,0.8657051555629219
56905,9260,0.8943095413018495
56905,23558,0.9154586330989969
56905,126308,0.865259112912541
56905,9961,0.8609686703112087
56905,100500853,0.8634879470976996
56905,53917,0.9079488196660578
56905,10261,0.8853336648410135
56905,8650,0.9165975608748517
56905,25797,0.8668433801946173
56905,54210,0.9283990453708733
56905,5899,0.8942078967561214
56905,150372,0.8931695910583142
56905,339287,0.8501552736382884
56905,55313,0.9439977356136979
56905,10312,0.8708326295843186
56905,284996,0.9121643784784098
56905,1955,0.9032711784297026
56905,254896,0.8928541163169129
56905,5175,0.8812828535629595
56905,4210,0.9391527166996685
56905,89849,0.9060354392007862
56905,8778,0.9099867312233045
56905,54918,0.8950169332277814
56905,84658,0.8582139219989198
56905,120892,0.9212091886536601
56905,283349,0.8792884344683534
56905,7090,0.9514953405868646
56905,8843,0.8837999080517573
56905,81628,0.8625648602499016
56905,22904,0.8594152477286897
56905,9103,0.888808939623561
56905,9111,0.8529348329200259
56905,1084,0.8685698810540045
56905,8125,0.8992474867139456
56905,23258,0.9398511926714529
56905,26234,0.9141638808019044
56905,5878,0.9144486390936762
56905,338442,0.9060514802120212
56905,83931,0.9004545594924388
56905,144423,0.9205997344540275
56905,80301,0.8842530118731617
84649,290,0.8722982309382618
84649,240,0.8787386311073517
84649,10487,0.8852970475446017
84649,8291,0.8926528832313322
84649,11240,0.928932562753863
84649,8301,0.8781353010836199
84649,4067,0.8761971829462974
84649,51170,0.8697021296529733
84649,9260,0.9509174910759024
84649,23558,0.8996870734362561
84649,126308,0.8763881328008744
84649,140885,0.8734224727617881
84649,100500853,0.944016920789879
84649,112268246,0.9508081934336029
84649,10261,0.8996466797883835
84649,8650,0.9142494407701854
84649,25797,0.875480571058008
84649,5899,0.9315229517443266
84649,150372,0.8529605931083558
84649,339287,0.8916302636674778
84649,55313,0.8681110852183119
84649,2790,0.9450078494468273
84649,284996,0.9193515568848073
84649,254896,0.8997536676064894
84649,9170,0.9181724274212859
84649,89849,0.8743702400897457
84649,8778,0.8607950744638155
84649,8972,0.8734050355181023
84649,100507419,0.9184260866229765
84649,283349,0.8873263813652138
84649,829,0.8535929084877975
84649,7295,0.9108996404069135
84649,7090,0.8588040918865367
84649,81628,0.8752520818004237
84649,22904,0.9260798245345763
84649,9103,0.8829881805497586
84649,1084,0.8895263818309753
84649,26578,0.8743772261853716
84649,552891,0.9446761475087744
84649,6195,0.921563077979121
84649,89846,0.8591752112370616
84649,8125,0.92689254730967
84649,26234,0.8908066866494012
84649,23569,0.8613511695311756
84649,25801,0.9517870647101133
84649,83931,0.8869593788314192
84649,144423,0.9363212872438816
84649,80301,0.8859505387573475
8301,5552,0.9528949110628515
8301,3936,0.9442956536172992
8301,7127,0.8540120691135288
8301,7846,0.9106565774214624
8301,2771,0.8909153890669436
8301,8031,0.9045589332321534
8301,4814,0.8996363870030114
8301,290,0.899046153378976
8301,5788,0.8704340033620944
8301,2752,0.9311132728452752
8301,5093,0.9031609115643434
8301,240,0.8747759466092231
8301,5777,0.8668436415259851
8301,677,0.907003176898411
8301,64581,0.8759775674302027
8301,10487,0.9455025757670681
8301,9802,0.8940125967820107
8301,9473,0.8943627709959794
8301,57580,0.8930767706012738
8301,271,0.8797902854381275
8301,533,0.8859775441474803
8301,4615,0.9081776807804172
8301,8291,0.8705171836840724
8301,604,0.8616424505881181
8301,8826,0.9362303385609982
8301,7462,0.879935259594195
8301,11240,0.8841838536074524
8301,4067,0.9724843651636699
8301,102465513,0.865170529628129
8301,5089,0.8908983664708882
8301,51170,0.9655132164700838
8301,2885,0.8948500405872629
8301,9260,0.9177257045408442
8301,23558,0.9211645534686711
8301,126308,0.892866386308809
8301,140885,0.903027700363882
8301,9961,0.8750294404308919
8301,100500853,0.9411533213100313
8301,7094,0.8755470720041765
8301,112268246,0.8546479057976266
8301,53917,0.8530462921571803
8301,10261,0.9419444181121451
8301,8650,0.9763935711415463
8301,25797,0.9281068144926609
8301,54210,0.8911885810439845
8301,5899,0.9735679058857949
8301,150372,0.9066991295856347
8301,339287,0.9171977261342378
8301,55313,0.9493461602215597
8301,10312,0.8950080015650398
8301,2790,0.9299801294584153
8301,284996,0.9621383894885192
8301,1955,0.9622829828461258
8301,6778,0.8746660481080967
8301,254896,0.9251268365474883
8301,5175,0.8984938989100093
8301,4210,0.9437978786933005
8301,9170,0.8757166399149849
8301,89849,0.9045767709687186
8301,8778,0.923325875237881
8301,54918,0.9452890318496396
8301,3482,0.8892974625454171
8301,84658,0.8923599400701714
8301,120892,0.9515110471830885
8301,100507419,0.8763255641129707
8301,3927,0.8916260948621743
8301,283349,0.9411194772928004
8301,829,0.9040638970057386
8301,7295,0.883154090914946
8301,7090,0.9519129227960045
8301,257106,0.8808081810026668
8301,8843,0.8743346128216928
8301,7009,0.8587765886549944
8301,81628,0.8900659554636267
8301,22904,0.9238252128097371
8301,9103,0.9465800074432725
8301,152007,0.8537358718582315
8301,1084,0.8920708187815173
8301,26578,0.9403019006833926
8301,552891,0.9303443722539916
8301,8125,0.9425086986542051
8301,23258,0.9415550921595068
8301,26234,0.9843838122894382
8301,5878,0.8966719297511563
8301,23569,0.8680308855143745
8301,25801,0.9374986326879117
8301,338442,0.8883790352512355
8301,83931,0.9184201541464869
8301,144423,0.9634650948527592
8301,80301,0.9091621912246411
4067,5997,0.8545449768037183
4067,5552,0.942620892873958
4067,3936,0.9074747635343118
4067,723790,0.8513519652125252
4067,8337,0.8508779599868417
4067,7127,0.8666863062649554
4067,7846,0.9247419373132731
4067,2771,0.8701949181145068
4067,8031,0.913429763590731
4067,4814,0.9053175711507793
4067,290,0.8766196895314259
4067,2752,0.9380251983552221
4067,5093,0.8943534673152053
4067,240,0.9004975673612075
4067,5777,0.9092858005075249
4067,677,0.9322662779596638
4067,64581,0.8964635808353557
4067,10487,0.9128697391999921
4067,9802,0.8919325611206683
4067,9473,0.8806295773751
4067,8349,0.8557555708839262
4067,57580,0.8793093251028412
4067,271,0.8972575062392293
4067,533,0.890988300367683
4067,4615,0.8875277744440067
4067,8826,0.9168790417380335
4067,7462,0.9125636388296957
4067,11240,0.8884973742783476
4067,5089,0.9006517418566165
4067,51170,0.9547349212641191
4067,2885,0.9183833243749078
4067,9260,0.9218964335256042
4067,23558,0.9320799960881485
4067,126308,0.8981753578239756
4067,140885,0.8893457038634279
4067,100500853,0.936032868461642
4067,112268246,0.8596646409372662
4067,53917,0.8643481000571782
4067,10261,0.9346015005312747
4067,8650,0.9790019337571998
4067,25797,0.9128583061469638
4067,54210,0.9067395582271652
4067,5899,0.9737476926267168
4067,150372,0.8928820131246628
4067,339287,0.9158301927616285
4067,55313,0.9570398565385756
4067,10312,0.8652490775035475
4067,2790,0.937097249139807
4067,284996,0.9594270563048127
4067,1955,0.9476719774109886
4067,6778,0.8923647665307411
4067,254896,0.9368546053255449
4067,5175,0.8856596342172881
4067,4210,0.9511742985230408
4067,9170,0.8537439768150048
4067,89849,0.9140857693138175
4067,8778,0.9286849837371042
4067,54918,0.9400954667997932
4067,3482,0.8700753158538438
4067,84658,0.8888108346615629
4067,120892,0.9569813278896289
4067,3927,0.8580703562262625
4067,283349,0.9312659221191092
4067,829,0.8740355580896069
4067,7295,0.862446497899323
4067,7090,0.9620572234047512
4067,8843,0.8766187744540724
4067,81628,0.8684133047997273
4067,22904,0.9076224721076337
4067,9103,0.9463762984783248
4067,9111,0.8594954250038855
4067,1084,0.8949528329856
4067,26578,0.917585155460079
4067,552891,0.9375148707280407
4067,8125,0.9419752883020334
4067,23258,0.948951899139239
4067,26234,0.9719116958655782
4067,5878,0.8884127383167575
4067,25801,0.9316317011593114
4067,338442,0.895772189817783
4067,83931,0.9321943613485836
4067,144423,0.9707037870091839
4067,80301,0.9006915818719163
5089,5997,0.8501683037862785
5089,3726,0.8683750311063105
5089,723790,0.9135278763096123
5089,8337,0.9126690687116287
5089,8031,0.9243981984140954
5089,4814,0.8759778637636016
5089,2752,0.8716606427406779
5089,8349,0.9032436513731854
5089,57580,0.9052062399253974
5089,1116,0.8818681363855745
5089,271,0.8946919189655984
5089,10957,0.90097038392162
5089,2533,0.8527024955008315
5089,57153,0.8951900985876302
5089,55196,0.9403322340395102
5089,7456,0.898291778869948
5089,162466,0.8648291768788923
5089,51170,0.8832069375160325
5089,100507006,0.8716258865664754
5089,9260,0.9042777534834953
5089,23558,0.9465065772332322
5089,100500853,0.9050369839926314
5089,10261,0.861131510257142
5089,8650,0.9087857898157514
5089,23347,0.8943011112381936
5089,25797,0.863582249842208
5089,54210,0.9036776564170599
5089,9750,0.9143054490759442
5089,5899,0.8926190928373339
5089,339287,0.9667064388133824
5089,55313,0.9393119253178973
5089,2790,0.8712189160910734
5089,284996,0.932614843154485
5089,1955,0.8838022237122943
5089,6778,0.8671185220681012
5089,254896,0.9702239025352529
5089,4210,0.9285714435385758
5089,9170,0.8624095773589019
5089,89849,0.9078791732407978
5089,8778,0.8782724315209366
5089,3482,0.9356547276748952
5089,8338,0.9117962234603953
5089,84658,0.9519118886554476
5089,120892,0.9464769146232497
5089,100507419,0.8635794538770079
5089,283349,0.9540225820459132
5089,7090,0.9199119489645072
5089,81628,0.906706726183439
5089,22904,0.8805932532492923
5089,1084,0.8997306848676773
5089,552891,0.8706734553804192
5089,89846,0.88645967884823
5089,8125,0.9084585935826066
5089,23258,0.9518052085031661
5089,26234,0.8733489924334296
5089,338442,0.869365871175309
5089,83931,0.946896683822925
5089,144423,0.9222103473570444
51170,5997,0.8785498949966908
51170,5552,0.9669345653186732
51170,3936,0.9081734367770423
51170,7127,0.884150416882181
51170,10094,0.8824956411281961
51170,7846,0.9100014021605186
51170,2771,0.8963437375069213
51170,2217,0.8920308950812694
51170,7439,0.8549550286241413
51170,8031,0.9193745134683002
51170,4814,0.9220848850640949
51170,290,0.8872987453302585
51170,2752,0.9206620607225751
51170,5093,0.9196313208110217
51170,5777,0.850368154653401
51170,677,0.8881101795775901
51170,64581,0.8988144552876626
51170,10487,0.9197011448468349
51170,9802,0.9036238522449836
51170,9473,0.8828375359138746
51170,271,0.8907799373182882
51170,533,0.9215320288010252
51170,4615,0.8736782408016585
51170,8826,0.8743947465256371
51170,7462,0.864934500480003
51170,2885,0.9118093100025911
51170,9260,0.9114440111213562
51170,23558,0.9173098939853601
51170,126308,0.8548401936433254
51170,140885,0.8872961364956428
51170,9961,0.856681192120435
51170,100500853,0.9266627490904028
51170,112268246,0.8596973022322011
51170,10261,0.9460499326931078
51170,8650,0.9551301598969923
51170,25797,0.921463903741417
51170,54210,0.9130658172855669
51170,5899,0.9534701683756706
51170,150372,0.9137881137004532
51170,339287,0.8902580488265782
51170,55313,0.9629048953045799
51170,2790,0.9319293242033064
51170,284996,0.938856738900547
51170,1955,0.9458470455716801
51170,6778,0.8602335191981466
51170,254896,0.9056647003405371
51170,5175,0.9289658943063581
51170,4210,0.9180659055575708
51170,9170,0.8502154512341198
51170,89849,0.9062262487043343
51170,8778,0.8822663177876607
51170,54918,0.9687151522412784
51170,3482,0.8597672914247662
51170,84658,0.8907221858884711
51170,120892,0.9319439439543318
51170,283349,0.939796228337769
51170,829,0.8775419632336516
51170,7295,0.9065181508800942
51170,7090,0.9277440489256938
51170,8843,0.9112360479229065
51170,7009,0.8781454576672912
51170,81628,0.8561863207875553
51170,389541,0.8557428141968485
51170,22904,0.8823674642214202
51170,9103,0.9087990719692307
51170,1084,0.8822586718302305
51170,26578,0.9049662665360955
51170,552891,0.9320595819185575
51170,8125,0.9424001730632978
51170,23258,0.9430094876727985
51170,26234,0.9589132036119824
51170,5878,0.8854475900946289
51170,23569,0.8527765948685211
51170,25801,0.914311752425119
51170,338442,0.920481178566963
51170,83931,0.9106906837608298
51170,144423,0.9539167713558764
51170,80301,0.9052349592523755
100507006,271,0.8657608184993674
100507006,23558,0.9115655454468701
100507006,23347,0.8658662599088365
100507006,54210,0.8692743843053948
100507006,55313,0.8710525308790027
100507006,254896,0.8674407486716939
100507006,4210,0.8698129404648364
100507006,89849,0.9038760012202816
100507006,120892,0.8613881431433409
100507006,7090,0.872427286182431
100507006,9111,0.8741133121768513
100507006,1084,0.8747910044256604
100507006,23258,0.858537209013283
100507006,83931,0.8578864219410364
9260,5552,0.8847486067822902
9260,7846,0.8615172067868346
9260,8031,0.8935441212754242
9260,4814,0.9104239614919405
9260,290,0.9102183996865678
9260,2752,0.8624804284685095
9260,5093,0.8532370632565383
9260,240,0.8700464839672529
9260,5777,0.8693051707166094
9260,10487,0.8967105780527522
9260,57580,0.8773411558541829
9260,1116,0.8512635924900291
9260,271,0.8792224918601375
9260,533,0.8844041264003498
9260,7462,0.8642035274721404
9260,162466,0.878026264901134
9260,11240,0.8789395587621496
9260,2885,0.855732342311723
9260,23558,0.9629283281831258
9260,126308,0.9205878233563006
9260,140885,0.8661381645534347
9260,9961,0.8907688913186272
9260,100500853,0.9515690467843921
9260,112268246,0.9558490934503459
9260,10261,0.9287928641316979
9260,8650,0.9423583736108765
9260,25797,0.9239857110000651
9260,54210,0.870391619505223
9260,5899,0.9394294443706063
9260,150372,0.9118869250616143
9260,339287,0.920292980810796
9260,55313,0.9434733010055688
9260,10312,0.8791072974897256
9260,2790,0.9230378463754698
9260,284996,0.9476429163960006
9260,1955,0.893202143884598
9260,6778,0.8792751246160047
9260,254896,0.9450989848861401
9260,4210,0.9147863118255855
9260,9170,0.9610774704871067
9260,89849,0.9638130694988506
9260,8778,0.9121425653887999
9260,54918,0.8713457448734987
9260,3482,0.89119079817005
9260,84658,0.9039508430486647
9260,120892,0.9104482711455734
9260,100507419,0.9187232997220789
9260,3927,0.8535459503972229
9260,283349,0.9174348326565798
9260,7295,0.940409249570687
9260,7090,0.93648626391867
9260,81628,0.9305702413419329
9260,389541,0.8885152448733517
9260,22904,0.9377477846827482
9260,9103,0.903558537582656
9260,1084,0.9416135749772853
9260,26578,0.8745466249542421
9260,552891,0.9227788894232783
9260,6195,0.9002143228124365
9260,89846,0.8788235230411575
9260,8125,0.962165659194861
9260,23258,0.9044652997310251
9260,26234,0.9176663081212628
9260,23569,0.8993573570468378
9260,25801,0.9170695915743832
9260,338442,0.8733317261326745
9260,83931,0.9484930540207969
9260,144423,0.9666648676456635
9260,80301,0.9150544281816116
23558,5552,0.8720515209870503
23558,723790,0.8703627564391304
23558,8337,0.8690136090003924
23558,7846,0.8520285725477411
23558,8031,0.9181617920438615
23558,4814,0.9032784037565381
23558,2752,0.8788715489213135
23558,5093,0.8526955686729206
23558,5777,0.8533476751588825
23558,10487,0.8672699081621201
23558,8349,0.8727023752004315
23558,57580,0.8808356422354318
23558,1116,0.876055292507644
23558,271,0.8899681593946116
23558,533,0.8503383190978026
23558,57153,0.8575280295773722
23558,55196,0.8675204861725494
23558,162466,0.9007124037838941
23558,126308,0.9003448139021045
23558,9961,0.9052392752620311
23558,100500853,0.9394497568095141
23558,112268246,0.9208459679202975
23558,53917,0.8643812576804194
23558,10261,0.9317246972920694
23558,8650,0.9365264793804906
23558,25797,0.9058676730471389
23558,54210,0.8904971317590942
23558,9750,0.8667685005962994
23558,5899,0.9358673889541398
23558,150372,0.8763575746536205
23558,339287,0.9334287849317473
23558,55313,0.9496202075743849
23558,2790,0.9138338309041785
23558,284996,0.9576200773793933
23558,1955,0.8882525242862215
23558,6778,0.8639774009042719
23558,254896,0.9665122763367084
23558,4210,0.9476109635297211
23558,9170,0.9278190040309272
23558,89849,0.9692653257706291
23558,8778,0.9390929318987373
23558,54918,0.863707586148064
23558,3482,0.9034384638423439
23558,8338,0.866246327262017
23558,84658,0.9360605414926492
23558,120892,0.9362067720876699
23558,100507419,0.8948813042326619
23558,283349,0.9419434242148127
23558,7295,0.8961727035200258
23558,7090,0.9524608111680477
23558,257106,0.8580150870903306
23558,8843,0.8583376019002479
23558,81628,0.9439684850764106
23558,389541,0.896012429369059
23558,22904,0.9285128681901655
23558,9103,0.8812612936241024
23558,9111,0.8837615758895929
23558,1084,0.9700978903984673
23558,26578,0.8627891085166547
23558,552891,0.9133130668692041
23558,6195,0.8540733425342268
23558,89846,0.8948014119303421
23558,8125,0.9467552200402711
23558,23258,0.937666512387256
23558,26234,0.9112930987431216
23558,25801,0.9068532576649795
23558,338442,0.8927157984629419
23558,83931,0.9680297302851965
23558,144423,0.9493921304942189
23558,80301,0.9015634533235883
126308,8031,0.8579268308959893
126308,4814,0.8555298942975547
126308,290,0.8643645983686055
126308,5777,0.8720411289808828
126308,10487,0.8661406248907294
126308,57580,0.8888784630247369
126308,7462,0.8993280384465755
126308,100500853,0.8765866779020703
126308,7094,0.8538485351292571
126308,112268246,0.9014682570982822
126308,10261,0.8914387742663814
126308,8650,0.8916491727763616
126308,25797,0.8780418600923977
126308,5899,0.8877158903993173
126308,150372,0.8833336354287116
126308,55313,0.8853079188090716
126308,10312,0.8951982002262128
126308,2790,0.8510414441715087
126308,284996,0.8841572090385137
126308,1955,0.853725454772824
126308,6778,0.8690906459901258
126308,254896,0.876010136912394
126308,4210,0.8831652928958706
126308,9170,0.8744884592722005
126308,89849,0.920967923231591
126308,8778,0.8802946120647172
126308,3482,0.873871014944291
126308,84658,0.8575817798726219
126308,120892,0.8640855377221133
126308,100507419,0.8759537078883648
126308,3927,0.8994677112042396
126308,7295,0.8622226064801014
126308,7090,0.883278217050843
126308,257106,0.864134762149994
126308,81628,0.9015540750064198
126308,22904,0.863494526363129
126308,9103,0.8994121278238267
126308,1084,0.8957218266618857
126308,26578,0.8742628436289682
126308,552891,0.8515931815237553
126308,6195,0.899150373438381
126308,8125,0.9090132372829309
126308,26234,0.8815556341018778
126308,25801,0.8604100271746076
126308,83931,0.9336839007160265
126308,144423,0.8976326111488692
126308,80301,0.9087036644933477
9961,10487,0.8601741011250523
9961,112268246,0.9001108037165371
9961,53917,0.8632045130029669
9961,10261,0.8905813880860705
9961,8650,0.8621411614754885
9961,5899,0.8662355986627785
9961,150372,0.8924202114240325
9961,55313,0.8577822339681767
9961,10312,0.8856591884494097
9961,284996,0.8939371782314023
9961,254896,0.8572310916891553
9961,4210,0.8968347590911838
9961,9170,0.9044695067368385
9961,89849,0.8867969086186533
9961,8778,0.9019416029289212
9961,100507419,0.853631516166979
9961,283349,0.8602933255975217
9961,7295,0.8721642030604038
9961,7090,0.8543259793844953
9961,257106,0.8957347340091193
9961,81628,0.9131981694774285
9961,22904,0.9210063833906801
9961,9103,0.8545734943173305
9961,1084,0.9009186039907136
9961,6195,0.8673833024183923
9961,8125,0.8748749990492418
9961,23258,0.8622268591605449
9961,26234,0.8755600260487509
9961,25801,0.8567822632384957
9961,83931,0.865214558251893
9961,144423,0.8839156921482153
9961,80301,0.9077774738163105
100500853,5552,0.8963230625364447
100500853,3936,0.8881733391588671
100500853,8031,0.8734687737440432
100500853,4814,0.8704517210151407
100500853,290,0.88879505051195
100500853,5788,0.8628693653123984
100500853,2752,0.8667767415153839
100500853,240,0.879567752746693
100500853,10487,0.9283992342772212
100500853,9802,0.8580086184097421
100500853,57580,0.9008990316703839
100500853,271,0.8667245769791165
100500853,8291,0.8722802156270186
100500853,604,0.8533803556134343
100500853,8826,0.899263459454614
100500853,11240,0.9187432213830736
100500853,2885,0.8520906392458555
100500853,140885,0.8973064477939041
100500853,112268246,0.8883177820116096
100500853,10261,0.9261373509558598
100500853,8650,0.9656552226917235
100500853,25797,0.8979487977425329
100500853,54210,0.8515916389687028
100500853,9750,0.8670720717081754
100500853,5899,0.9663951009983262
100500853,150372,0.8571935612850674
100500853,339287,0.9425591863450807
100500853,55313,0.9370697487114744
100500853,2790,0.9490052625221386
100500853,284996,0.9601632029546799
100500853,1955,0.9283952622667972
100500853,6778,0.8720872829494013
100500853,254896,0.9423021739493771
100500853,4210,0.9051526569558409
100500853,9170,0.8950618324978086
100500853,89849,0.90555665059516
100500853,8778,0.8842025394196347
100500853,8972,0.8782004854121083
100500853,54918,0.8954976263512552
100500853,3482,0.9083043207625908
100500853,84658,0.8873204374250571
100500853,120892,0.9210878285962972
100500853,100507419,0.9125953832841844
100500853,3927,0.8631486897265885
100500853,283349,0.93710545522333
100500853,829,0.8645553952372972
100500853,7295,0.9030030444114243
100500853,7090,0.920110047291516
100500853,257106,0.8600749813716011
100500853,81628,0.9106230406520622
100500853,22904,0.9271011624944573
100500853,9103,0.898066872549749
100500853,1084,0.8969309878241236
100500853,26578,0.9150719465726208
100500853,552891,0.9488762412825683
100500853,6195,0.8838048025114983
100500853,89846,0.8625804484867877
100500853,8125,0.9492410298439984
100500853,23258,0.9089604617071038
100500853,26234,0.9371928058757913
100500853,23569,0.8614487710971935
100500853,25801,0.9538416655941979
100500853,83931,0.9211959880971767
100500853,144423,0.9685703316944109
100500853,80301,0.877634168259404
112268246,290,0.8529638148300109
112268246,5777,0.8530477210403148
112268246,11240,0.8619437267251358
112268246,10261,0.9077559053982326
112268246,8650,0.8751055586661872
112268246,5899,0.8892074593363352
112268246,150372,0.9017942613468412
112268246,55313,0.8645337637749703
112268246,10312,0.8597926978042207
112268246,2790,0.8959254553609929
112268246,284996,0.9018160862754141
112268246,254896,0.8758469392707493
112268246,4210,0.8642023721923475
112268246,9170,0.9277448560558913
112268246,89849,0.9131758298120743
112268246,8778,0.8850776092787379
112268246,100507419,0.8740853262459419
112268246,7295,0.9117049426082278
112268246,7090,0.8659016641582101
112268246,81628,0.8906385859716616
112268246,389541,0.8740578935327981
112268246,22904,0.9092329670380966
112268246,9103,0.8842972237837752
112268246,1084,0.9299633238868061
112268246,552891,0.8956314368072504
112268246,6195,0.9165931739193717
112268246,8125,0.9044498070569906
112268246,26234,0.8614986419553773
112268246,23569,0.8631109832240452
112268246,25801,0.9000340467201968
112268246,83931,0.8897664167007452
112268246,144423,0.9070354335732758
112268246,80301,0.9289467326276102
10261,5552,0.8922667034182629
10261,3936,0.9025848378554728
10261,10094,0.8609157689560579
10261,7846,0.8519392821196554
10261,2771,0.8678108936873576
10261,8031,0.8796058832548712
10261,4814,0.8742088457769768
10261,290,0.8861051486824706
10261,5093,0.864628161825843
10261,240,0.8888620318885591
10261,5777,0.90028040269632
10261,10487,0.938679740499635
10261,9473,0.8550508899080794
10261,533,0.8714981711298195
10261,4615,0.8757702161262316
10261,8291,0.8635303702575714
10261,8826,0.8669695856660723
10261,7462,0.8787732930057925
10261,11240,0.8964213420918531
10261,2885,0.8954116559435698
10261,140885,0.9042982757902983
10261,53917,0.860380262417018
10261,8650,0.9534658766679522
10261,25797,0.891755434465322
10261,5899,0.944260768678678
10261,150372,0.9253291174167587
10261,339287,0.8831375156343179
10261,55313,0.9244035566162541
10261,10312,0.8641746751685709
10261,2790,0.9252734278545086
10261,284996,0.9277641998884844
10261,1955,0.8982408610805169
10261,254896,0.9121908440640462
10261,5175,0.8786397288149843
10261,4210,0.9362756886531434
10261,9170,0.8845219018517745
10261,89849,0.9236613558466316
10261,8778,0.9108295706146647
10261,54918,0.9206826764289532
10261,84658,0.8562883199027164
10261,120892,0.9111890353197577
10261,100507419,0.8535166428667273
10261,283349,0.9076426624580776
10261,829,0.9293923240899935
10261,7295,0.898943837504309
10261,7090,0.8998485171088981
10261,257106,0.8505541686177468
10261,81628,0.8819239780356898
10261,22904,0.9137373759639961
10261,9103,0.9374064785531648
10261,1084,0.9204842772445183
10261,26578,0.892927906217648
10261,552891,0.9249509776277195
10261,6195,0.8740372444089277
10261,8125,0.926507290011351
10261,23258,0.8977673882249887
10261,26234,0.9471458175655892
10261,23569,0.8862581739040821
10261,25801,0.947677066268076
10261,338442,0.87376574274133
10261,83931,0.9136542032255878
10261,144423,0.9393593448935456
10261,80301,0.9422668736910905
8650,5552,0.9306972899672982
8650,3936,0.9283298776842356
8650,7846,0.8994795629413972
8650,2771,0.8634830882305493
8650,8031,0.9057791925718649
8650,4814,0.8973486061770397
8650,290,0.9210729192226818
8650,5788,0.8721832690156867
8650,2752,0.9110395880443071
8650,5093,0.8901764281186612
8650,240,0.9125840349542848
8650,5777,0.8884962578854979
8650,677,0.9041999656111015
8650,64581,0.858482538712547
8650,10487,0.9474233671126946
8650,9802,0.8846793419469983
8650,9473,0.8537653457241313
8650,57580,0.8872469241914973
8650,271,0.8748957104470614
8650,533,0.8690517078840769
8650,4615,0.8850467933820185
8650,8291,0.8954611972356713
8650,604,0.889301656293432
8650,8826,0.9392815566885925
8650,7462,0.8728975992889813
8650,11240,0.9319856884610984
8650,2885,0.9074804432807381
8650,140885,0.9307198778901196
8650,7094,0.8536571439172883
8650,25797,0.9209401007348206
8650,54210,0.8814464596052313
8650,9750,0.8665700460500774
8650,5899,0.9808023483666753
8650,150372,0.9001573802876335
8650,339287,0.9422194311963077
8650,55313,0.9563948111265567
8650,10312,0.8599027208219813
8650,2790,0.9487701667780458
8650,284996,0.9690195845075238
8650,1955,0.9615167214834058
8650,6778,0.9012424515239361
8650,254896,0.9443818627018834
8650,5175,0.8884443014851493
8650,4210,0.9534161300895986
8650,9170,0.8876208464862283
8650,89849,0.9154444918497072
8650,8778,0.9220405995216321
8650,8972,0.8745915361964806
8650,54918,0.9354688108742101
8650,3482,0.8860369894650684
8650,84658,0.8877677445413248
8650,120892,0.9608670691818862
8650,100507419,0.8881509427145571
8650,3927,0.8625531283597585
8650,283349,0.950100769274318
8650,829,0.9021756531889218
8650,7295,0.8911781708420464
8650,7090,0.9524481014527227
8650,257106,0.8582725302620058
8650,81628,0.8901835847381351
8650,22904,0.9375334251760493
8650,9103,0.9476887123876824
8650,1084,0.8949703018919465
8650,26578,0.9232605436092959
8650,552891,0.9488108042598301
8650,8125,0.9555408831199455
8650,23258,0.9511065936049355
8650,26234,0.979490127900915
8650,5878,0.8639763739296074
8650,23569,0.8755768223647893
8650,25801,0.9569096094414323
8650,338442,0.8709159380768784
8650,83931,0.9293302481196904
8650,144423,0.9830530903603588
8650,80301,0.9005774857953748
25797,5552,0.9007714077125305
25797,7846,0.8659237383567763
25797,2771,0.8501793272182653
25797,8031,0.8931726821667584
25797,4814,0.8943828213968874
25797,290,0.8941042844202323
25797,2752,0.8585400627849011
25797,5093,0.8995886824856602
25797,677,0.8614666920353534
25797,10487,0.8885917803559181
25797,57580,0.8510956730001149
25797,533,0.8651295513428867
25797,54210,0.8638967830878012
25797,5899,0.9176172245394778
25797,150372,0.8800904490262482
25797,339287,0.8935055156106269
25797,55313,0.9219149649342471
25797,2790,0.9084181861329741
25797,284996,0.915718617804579
25797,1955,0.9312103070729387
25797,6778,0.8695136714534292
25797,254896,0.9199445580457646
25797,4210,0.8737703916576425
25797,9170,0.88973322012674
25797,89849,0.899237091722932
25797,8778,0.9014707224529815
25797,54918,0.898975485785036
25797,3482,0.862186217770133
25797,84658,0.9207215133289844
25797,120892,0.8864382642153354
25797,100507419,0.8588754748577816
25797,283349,0.932171017017246
25797,7295,0.925277839692732
25797,7090,0.9277177141861342
25797,8843,0.8997729796613979
25797,81628,0.8742748771877669
25797,389541,0.8511249539169901
25797,22904,0.888898690353221
25797,9103,0.8683813935530036
25797,1084,0.8968333066124826
25797,26578,0.8817936842181079
25797,552891,0.9084811403477543
25797,8125,0.9482811406970172
25797,23258,0.9070343580726554
25797,26234,0.9362951876868397
25797,23569,0.9051696372413821
25797,25801,0.883309471960335
25797,338442,0.9086650291982623
25797,83931,0.9222147759318932
25797,144423,0.9325707359706514
25797,80301,0.8683703969111095
5899,5552,0.9319142008305555
5899,3936,0.9075721612998898
5899,7846,0.8839034499671559
5899,8031,0.8811559427700689
5899,4814,0.8749642106894374
5899,290,0.8879402377074995
5899,5788,0.853877225228685
5899,2752,0.902969030559549
5899,5093,0.8670556005648725
5899,240,0.9104509664599367
5899,5777,0.8948491059547059
5899,677,0.8794317029777695
5899,10487,0.9327478029686481
5899,57580,0.8676698310591486
5899,271,0.8544587281696072
5899,533,0.8592115948142748
5899,4615,0.8746358266954557
5899,8291,0.903977097458873
5899,604,0.87976280308249
5899,8826,0.9167926570555659
5899,7462,0.882528517997816
5899,11240,0.9267424177746482
5899,2885,0.8989242440989367
5899,140885,0.9077199546650271
5899,54210,0.8710182503625382
5899,9750,0.8571070663370685
5899,150372,0.897622165400544
5899,339287,0.9327106339437695
5899,55313,0.9416394735350078
5899,10312,0.8589528424222933
5899,2790,0.9641117196959367
5899,284996,0.9742907071770928
5899,1955,0.9306550551295425
5899,6778,0.862273090750501
5899,254896,0.9380503750235824
5899,5175,0.8611546086929999
5899,4210,0.9371737137858525
5899,9170,0.9020622818613124
5899,89849,0.9144461684472521
5899,8778,0.9269612705964163
5899,8972,0.8786754628182225
5899,54918,0.9283536239874439
5899,3482,0.8720549945462787
5899,84658,0.8809005378910186
5899,120892,0.9495496860384431
5899,100507419,0.8959015650941737
5899,283349,0.9421613326732489
5899,829,0.9095690388387759
5899,7295,0.899783270124625
5899,7090,0.940055254167624
5899,257106,0.850365430028344
5899,81628,0.8838903728468399
5899,22904,0.9378242430183952
5899,9103,0.9479869987388669
5899,9111,0.8533312530090285
5899,1084,0.9096072843150202
5899,26578,0.9266029714543835
5899,552891,0.964035262758981
5899,6195,0.8566334802833317
5899,8125,0.9547737564135785
5899,23258,0.9300185288397532
5899,26234,0.9746225001058236
5899,25801,0.9710875507163278
5899,338442,0.8671463244688081
5899,83931,0.923031459483315
5899,144423,0.9780982976343509
5899,80301,0.91596512726582
150372,2512,0.8768884140195788
150372,7305,0.9352797813975882
150372,6277,0.877035798784545
150372,5552,0.892732348874901
150372,3936,0.8909650080122369
150372,23406,0.879712559633503
150372,2268,0.8646381445000616
150372,11337,0.9427704594605474
150372,7127,0.8732130061436827
150372,10094,0.9092771061544037
150372,7086,0.8932387127885786
150372,7846,0.8530666582248942
150372,2771,0.9455771296877626
150372,2217,0.9443935252323894
150372,7439,0.864903950081477
150372,4814,0.899289175347736
150372,1052,0.8954565805706852
150372,290,0.925964789591008
150372,5093,0.8972509688329263
150372,240,0.8761714441503833
150372,5777,0.8852533601974772
150372,64581,0.8722383471163828
150372,10288,0.8587967617138821
150372,10487,0.8971756474424016
150372,9473,0.9142214783717019
150372,7133,0.9058809296031538
150372,533,0.9461955110617281
150372,4615,0.9087516348432614
150372,5538,0.8906098710536416
150372,7462,0.8712868516172906
150372,2885,0.9312866034484791
150372,140885,0.912563617776839
150372,53917,0.8931371644513366
150372,55313,0.8944441729097918
150372,10312,0.8995278387464419
150372,284996,0.8687149386324035
150372,1955,0.8734275298534525
150372,5175,0.9274914798897079
150372,4210,0.8799737702532392
150372,9170,0.8713760244678249
150372,89849,0.9019551479389151
150372,8778,0.8833893081383097
150372,54918,0.9201304682019391
150372,10956,0.9268572626293221
150372,829,0.8771058547942568
150372,7295,0.9119714001586945
150372,7090,0.883324586829536
150372,7009,0.8678336124921061
150372,2280,0.8579989193653478
150372,22904,0.8690314980266831
150372,9103,0.9245674505839976
150372,152007,0.9282192839075439
150372,1084,0.8583514088284281
150372,8125,0.9094741558478734
150372,23258,0.8520223113972005
150372,2787,0.9037757700725875
150372,26234,0.9082813292861394
150372,5878,0.8551658655641694
150372,23569,0.891970916988929
150372,25801,0.8658506641307662
150372,338442,0.8632810955330503
150372,83931,0.8582218982597379
150372,144423,0.9071700015285132
150372,80301,0.9583758873443846
339287,5552,0.8542049691848937
339287,723790,0.8917266210607985
339287,8337,0.8909177410321505
339287,8031,0.8961884573074685
339287,5788,0.8961581876628231
339287,2752,0.8551031858866965
339287,10487,0.862885089453478
339287,8349,0.8807995016265089
339287,57580,0.9202932616038151
339287,10957,0.8821834446329869
339287,2533,0.8780164700418144
339287,57153,0.897866037148815
339287,8826,0.8752794980164889
339287,55196,0.9339556755855031
339287,7456,0.9155139082483719
339287,11240,0.8682672789041961
339287,23347,0.8702794345641375
339287,54210,0.8636326130858982
339287,9750,0.9496502718631494
339287,55313,0.9224667998586427
339287,2790,0.9291025444319524
339287,284996,0.95729181315435
339287,1955,0.9011401021023819
339287,6778,0.8536185250437404
339287,254896,0.9791669182033654
339287,4210,0.9236991064417567
339287,9170,0.8972089325803143
339287,89849,0.8966919819924524
339287,8778,0.8918723137158825
339287,3482,0.9382695161574778
339287,8338,0.8833625597072103
339287,84658,0.933908822632932
339287,120892,0.9507727719185084
339287,100507419,0.9278932193935797
339287,283349,0.9681725588568745
339287,7090,0.917910055435852
339287,257106,0.8549866347075383
339287,81628,0.9170604214632169
339287,22904,0.9259569115196303
339287,1084,0.9028670153684965
339287,26578,0.8773339537234548
339287,552891,0.9286207274045059
339287,89846,0.9000884869464165
339287,8125,0.914005545803109
339287,23258,0.9387502939116507
339287,26234,0.9149724490564928
339287,25801,0.9105092927714
339287,83931,0.9313148507734468
339287,144423,0.943430232160884
55313,5997,0.8808771620130574
55313,5552,0.9371099414624565
55313,3936,0.8732318093032692
55313,723790,0.8619330558167837
55313,8337,0.8609623380371983
55313,7127,0.9025943093043501
55313,7846,0.9087113823497736
55313,2771,0.8866971219844361
55313,2217,0.880161239347092
55313,8031,0.9602212881538866
55313,4814,0.9594636364650405
55313,290,0.8794634461845818
55313,2752,0.9315543818351771
55313,5093,0.9136378710989955
55313,677,0.897943138955416
55313,64581,0.9130665283782352
55313,10487,0.8930537167726912
55313,9802,0.9097134716726729
55313,9473,0.8575010505184317
55313,8349,0.8500610231594997
55313,57580,0.8908483945345927
55313,1116,0.8729647901301902
55313,271,0.9513198298512081
55313,10957,0.8657883648148711
55313,533,0.9182696154462298
55313,8826,0.8687341085223336
55313,7462,0.8596721908669476
55313,162466,0.8766469230106385
55313,2885,0.8875972813488335
55313,140885,0.8522081514613903
55313,54210,0.9470366787492323
55313,2790,0.9053234299200645
55313,284996,0.9449522503531982
55313,1955,0.9524334526196536
55313,6778,0.9127013415411178
55313,254896,0.9446955463644343
55313,5175,0.9165632985295112
55313,4210,0.9425700261313749
55313,9170,0.8689685513002767
55313,89849,0.9421353753556613
55313,8778,0.8913363685880836
55313,54918,0.9294019733485964
55313,3482,0.9070682382751264
55313,8338,0.8597117305113485
55313,84658,0.9314474296597776
55313,120892,0.9555428605697799
55313,3927,0.8645337256601884
55313,283349,0.9543442417463386
55313,7295,0.890038997724102
55313,7090,0.9568481706857276
55313,8843,0.8983678613515309
55313,81628,0.8959133938886827
55313,389541,0.8728488309337229
55313,22904,0.8868369852142862
55313,9103,0.8824531554021808
55313,1084,0.8958530270744829
55313,26578,0.8774801680886118
55313,552891,0.9054298273236391
55313,8125,0.9586024059075821
55313,23258,0.9625136542467673
55313,26234,0.9378122649213793
55313,5878,0.9038268876425966
55313,25801,0.8797246670747734
55313,338442,0.9188733887299066
55313,83931,0.9538856514838745
55313,144423,0.9664476323276399
55313,80301,0.8802388027664143
10312,7305,0.8904598317694369
10312,3936,0.8979198838184407
10312,2268,0.8694066304542629
10312,2771,0.8935969541433737
10312,290,0.8543027653297705
10312,10487,0.8836353350213432
10312,9473,0.9082462189899714
10312,57580,0.8593619159122206
10312,533,0.8705297307773311
10312,4615,0.8574785875723925
10312,8826,0.8615777699823066
10312,7462,0.8822185109363618
10312,7094,0.8812765922975125
10312,53917,0.8632026251672332
10312,10109,0.8832400163915051
10312,284996,0.8577299841631798
10312,4210,0.8558011062189069
10312,89849,0.8617087206225257
10312,8778,0.8506831483373856
10312,10956,0.8798009377729975
10312,3927,0.904216876751
10312,257106,0.8714606809210388
10312,81628,0.8717240321262251
10312,23218,0.8547133158656525
10312,22904,0.862107513997179
10312,9103,0.894635096522396
10312,152007,0.921830189331978
10312,26578,0.8803995004709855
10312,6195,0.8866747790790774
10312,8125,0.8578978642270578
10312,26234,0.8808423374538136
10312,5878,0.8863600800010466
10312,144423,0.8749033832212368
10312,80301,0.8960521755792442
2790,5552,0.9087713482470341
2790,3936,0.8692738574496981
2790,7846,0.8590896987951311
2790,8031,0.860504701516915
2790,5788,0.8611453130974378
2790,2752,0.8653101975178822
2790,240,0.871648188154747
2790,10487,0.9077094359184072
2790,8291,0.8825020546194
2790,8826,0.8815602780891543
2790,11240,0.9203283145808537
2790,140885,0.8765879658126213
2790,9750,0.8664269709518305
2790,284996,0.9651900389549867
2790,1955,0.8878639885141602
2790,254896,0.9355858653614081
2790,4210,0.88154172672309
2790,9170,0.8852430954247109
2790,89849,0.8752197814599479
2790,8778,0.8948113023666158
2790,8972,0.8655788399345384
2790,54918,0.8980493099443984
2790,3482,0.8517771822890515
2790,84658,0.874729224120428
2790,120892,0.8927935569563554
2790,100507419,0.9003679636591695
2790,283349,0.9387066388451563
2790,829,0.8837545794647237
2790,7295,0.9013403885804405
2790,7090,0.9040089977133571
2790,81628,0.8736203168758344
2790,22904,0.9442002613596676
2790,9103,0.9051662340400564
2790,1084,0.9000172818083427
2790,26578,0.9166768654091928
2790,552891,0.9999822281063679
2790,6195,0.8660062951641744
2790,8125,0.9225762523676064
2790,23258,0.8921395619295127
2790,26234,0.9509571074342494
2790,25801,0.9771115359013265
2790,338442,0.8598313634247148
2790,83931,0.8919372944458639
2790,144423,0.9588230224157657
2790,80301,0.8837460953449496
284996,5552,0.9261396121665072
284996,3936,0.8811964572569213
284996,723790,0.8832863376170755
284996,8337,0.8827784444505316
284996,7846,0.8904781151270703
284996,8031,0.8939180007261387
284996,4814,0.8823454435875094
284996,290,0.8594864908446282
284996,5788,0.8728635880807194
284996,2752,0.9186262605484316
284996,5093,0.8581543808971436
284996,240,0.8537011506023544
284996,677,0.8720329614459958
284996,10487,0.9041349760902496
284996,8349,0.8782144316436739
284996,57580,0.903406857822031
284996,271,0.8796344078268302
284996,10957,0.8593364298427153
284996,2533,0.8707093937304176
284996,8291,0.8718735775520132
284996,8826,0.8947531108068623
284996,55196,0.8640587041315193
284996,7456,0.8625372626693272
284996,11240,0.9025667114949262
284996,140885,0.8561235754402533
284996,54210,0.9033394350952757
284996,9750,0.8877335437540973
284996,1955,0.9202788401080467
284996,254896,0.9672920965989599
284996,4210,0.9505162504144851
284996,9170,0.917875285877656
284996,89849,0.9217976541217987
284996,8778,0.9436519837541321
284996,54918,0.8924921028229335
284996,3482,0.9088285799973255
284996,8338,0.8676275955499152
284996,84658,0.9132909842444117
284996,120892,0.9493906580605584
284996,100507419,0.9227466423350474
284996,3927,0.8614978823044521
284996,283349,0.9605268028790384
284996,829,0.8714414821921621
284996,7295,0.8955136264124406
284996,7090,0.958679469583376
284996,257106,0.8706184203725115
284996,8843,0.8716793479737338
284996,81628,0.9288576750830608
284996,22904,0.9595730074840713
284996,9103,0.9212804761590141
284996,9111,0.8797366681765377
284996,1084,0.9328888965162278
284996,26578,0.9151034301296148
284996,552891,0.9652272453014819
284996,6195,0.8547640130957685
284996,89846,0.8684372594828024
284996,8125,0.94455593544442
284996,23258,0.9468424421507776
284996,26234,0.9650602606307415
284996,25801,0.9512535895305351
284996,338442,0.8944093741424336
284996,83931,0.9335691532133227
284996,144423,0.9752262406440398
284996,80301,0.8951799154301653
254896,5552,0.8685622445245277
254896,723790,0.9155605001957933
254896,8337,0.9145564484189695
254896,7846,0.8569513895826938
254896,8031,0.916842052478245
254896,4814,0.8743060901644281
254896,5788,0.8570494938795157
254896,2752,0.8742317191290816
254896,10487,0.862838541209468
254896,8349,0.9083927315532535
254896,57580,0.9180903630836457
254896,1116,0.8652945041691097
254896,271,0.8748595464232368
254896,10957,0.8703479106862482
254896,57153,0.8934673207458811
254896,8826,0.8549816494670981
254896,55196,0.9161712515090629
254896,7456,0.8900950822766072
254896,162466,0.864762802209112
254896,11240,0.8574904041553806
254896,23347,0.8674775942555955
254896,54210,0.8926566573479333
254896,9750,0.9261627627688438
254896,1955,0.9029529384644813
254896,6778,0.8653002828976742
254896,4210,0.9436904074343649
254896,9170,0.9091585219635971
254896,89849,0.9340423666020108
254896,8778,0.9366778827199189
254896,3482,0.9364776779496298
254896,8338,0.9099401703778179
254896,84658,0.9563009680376786
254896,120892,0.9488949848517523
254896,100507419,0.9209975682669514
254896,283349,0.966551351498336
254896,7295,0.8595273919717197
254896,7090,0.9454475749897796
254896,257106,0.8511505313787521
254896,8843,0.8584046420453424
254896,81628,0.9289971125912049
254896,22904,0.9343593255695362
254896,9103,0.8666071852436734
254896,9111,0.8606782754295049
254896,1084,0.9433695207488666
254896,26578,0.8804658620365168
254896,552891,0.9351760142258604
254896,89846,0.897774675201649
254896,8125,0.9331144598091627
254896,23258,0.9455955052735966
254896,26234,0.9259694688473945
254896,25801,0.9165406576719317
254896,338442,0.8909653681543647
254896,83931,0.9620887623315539
254896,144423,0.9576542657020617
4210,5552,0.8813975399299832
4210,3936,0.8561123938891783
4210,723790,0.850011752010013
4210,7127,0.8667123968607428
4210,7846,0.8763883360146236
4210,8031,0.9024603922542853
4210,4814,0.8906281960639085
4210,2752,0.8886892700057414
4210,5093,0.8507308507907856
4210,5777,0.8640412891855351
4210,677,0.8838071173550829
4210,64581,0.8687078331939238
4210,10487,0.8687637171190352
4210,8349,0.8666616016607414
4210,57580,0.8760949991395558
4210,271,0.8683333940118496
4210,4615,0.8569329161814798
4210,8826,0.869282246718455
4210,55196,0.8920363516680987
4210,11240,0.853208623697593
4210,53917,0.9016692127304335
4210,23347,0.8918643882251208
4210,54210,0.8843918754459102
4210,9750,0.8603679534412605
4210,1955,0.9063509870732809
4210,6778,0.8552593702447423
4210,9170,0.8881651737474812
4210,89849,0.9395738831913277
4210,8778,0.9520693890306283
4210,54918,0.8679504804648044
4210,3482,0.8876001954702045
4210,84658,0.8887407563009679
4210,120892,0.9750191958562276
4210,100507419,0.8587263254042421
4210,283349,0.926314612748965
4210,829,0.8502939693335184
4210,7090,0.9414890544262442
4210,8843,0.8606267272740894
4210,81628,0.9017483896855018
4210,22904,0.9089610061754975
4210,9103,0.9163022586922283
4210,9111,0.9133377527797037
4210,1084,0.9266988095380909
4210,26578,0.8582843492825275
4210,552891,0.881395671171642
4210,8125,0.9088946995362116
4210,23258,0.9590153315941452
4210,26234,0.9394889380724689
4210,25801,0.8911591507019626
4210,338442,0.8944345304377151
4210,83931,0.9370088177047828
4210,144423,0.939219865418659
4210,80301,0.8838038133567607
9170,290,0.8555270050129722
9170,8291,0.852784927940463
9170,89849,0.9377529683016588
9170,8778,0.903958132626559
9170,3482,0.8527654465389723
9170,84658,0.8590355614986367
9170,120892,0.868337278625723
9170,100507419,0.9359288935664338
9170,283349,0.8806416362225447
9170,7295,0.9131551688013264
9170,7090,0.8780285958061855
9170,257106,0.8529073727367457
9170,81628,0.9224638967771982
9170,389541,0.8618364740604747
9170,22904,0.9351873388654028
9170,9103,0.8684162601437762
9170,1084,0.9388659788773566
9170,552891,0.8846079120456982
9170,6195,0.8864874604483811
9170,89846,0.9072202214329668
9170,8125,0.9091943539685368
9170,23258,0.854073345154668
9170,26234,0.8791432534060658
9170,23569,0.8574487489657956
9170,25801,0.8888263890248211
9170,83931,0.9020344826057491
9170,144423,0.9113629844398474
9170,80301,0.8857631835236135
89849,5552,0.856880122218399
89849,8031,0.9087990803610188
89849,4814,0.9035909610327483
89849,290,0.8566531408154113
89849,5093,0.8542946804879944
89849,5777,0.8698034924078157
89849,10487,0.853768919881172
89849,57580,0.8613717455246469
89849,1116,0.8535926633822694
89849,271,0.8834876802898168
89849,533,0.8747464557959714
89849,7462,0.8641192876710044
89849,162466,0.9083187629825846
89849,53917,0.8924798484198508
89849,54210,0.8765729298946107
89849,1955,0.8620777672521307
89849,6778,0.874196198882734
89849,8778,0.9200702073216215
89849,54918,0.8567318680331242
89849,3482,0.8892660777916845
89849,84658,0.9087846362367614
89849,120892,0.9260451647810484
89849,100507419,0.8763638786929737
89849,283349,0.902982386199094
89849,7295,0.8936853581649339
89849,7090,0.9284628817655982
89849,8843,0.869754583111891
89849,81628,0.9183659816882401
89849,389541,0.9036156917785388
89849,22904,0.8957497806562186
89849,9103,0.8822637033476135
89849,1084,0.9574689956609865
89849,552891,0.8748854771723951
89849,89846,0.8563627972164238
89849,8125,0.9260143993824448
89849,23258,0.9078248273197498
89849,26234,0.8950818806803137
89849,25801,0.868409435662927
89849,338442,0.9028966123936147
89849,83931,0.9612201347397039
89849,144423,0.932230035576656
89849,80301,0.903803099646343
8778,5552,0.8553416896191177
8778,7846,0.8509684363651843
8778,4814,0.852414070722696
8778,2752,0.8604462749949897
8778,5777,0.8625026850641279
8778,677,0.8563455947832909
8778,8349,0.8524977412288329
8778,8291,0.8577071916143088
8778,7462,0.8612841324325012
8778,11240,0.8565334174939918
8778,53917,0.9063842329517006
8778,1955,0.867057039301301
8778,3482,0.852738124035074
8778,84658,0.88049669283182
8778,120892,0.918749225911943
8778,100507419,0.8752140611612915
8778,283349,0.8992212061469893
8778,7295,0.8544926022307937
8778,7090,0.9435651082194993
8778,8843,0.8625636645798176
8778,81628,0.8854397738845944
8778,22904,0.9347730656310711
8778,9103,0.9191380338711802
8778,9111,0.885387273659957
8778,1084,0.9472386712117462
8778,26578,0.8558337115300106
8778,552891,0.8947651092274498
8778,8125,0.8992049708696146
8778,23258,0.9185202056509034
8778,26234,0.9315346533363001
8778,25801,0.9063898679135395
8778,338442,0.8908022382805428
8778,83931,0.9150544035432298
8778,144423,0.9268208578130934
8778,80301,0.8970586354945923
3482,723790,0.8539404653780741
3482,8337,0.8523781706751399
3482,8031,0.8810901108382898
3482,5788,0.8865567877570687
3482,64333,0.916309582131883
3482,57580,0.9759635671620791
3482,1116,0.8724798696271925
3482,271,0.8580551186515429
3482,57153,0.9001050932202171
3482,8826,0.8657757310444458
3482,55196,0.9017782860986093
3482,7456,0.9227045153058794
3482,9750,0.8504665648783397
3482,1955,0.8822801115318744
3482,6778,0.8748383154661901
3482,8338,0.8537286439520635
3482,84658,0.9321794173512769
3482,120892,0.9107451281364167
3482,100507419,0.9064603465827379
3482,3927,0.9200371381311332
3482,283349,0.9158638885821789
3482,7090,0.8783126830760556
3482,257106,0.8882981646496136
3482,81628,0.9297911216470152
3482,22904,0.8688473445962831
3482,1084,0.8665123443957128
3482,26578,0.8785809662164195
3482,552891,0.8519325554497028
3482,89846,0.8925235301150889
3482,8125,0.8904780260111458
3482,23258,0.8864753378824166
3482,26234,0.8637560067625759
3482,83931,0.9378539116266831
3482,144423,0.9002212510821156
84658,723790,0.8740258217422033
84658,8337,0.8731003823672041
84658,8031,0.947360615961777
84658,4814,0.8806100244261046
84658,8349,0.8540210130571178
84658,57580,0.8929887643042839
84658,1116,0.9057168151265325
84658,271,0.8734497207911838
84658,10957,0.8620278336450423
84658,57153,0.8694660422331314
84658,55196,0.8882386068561797
84658,7456,0.8506461419006566
84658,162466,0.8974952355898272
84658,54210,0.8768541604612908
84658,9750,0.86547287755278
84658,1955,0.8881813720768822
84658,6778,0.8733798012457444
84658,8338,0.8690717006947726
84658,120892,0.9151958934129873
84658,100507419,0.8556683115857806
84658,283349,0.9562469809855377
84658,7090,0.9241457478987064
84658,8843,0.8671613601977337
84658,81628,0.898906421600122
84658,389541,0.8804529610369846
84658,22904,0.8635980889380496
84658,1084,0.9139287572006557
84658,552891,0.8743583119274001
84658,89846,0.8754360513610303
84658,8125,0.9142534356999442
84658,23258,0.9231395080073094
84658,26234,0.8725440265874691
84658,338442,0.8944987897894373
84658,83931,0.9673407515597148
84658,144423,0.9111285736717636
120892,5552,0.8986858823085606
120892,3936,0.850775897592487
120892,723790,0.8736251224262519
120892,8337,0.8728224282715532
120892,7127,0.8570001622106611
120892,7846,0.8874863596310523
120892,8031,0.9209439730613099
120892,4814,0.8977140824486787
120892,2752,0.9044713875552706
120892,677,0.8953407100009356
120892,64581,0.8658477738839458
120892,10487,0.8664471268249682
120892,8349,0.8734428598463012
120892,57580,0.889632850068375
120892,271,0.8879388015644937
120892,10957,0.8722983579345472
120892,8826,0.8843560279612237
120892,55196,0.9134663528048892
120892,11240,0.8502206870095592
120892,23347,0.9048321630624071
120892,54210,0.9093426263418498
120892,9750,0.8805287526878707
120892,1955,0.9331941561564107
120892,6778,0.8807218870791977
120892,54918,0.8820372261017568
120892,8338,0.8656042273276969
120892,100507419,0.8541295344460491
120892,283349,0.9471129180435601
120892,7090,0.9464045843323612
120892,8843,0.8659889076255892
120892,81628,0.8796802740704732
120892,22904,0.8928199150353185
120892,9103,0.8986981268308138
120892,9111,0.8771387799776621
120892,1084,0.9021497087658362
120892,26578,0.8625407644042828
120892,552891,0.8926023939913652
120892,8125,0.919206755943322
120892,23258,0.9729735056835277
120892,26234,0.934612430770367
120892,25801,0.889076747015468
120892,338442,0.8931048939661408
120892,83931,0.9402876275790787
120892,144423,0.9490437421694544
100507419,5880,0.8908939899364877
100507419,5788,0.8602776979822503
100507419,64333,0.9004728358805676
100507419,10487,0.8693663740143808
100507419,57580,0.9107667763237598
100507419,57153,0.8765200458017345
100507419,8291,0.8750172465463399
100507419,8826,0.8634871499082718
100507419,7456,0.8808996629838345
100507419,11240,0.8737765901573495
100507419,9750,0.8629079316479353
100507419,8972,0.8740814148238337
100507419,3927,0.870482944022612
100507419,283349,0.8825907154283157
100507419,7295,0.8505088667360963
100507419,7090,0.8517829134105543
100507419,257106,0.9027541698267985
100507419,81628,0.9361946712555054
100507419,5829,0.8830017624109004
100507419,22904,0.9458642790241318
100507419,1084,0.8874267549600109
100507419,26578,0.8854990016187466
100507419,552891,0.9001684768992412
100507419,6195,0.9104836467044407
100507419,89846,0.926505219286217
100507419,8125,0.8780011063625047
100507419,26234,0.879239227201591
100507419,25801,0.9066177807342235
100507419,83931,0.8849617181144317
100507419,144423,0.9021670148092182
283349,5552,0.8952222734293013
283349,723790,0.8652891009518294
283349,8337,0.8649634611431815
283349,7846,0.8571443072631213
283349,8031,0.945248942346738
283349,4814,0.8859868159435649
283349,5788,0.8811246138350043
283349,2752,0.8785421611604679
283349,5093,0.875224052130813
283349,677,0.8558875655309264
283349,10487,0.8842649126384943
283349,8349,0.8516168017926017
283349,57580,0.8955705269109007
283349,271,0.8763808502565327
283349,10957,0.8768190486763998
283349,2533,0.8873176373981767
283349,8826,0.8685169228604596
283349,55196,0.8956527926569515
283349,7456,0.8691494455781151
283349,162466,0.8553004803786732
283349,11240,0.8577582111246941
283349,54210,0.8887482675879356
283349,9750,0.9043413670348581
283349,1955,0.9318450506624579
283349,6778,0.8608004396869052
283349,54918,0.888250830151456
283349,8338,0.8538486197109278
283349,7295,0.8725724330893965
283349,7090,0.9359389517116924
283349,257106,0.857361864937353
283349,8843,0.8674499462572224
283349,81628,0.9120653012005839
283349,22904,0.9117145303103803
283349,9103,0.8533923509778687
283349,1084,0.9086122125607685
283349,26578,0.8849124526778271
283349,552891,0.9384484034275539
283349,89846,0.8785096094826029
283349,8125,0.9439269246133458
283349,23258,0.960785811088824
283349,26234,0.9435617186602487
283349,25801,0.911421603292203
283349,338442,0.8931002429048128
283349,83931,0.9439940281989888
283349,144423,0.9547011688098003
7295,7305,0.8597086301700975
7295,5552,0.8890195401184184
7295,3936,0.8530715927918466
7295,10094,0.8506120080579368
7295,2771,0.8667715340047737
7295,2217,0.855159729699458
7295,4814,0.8759161982129349
7295,290,0.9090432309591092
7295,5093,0.862996558677557
7295,10487,0.9010939866274121
7295,533,0.8811721072665889
7295,140885,0.8665446114299721
7295,103910,0.8615754568806454
7295,1955,0.8662369814824474
7295,54918,0.8898072158439788
7295,829,0.8595028021845047
7295,7090,0.8695063281273805
7295,81628,0.8785202405550759
7295,389541,0.8758697676370018
7295,22904,0.8900761674906291
7295,9103,0.8691335404060865
7295,152007,0.8597514599434165
7295,1084,0.884029016994601
7295,26578,0.8692436566725932
7295,552891,0.9013598902780058
7295,6195,0.893280581696985
7295,8125,0.9365010101059684
7295,26234,0.8961667588892458
7295,23569,0.8964080679653389
7295,25801,0.8860382525382927
7295,338442,0.8516192878522258
7295,83931,0.8683515716591307
7295,144423,0.9150780062401118
7295,80301,0.9141703215464448
7090,5997,0.8586281933185317
7090,5552,0.9199398856638462
7090,3936,0.8543976015782829
7090,723790,0.8727608151646529
7090,8337,0.8713360438002904
7090,7127,0.8598582035678066
7090,7846,0.9201059306642784
7090,2771,0.8569071978467937
7090,8031,0.9143449637831381
7090,4814,0.9261616969561998
7090,290,0.8734690474731698
7090,2752,0.9452681980797465
7090,5093,0.8906832119768132
7090,240,0.8560449795729387
7090,5777,0.8639531229516693
7090,677,0.9178544734044166
7090,64581,0.8975035905706782
7090,10487,0.8653267949030554
7090,9802,0.8778496978674968
7090,8349,0.8743494275016205
7090,57580,0.8705798461253293
7090,271,0.9272446371977987
7090,10957,0.8661025341172628
7090,533,0.8818654843451037
7090,8826,0.8549826515188952
7090,7462,0.8555829685395127
7090,2885,0.8763916325695669
7090,53917,0.8580466443652157
7090,54210,0.9365454385025195
7090,1955,0.9357243554393357
7090,6778,0.8859736380108342
7090,5175,0.8610432793555963
7090,54918,0.89934446094043
7090,8338,0.8663610780214848
7090,8843,0.8980076835165689
7090,81628,0.8873533598446784
7090,22904,0.9155650103401461
7090,9103,0.9068841215118405
7090,9111,0.850308122929493
7090,1084,0.9146405862636288
7090,26578,0.8621928163143483
7090,552891,0.9042221719488034
7090,8125,0.9377658634373414
7090,23258,0.9594044545038887
7090,26234,0.9399634396443115
7090,5878,0.8642895979846388
7090,23569,0.853537029483837
7090,25801,0.8882195460506412
7090,338442,0.9138482101517749
7090,83931,0.9374702363233204
7090,144423,0.9526844224309002
7090,80301,0.8808839090640137
81628,5880,0.8892991743673132
81628,8031,0.8778430272857134
81628,64333,0.9027296102351848
81628,10487,0.8746662365104084
81628,57580,0.9344803557134104
81628,57153,0.8747679582262685
81628,7456,0.9029754541194263
81628,162466,0.8725482531849355
81628,1955,0.8532657539968064
81628,3927,0.9183462230603523
81628,257106,0.9386356232435835
81628,5829,0.8719391570666438
81628,22904,0.9181432499388029
81628,1084,0.9262611214384661
81628,26578,0.8902240405943997
81628,552891,0.8736893852613161
81628,6195,0.9103104069914169
81628,89846,0.9387741488476207
81628,8125,0.914800535792789
81628,23258,0.8719632582159904
81628,26234,0.8866781866462382
81628,25801,0.8654292457482802
81628,83931,0.9318949056506693
81628,144423,0.9042646305342511
81628,80301,0.867455782470348
22904,5552,0.8644721632887309
22904,3936,0.8704796504822234
22904,290,0.8619166620535202
22904,2752,0.8525248691162953
22904,240,0.864869845544874
22904,10487,0.9069084267379439
22904,57580,0.8689175923283065
22904,8291,0.9085176349298595
22904,604,0.8531026788288935
22904,8826,0.8798559156809914
22904,11240,0.9173541819563424
22904,140885,0.8635559158664212
22904,9750,0.8515327910263972
22904,1955,0.8696217776788722
22904,8972,0.8609317525653277
22904,54918,0.8526108367757412
22904,829,0.8727583080767374
22904,257106,0.8894172408652364
22904,9103,0.9082710396979298
22904,1084,0.9143006454625356
22904,26578,0.8969542326663867
22904,552891,0.9440386963629006
22904,6195,0.8847286042936838
22904,89846,0.8605688898076465
22904,8125,0.9152276235044934
22904,23258,0.890275892087765
22904,26234,0.9346357882578707
22904,23569,0.8580128735756064
22904,25801,0.9499812946178443
22904,83931,0.8936512101097858
22904,144423,0.9458217257140271
22904,80301,0.8939698435102156
9103,5552,0.9012468359396446
9103,3936,0.9221274284094899
9103,10094,0.854095764967199
9103,7846,0.8726156106139364
9103,2771,0.8690572112959641
9103,290,0.9011240015406305
9103,2752,0.8740594860383252
9103,5093,0.8527320735504199
9103,240,0.936988482215088
9103,5777,0.9203238886404959
9103,677,0.876224974312646
9103,10487,0.9177260809151614
9103,9473,0.8933112682729892
9103,533,0.8586251156693603
9103,4615,0.9217246956085355
9103,8291,0.9170787525574506
9103,604,0.8784381086409433
9103,8826,0.9060391411058124
9103,7462,0.9082775188435183
9103,11240,0.9038237146018234
9103,2885,0.9073905737145433
9103,140885,0.9207060062383986
9103,7094,0.8662557376142587
9103,53917,0.8688997480012259
9103,1955,0.8901045798725691
9103,5175,0.8612210160229721
9103,54918,0.903946825506411
9103,829,0.9109321836832168
9103,152007,0.8647320075352243
9103,1084,0.8711749800859402
9103,26578,0.9011296983232113
9103,552891,0.9056254349341223
9103,6195,0.8509146207240267
9103,8125,0.9014036792721599
9103,23258,0.8672993638560121
9103,2787,0.8560684963377427
9103,26234,0.948538185645711
9103,23569,0.8551547930366498
9103,25801,0.9322051713790444
9103,83931,0.8671817064893921
9103,144423,0.9307815164994592
9103,80301,0.927879998207611
9111,8519,0.8553265340177504
9111,8743,0.8664730923043238
9111,8349,0.8519848124992332
9111,4600,0.9103374909889158
9111,3557,0.9048057497921899
9111,51246,0.9459847389937032
9111,3304,0.865839960573022
9111,53917,0.8863204235824647
9111,23347,0.9137671628985771
9111,3428,0.8660518715327652
9111,1084,0.893388349279163
9111,23258,0.8638729429879444
1084,8031,0.8864940468917097
1084,4814,0.8503440075404416
1084,55196,0.8521793726172568
1084,162466,0.8904495613499995
1084,53917,0.878309445887073
1084,389541,0.8918047327384988
1084,552891,0.8994741182564944
1084,6195,0.8612071699702153
1084,89846,0.8917355133217207
1084,8125,0.9088608192720486
1084,23258,0.8928771073535754
1084,26234,0.8921776461464789
1084,25801,0.8965139912054032
1084,338442,0.8809756283815042
1084,83931,0.9430980200659361
1084,144423,0.9118896155459421
1084,80301,0.903022711926684
26578,5552,0.9051197146901767
26578,3936,0.9422004803496928
26578,290,0.854351402494931
26578,5788,0.9076976973049155
26578,2752,0.856939778069661
26578,5093,0.8664216811791832
26578,10487,0.9522021311403637
26578,57580,0.9091549631740726
26578,8291,0.8579009225517277
26578,8826,0.9495172362539905
26578,7462,0.8748405434686822
26578,11240,0.8688770729705603
26578,102465513,0.8850448009048772
26578,140885,0.8745404584216788
26578,7094,0.910295331805123
26578,10109,0.8981770599473756
26578,1955,0.8982900561495138
26578,54918,0.9053225364574824
26578,3927,0.9323208392613765
26578,829,0.8814147009429261
26578,257106,0.9227204992377471
26578,23218,0.8580978272066765
26578,5829,0.8550213817440573
26578,152007,0.8582829946596189
26578,552891,0.9174797473052798
26578,6195,0.901529700846437
26578,8125,0.9137660780838095
26578,26234,0.9407920124841385
26578,5878,0.8606866357272818
26578,25801,0.9171302332143472
26578,83931,0.870914396564702
26578,144423,0.9153490212437364
26578,80301,0.8689643903099126
552891,5552,0.9095198874394651
552891,3936,0.8702145425496223
552891,7846,0.8596964174314685
552891,8031,0.8607419274188274
552891,5788,0.8618285331863371
552891,2752,0.8658818510167392
552891,240,0.8716434195212078
552891,10487,0.9080832333700217
552891,8291,0.88226776967424
552891,8826,0.882521130233156
552891,11240,0.9204237595943915
552891,140885,0.8770258314882585
552891,9750,0.8655113165478452
552891,1955,0.8881864093434756
552891,8972,0.865189277056827
552891,54918,0.8986620925265026
552891,829,0.8836996772403565
552891,6195,0.8663175167593223
552891,8125,0.922512232258854
552891,23258,0.8919303997586464
552891,26234,0.9514353771374084
552891,25801,0.9768477428485071
552891,338442,0.8601097137191569
552891,83931,0.8916913448976695
552891,144423,0.9588833261360108
552891,80301,0.8840580534569948
6195,3936,0.8503348274697301
6195,5880,0.9291064024361265
6195,64333,0.8537064727826328
6195,10487,0.9021789406115003
6195,57580,0.8536688734673521
6195,11240,0.856385915603611
6195,7094,0.8784860667704323
6195,10109,0.8693753477422651
6195,3927,0.8915815668468716
6195,829,0.8622582367150048
6195,257106,0.9157010840611022
6195,23218,0.8641939118553891
6195,5829,0.8675204091560664
6195,152007,0.8518517567378071
6195,89846,0.8514331108664669
6195,8125,0.8749754555384821
6195,25801,0.8854087468887606
6195,144423,0.8605412574275336
6195,80301,0.8936627031825376
89846,5880,0.8609824772830716
89846,64333,0.8797377147676079
89846,57580,0.8713956334543637
89846,57153,0.9023577197723426
89846,7456,0.8947442787391056
89846,162466,0.8642377999292739
89846,9750,0.8593769903746067
89846,257106,0.861913651982229
89846,83931,0.8731642962140016
8125,5552,0.913915925319302
8125,3936,0.8838301793316857
8125,7846,0.8595456526903001
8125,2771,0.8833948719401101
8125,2217,0.8608209202126906
8125,8031,0.9157045767165125
8125,4814,0.9223369972411384
8125,290,0.9077649255659422
8125,2752,0.8865368107475468
8125,5093,0.9155536195467812
8125,240,0.8616193321009981
8125,5777,0.8638866503057036
8125,677,0.8593436501278796
8125,10487,0.9276111963594703
8125,9802,0.8728595654255862
8125,57580,0.8837451043865624
8125,1116,0.8527466237612449
8125,271,0.8835944651492756
8125,533,0.8960079447692503
8125,8826,0.8766395515230412
8125,7462,0.8717517676036912
8125,162466,0.8581256198807045
8125,11240,0.8783386572889461
8125,2885,0.8938928224819734
8125,140885,0.8801031583694442
8125,54210,0.8819349398862562
8125,1955,0.9376356568364123
8125,6778,0.9086417453553761
8125,5175,0.8865300900856736
8125,54918,0.9247354037437816
8125,3927,0.8768256940920013
8125,829,0.8743786644288869
8125,257106,0.8680262650000024
8125,8843,0.8540123709444319
8125,389541,0.8784825473368312
8125,23258,0.9223389800066484
8125,26234,0.9410134705785935
8125,5878,0.8607350768501892
8125,23569,0.8833265095338753
8125,25801,0.9165669555283749
8125,338442,0.8771878377415887
8125,83931,0.9520477441709702
8125,144423,0.9664445327575163
8125,80301,0.9120102203070318
23258,5997,0.8662965687478955
23258,5552,0.9153193451769583
23258,723790,0.8804681299765296
23258,8337,0.8797476397182694
23258,7127,0.8898973677633958
23258,7846,0.9151195721306394
23258,8031,0.9307884919218564
23258,4814,0.9289268841694748
23258,2752,0.926744588541942
23258,5093,0.8846655107509768
23258,677,0.9038249721873911
23258,64581,0.9013981602462049
23258,10487,0.8552550525515895
23258,9802,0.8836291234493953
23258,8349,0.8752380392567845
23258,57580,0.8603091105216658
23258,271,0.9203746122409907
23258,10957,0.8956287160933566
23258,533,0.8589740606685266
23258,2533,0.8836288072030575
23258,55196,0.8911762285411673
23258,23347,0.8682740917216923
23258,54210,0.9319013876984267
23258,9750,0.856789540637731
23258,1955,0.943770189285955
23258,6778,0.8663155638737667
23258,5175,0.8634531933975836
23258,54918,0.8963713235470688
23258,8338,0.8757297393725328
23258,8843,0.8939283718066681
23258,26234,0.9348620081233757
23258,5878,0.8572839825854279
23258,25801,0.8717351057858422
23258,338442,0.9164245020378322
23258,83931,0.9250558543888
23258,144423,0.9494252472326684
26234,5552,0.9437422814841623
26234,3936,0.9415939816654939
26234,7846,0.9002735786216645
26234,2771,0.8817496179993611
26234,8031,0.895419957000925
26234,4814,0.8844827621459395
26234,290,0.9014023270505527
26234,5788,0.8712841319437913
26234,2752,0.9081275287898349
26234,5093,0.9077721060974807
26234,240,0.8799007111627898
26234,5777,0.8722196855816322
26234,677,0.8997394168218295
26234,64581,0.8694140529394417
26234,10487,0.9513660114839086
26234,9802,0.8706136347537256
26234,9473,0.8779231123464524
26234,57580,0.8754300334662865
26234,271,0.8561324809544418
26234,533,0.874705460142203
26234,4615,0.9050818338421567
26234,8291,0.8887527937146258
26234,604,0.8689327403377894
26234,8826,0.937689936551113
26234,7462,0.8714313023714265
26234,11240,0.9130159180778056
26234,2885,0.89692211366331
26234,140885,0.9186806287138678
26234,7094,0.8679371205166198
26234,54210,0.8721017804140206
26234,1955,0.9496679086143264
26234,6778,0.8528650292601443
26234,5175,0.8789149417687517
26234,54918,0.947084382702058
26234,3927,0.8775443164777615
26234,829,0.9207908442395653
26234,257106,0.8729366185609743
26234,8843,0.8713678337126208
26234,7009,0.8599766861002243
26234,152007,0.8505561841789556
26234,5878,0.8708906152295842
26234,23569,0.8683432644038583
26234,25801,0.9524112867380179
26234,338442,0.8882818619553616
26234,83931,0.9050030343068829
26234,144423,0.9688281473085878
26234,80301,0.9172804624217709
25801,5552,0.8789591371333623
25801,3936,0.8917477255546963
25801,290,0.8656015464124679
25801,240,0.9206816560714052
25801,5777,0.8769161072981597
25801,10487,0.9320993794085389
25801,8291,0.9413975957883188
25801,604,0.8934348277007443
25801,8826,0.8977023720378718
25801,7462,0.8537494677939313
25801,11240,0.9560971380254412
25801,2885,0.857522139798782
25801,140885,0.9115793009981724
25801,306,0.8803078573260136
25801,9750,0.8582219832208692
25801,1955,0.8835425618458851
25801,8972,0.9143353605991816
25801,54918,0.8892930430049153
25801,829,0.9271917363335731
25801,257106,0.8553234746050502
25801,23569,0.8602325203267468
25801,83931,0.8789406178441819
25801,144423,0.9501189997211085
25801,80301,0.9060876047823255
83931,5552,0.8571661943578079
83931,723790,0.8582147617396585
83931,8337,0.8570436935611048
83931,8031,0.9455710624610358
83931,4814,0.907271527338459
83931,2752,0.8530681592380555
83931,5093,0.8638315290037871
83931,5777,0.8503105878360925
83931,10487,0.8641596924119602
83931,57580,0.9152660044104903
83931,1116,0.8919500006434525
83931,271,0.8831737337662586
83931,57153,0.8742738243728981
83931,55196,0.8836415057939345
83931,7462,0.8687810992997541
83931,162466,0.9130827925789815
83931,54210,0.8766174359400555
83931,9750,0.8607224609852625
83931,1955,0.9006446957281179
83931,6778,0.9188033321494118
83931,54918,0.8636265873268473
83931,8338,0.8550047723616502
83931,3927,0.8749963149973561
83931,257106,0.8634863715926716
83931,8843,0.862266507653048
83931,389541,0.891439062123129
83931,338442,0.8998418866558009
83931,144423,0.9443392061470394
83931,80301,0.8762941514248712
144423,5552,0.9323023456408087
144423,3936,0.9039966879749508
144423,723790,0.8556251459634824
144423,8337,0.8549682829621806
144423,7846,0.9050583075820968
144423,2771,0.8666814338088482
144423,2217,0.854385573827409
144423,8031,0.9202135398085582
144423,4814,0.9213849906824615
144423,290,0.9112069428211986
144423,5788,0.854788657630241
144423,2752,0.9107808940224562
144423,5093,0.8897291650632152
144423,240,0.8921999222083228
144423,5777,0.8723159658148071
144423,677,0.8886021420749064
144423,64581,0.8552499200853493
144423,10487,0.9297632765677263
144423,9802,0.8824560771927481
144423,57580,0.8951389367672435
144423,271,0.9051804665207992
144423,533,0.8943024707835444
144423,8291,0.8705766001853649
144423,8826,0.9097808610238172
144423,7462,0.8795498688190156
144423,11240,0.9172897045347619
144423,2885,0.8931517707194674
144423,140885,0.9101751076565765
144423,54210,0.8984602204905365
144423,9750,0.8513435526118006
144423,1955,0.9462802247121783
144423,6778,0.8922217574578721
144423,5175,0.8869518702768301
144423,54918,0.9256716313283792
144423,3927,0.8665194078069
144423,829,0.8639833129105865
144423,8843,0.8669414200847259
144423,5878,0.8683408942628483
144423,23569,0.8631537841595893
144423,338442,0.8941411620791099
144423,80301,0.9059526285566807
80301,7305,0.8909061209673542
80301,5552,0.8843762833376859
80301,3936,0.8830283892806262
80301,11337,0.8794478561277513
80301,10094,0.8731415991566488
80301,2771,0.8968754858365374
80301,2217,0.8772582222620869
80301,4814,0.8725460853375362
80301,290,0.8746319426139997
80301,5093,0.8656686025628421
80301,240,0.873876190614399
80301,5777,0.8948698537434904
80301,10487,0.9047215258220428
80301,9473,0.9006904727164189
80301,533,0.8962165923649398
80301,4615,0.8816157290690816
80301,8291,0.8522977189429618
80301,7462,0.871096836972648
80301,11240,0.8653711980675366
80301,2885,0.8900216293297936
80301,140885,0.880274364617862
80301,53917,0.8954882720335591
80301,5175,0.8619995310086626
80301,54918,0.9072025980764975
80301,10956,0.8809519920897826
80301,829,0.9163600598100607
80301,389541,0.8560293681057766
80301,152007,0.902797049497788
80301,2787,0.8694206634987728
80301,23569,0.8679289468014235
6277,2512,0.912432317278996
6277,2495,0.8535168820125292
6277,7305,0.9340218253691954
6277,6275,0.8959906031906812
6277,23406,0.9475927447196653
6277,199,0.9459565223884888
6277,11337,0.9460457295277419
6277,10094,0.8920638759828302
6277,7086,0.9163184097926375
6277,2771,0.8885867299845522
6277,2217,0.9000184735254044
6277,7439,0.8589845954013815
6277,1052,0.9005906494199851
6277,10095,0.9265265425833873
6277,387,0.8888945195231099
6277,10288,0.8869329984935319
6277,7133,0.8927675940186651
6277,533,0.8703215705227887
6277,5538,0.9239773207666753
6277,1475,0.8509094628550526
6277,112694756,0.9430961866675105
6277,427,0.8707521515114214
6277,5199,0.9194622796577808
6277,10956,0.931193071757088
6277,2280,0.9482796494093433
6277,255809,0.9098915159219195
6277,152007,0.9095170916587488
6277,2787,0.9115518236297825
6277,84106,0.87885472663684
2207,1509,0.8582021707373754
2207,706,0.8967316922098311
2207,10095,0.8603456180117643
2207,3101,0.917776036593835
2207,967,0.9117403621129192
2207,83706,0.8766841998024788
2207,255809,0.867005300711044
2207,7076,0.877716762016744
3689,1509,0.8500197075494602
3689,2268,0.8938446940155143
3689,387,0.8805370419063606
3689,3684,0.8849968360111257
3689,967,0.8739740257845742
3689,83706,0.8661531824411532
3689,375,0.8527936333439619
23406,2512,0.9251427427605352
23406,2495,0.8686471639990877
23406,7305,0.9077473046932202
23406,1520,0.8680637392669756
23406,929,0.8603996733189209
23406,2896,0.8858339251221948
23406,199,0.9529896341326908
23406,2268,0.8561855950912044
23406,11337,0.9569697898389697
23406,10094,0.9052159860044066
23406,7086,0.95832727498654
23406,2771,0.9004364855722058
23406,2217,0.9276133338752864
23406,7439,0.8707427599031851
23406,1052,0.9186160302125889
23406,10095,0.9203204138778484
23406,387,0.9131028423791263
23406,10288,0.9393950523256599
23406,7133,0.9243624134700807
23406,533,0.8856287898631524
23406,5538,0.934727398843089
23406,1475,0.8986748507475192
23406,2885,0.8621074457538922
23406,112694756,0.9407197862891216
23406,427,0.9309816258796653
23406,5175,0.8839309396249724
23406,5199,0.96231655849244
23406,10956,0.9305162060670212
23406,2280,0.9750719976736613
23406,255809,0.9358587082348696
23406,152007,0.8661486778131853
23406,2787,0.8983663948872819
23406,84106,0.9187790282055519
199,2512,0.8883797593857448
199,7305,0.8863189773041013
199,6275,0.8549219369082367
199,929,0.8783372303276247
199,2896,0.8776509031724927
199,2268,0.8629831201434899
199,11337,0.9121195498421941
199,10094,0.8869115643404512
199,7086,0.9065844227802885
199,2217,0.8698674915375868
199,1052,0.8921901273915182
199,10095,0.948897772177639
199,387,0.8937901165204718
199,10288,0.9010216903391897
199,7133,0.8557338456292078
199,5538,0.9121415802250012
199,1475,0.8666821984451873
199,112694756,0.9400639626338658
199,427,0.9040484079849634
199,5199,0.913632470977267
199,10956,0.9079944648654622
199,2280,0.9520310313690937
199,255809,0.9506968599929371
199,152007,0.8585109864636243
199,2787,0.8952270156049017
199,84106,0.9052051791476998
2268,7305,0.9049143414952023
2268,3936,0.9084584814472157
2268,10094,0.880149242026033
2268,7086,0.8840333429352476
2268,2771,0.9019432302645765
2268,1052,0.8909317381045356
2268,5341,0.8570961639106154
2268,387,0.9207328539328664
2268,10288,0.8983005934239116
2268,10487,0.8563865614233938
2268,9473,0.9160023050023194
2268,7133,0.8865159412192791
2268,533,0.8582972809505435
2268,4615,0.9064794904582183
2268,5538,0.8951870253197973
2268,2885,0.8519743687843403
2268,140885,0.8848761407775748
2268,10097,0.8531682586070438
2268,112694756,0.8500274196143057
2268,427,0.9008587245762595
2268,5175,0.8636714463764876
2268,54918,0.8615418604731825
2268,10956,0.9287736508416302
2268,2280,0.8727920325496425
2268,152007,0.939078119236569
2268,2787,0.9033252036499477
2268,5878,0.8534201302186893
7086,2512,0.8873376419553325
7086,2495,0.8753021842013172
7086,7305,0.9076336021572095
7086,1520,0.8722942887976043
7086,11337,0.9277361880752745
7086,10094,0.9004596425901215
7086,2771,0.9273418130063146
7086,2217,0.9418726937256655
7086,7439,0.8723138341001058
7086,79887,0.8518403869579281
7086,1052,0.9373671983299287
7086,10095,0.8762749713582108
7086,387,0.9306394211244218
7086,10288,0.9477843750315513
7086,9473,0.8698470370118757
7086,7133,0.9248409631514604
7086,533,0.9023719600153178
7086,4615,0.8702479709401137
7086,5538,0.9512726256278737
7086,1475,0.8760738725310849
7086,2885,0.8819450945414584
7086,140885,0.8625640981512428
7086,112694756,0.918078371712716
7086,427,0.9399527619696487
7086,5175,0.9180559865262885
7086,54918,0.8549207278060382
7086,5199,0.9243517462128501
7086,10956,0.9251787039160955
7086,2280,0.949087443474421
7086,255809,0.923453366718259
7086,152007,0.8929219690423269
7086,2787,0.9062456232596874
7086,84106,0.899803816789823
10095,2512,0.863062834338101
10095,6275,0.9010770997800722
10095,2597,0.869476060299875
10095,83442,0.88527742958038
10095,1509,0.87725774157933
10095,929,0.8986850383997239
10095,2896,0.9194025146852294
10095,11337,0.867544728525559
10095,387,0.8689328219928613
10095,10288,0.8597979871816018
10095,5538,0.8769200065744397
10095,527,0.8571115984629241
10095,967,0.8670814506091031
10095,112694756,0.9645032352498807
10095,5199,0.9080007314078987
10095,10956,0.8841476987166166
10095,2280,0.9428253530794167
10095,83706,0.9217787445243949
10095,255809,0.9500375921260893
10095,2787,0.8538313411814848
10095,84106,0.9338128994842092
10095,7076,0.8563961082195986
387,7305,0.8715801680498785
387,3936,0.8613253290103553
387,1520,0.8574851226061648
387,11337,0.8680999840896734
387,10094,0.8756856896258837
387,2771,0.9155132402835905
387,2217,0.8646812145708223
387,1052,0.9008087670784133
387,5341,0.8673031829118106
387,10288,0.9313776163909034
387,9473,0.8584239440476432
387,7133,0.9233165812374213
387,533,0.8503593561123123
387,4615,0.8611309971162684
387,5538,0.9312013469982636
387,10376,0.8713770082018454
387,10097,0.8503842874453101
387,112694756,0.8968969904366092
387,427,0.9471367780512487
387,5175,0.8758493997630372
387,5199,0.8865268247262105
387,10956,0.9076424136115692
387,7009,0.8886431103707583
387,2280,0.9278102785730508
387,255809,0.8903535519485137
387,152007,0.8944575318655217
387,2787,0.8824256409275045
387,375,0.861046014945016
387,84106,0.859073241161576
3101,5355,0.8693504437315459
3101,8724,0.8598261690964477
10288,7305,0.8640140026142216
10288,11337,0.8780519230528001
10288,10094,0.8717658803174124
10288,2771,0.8805343647440768
10288,2217,0.8733715669589264
10288,1052,0.8919538348127508
10288,9473,0.8510251039306619
10288,7133,0.8938760619981517
10288,533,0.8513433892032746
10288,4615,0.8888258519503947
10288,5538,0.937948573642026
10288,2885,0.8655076459731494
10288,140885,0.8574237143096939
10288,112694756,0.8876583993921413
10288,427,0.9363087748979311
10288,5175,0.8796436681772866
10288,5199,0.879579332814354
10288,10956,0.8943313568576325
10288,2280,0.939044982832358
10288,255809,0.911442568737207
10288,152007,0.8624193024972131
10288,2787,0.912598735301805
10288,84106,0.8798643248135941
5538,2512,0.8840382258699637
5538,7305,0.8975340820274662
5538,3936,0.8733440454905494
5538,11337,0.912702340939672
5538,10094,0.9099540973814579
5538,2771,0.920206217826717
5538,2217,0.9063317491659211
5538,1052,0.9308715778199794
5538,290,0.8734562344422663
5538,10487,0.8510789137885785
5538,9473,0.8619712830673962
5538,7133,0.8914307411750957
5538,533,0.8731530322754403
5538,4615,0.885918517836215
5538,2885,0.8753112129916851
5538,140885,0.9052626382615006
5538,112694756,0.909817058820768
5538,427,0.9243115902871323
5538,5175,0.9022689677312101
5538,54918,0.8755416185533456
5538,5199,0.8757028046584703
5538,10956,0.9125547033943406
5538,7009,0.8802062245021572
5538,2280,0.950167031591818
5538,255809,0.8995934983333186
5538,152007,0.9142486127616813
5538,2787,0.9285340215176014
967,1509,0.9003814396087324
967,1072,0.877744291979813
967,706,0.8708265560614045
967,112694756,0.8647572710049573
967,83706,0.9067076337380978
967,255809,0.8557190073392653
967,7076,0.8994597318503086
112694756,2512,0.8938198621010929
112694756,7305,0.8840719596971249
112694756,6275,0.8673235765905358
112694756,83442,0.87094848889576
112694756,1509,0.8520343962164236
112694756,929,0.8742148581269981
112694756,2896,0.8955948894648199
112694756,11337,0.9106186355515007
112694756,2771,0.8618775295859935
112694756,2217,0.8605909031555514
112694756,1052,0.8824595155307625
112694756,7133,0.8731584838999318
112694756,427,0.8549570845589196
112694756,5199,0.924992200258596
112694756,10956,0.9310128122159356
112694756,2280,0.9499308249743978
112694756,83706,0.9103536592686621
112694756,255809,0.9466518084156912
112694756,152007,0.8856778121477026
112694756,2787,0.8979596630999132
112694756,84106,0.9447054721599798
10956,2512,0.8932279815558267
10956,7305,0.962014863188755
10956,3936,0.8625204312683514
10956,11337,0.9486196862138028
10956,10094,0.9091617992236991
10956,2771,0.945000248922816
10956,2217,0.9192223863074555
10956,7439,0.8578521620171256
10956,1052,0.9144545119023351
10956,9473,0.9344589412540253
10956,7133,0.9399575042384998
10956,533,0.9084929416138372
10956,4615,0.9057824859261754
10956,10376,0.8618926831706486
10956,2885,0.874314672375993
10956,427,0.8941656327122409
10956,5175,0.8893133192984671
10956,54918,0.8645999344056208
10956,5199,0.8976920006790823
10956,7009,0.862175092127578
10956,2280,0.926060338179833
10956,255809,0.8827722030161695
10956,152007,0.9542717250832716
10956,2787,0.947740647340101
10956,5878,0.8556978439174169
10956,84106,0.8735324933772743
2280,2512,0.9187029838595356
2280,7305,0.896187442814899
2280,6275,0.8602344274025875
2280,4946,0.8636840028534533
2280,929,0.8787625253280945
2280,2896,0.9017904419273902
2280,11337,0.9354474030373489
2280,10094,0.9005045183804458
2280,2771,0.8826971365662309
2280,2217,0.8899351625754492
2280,1052,0.8952067069640526
2280,7133,0.8968334071217322
2280,1475,0.8964134277404907
2280,427,0.9174279899545629
2280,5199,0.9538090476118796
2280,255809,0.9543725886163457
2280,152007,0.8814254875013465
2280,2787,0.9085063117685138
2280,84106,0.9294675850284325
83706,83442,0.8960973173064892
83706,1509,0.885902958101115
83706,1072,0.9197546042648322
83706,7076,0.8674527557157229
255809,2512,0.8511659343777122
255809,2597,0.8611952653842233
255809,1509,0.8657922279220055
255809,929,0.9238582655165355
255809,2896,0.9328704162864735
255809,11337,0.8628980408009819
255809,79887,0.874146543233358
255809,1052,0.868338783621218
255809,1475,0.8930568358561538
255809,527,0.8702378906779632
255809,5355,0.8630674987005432
255809,427,0.8746640872061162
255809,5199,0.9227937248214781
255809,2787,0.8883790539508747
255809,84106,0.9576811509970384
152007,2512,0.8600237359654979
152007,7305,0.955984003025947
152007,5552,0.8594537943804939
152007,3936,0.9150636284444781
152007,11337,0.9133716694681245
152007,10094,0.8940382346904615
152007,2771,0.9512011969162627
152007,2217,0.9012220157618529
152007,1052,0.9039789656296751
152007,290,0.8660583200420616
152007,5093,0.8545477105541873
152007,10487,0.8903390850110312
152007,9473,0.9281542975920579
152007,7133,0.913068607338489
152007,533,0.9049731286564349
152007,4615,0.8921222454141289
152007,10376,0.8607281197647715
152007,140885,0.8769465025460651
152007,7094,0.8608033641311381
152007,10109,0.8796777928756113
152007,427,0.8527687785390273
152007,5175,0.8841730909399406
152007,54918,0.8844222159693551
152007,3927,0.8526599492882084
152007,7009,0.8967906400522604
152007,2787,0.9259580254510644
152007,5878,0.8770353398881493
2787,2512,0.8601168706311684
2787,7305,0.9323780351972691
2787,3936,0.8645737384757415
2787,11337,0.8974075788151087
2787,10094,0.9010030583907337
2787,2771,0.9031437562354622
2787,2217,0.870480767417285
2787,1052,0.903015420472511
2787,9473,0.9061305468975149
2787,7133,0.866782899784976
2787,533,0.8657760992168646
2787,4615,0.9236860579012486
2787,2885,0.8626978530025974
2787,140885,0.876344727333528
2787,427,0.8694711122807361
84106,2512,0.8501919337464487
84106,1509,0.8695703012701629
84106,929,0.9231861775693972
84106,2896,0.9458208741330772
84106,1475,0.8699459577350688
84106,527,0.8906884442332224
84106,5199,0.936143903108807
84106,3162,0.8578537538837341
4550,4549,0.9445636293595634
4550,4577,0.8912429524229091
4550,51094,0.8627564738893806
4549,23770,0.8638464252790188
4549,4577,0.9272667234241263
4549,4558,0.878011334349801
4549,4563,0.9046619671403032
4549,2995,0.8665233294904514
4577,4569,0.9011089335039362
4577,4558,0.9493912557052051
4577,4563,0.9214537706071484
4577,4572,0.863497382836096
4577,4568,0.9156485823606246
64333,5880,0.8666038163269342
64333,57580,0.9357838284384421
64333,57153,0.8771917377528686
64333,7456,0.8945154238859341
64333,11314,0.8637770267375622
64333,51411,0.8765199933628968
64333,3927,0.9028973035642961
64333,257106,0.8708597716739837
64333,23218,0.8828000527835757
64333,5829,0.9182674812009068
57580,8031,0.8681658447862379
57580,5788,0.9082000602416169
57580,10487,0.8644618389728501
57580,57153,0.8863212617700577
57580,8826,0.9005009002678042
57580,55196,0.8618670343705368
57580,7456,0.9308879211180624
57580,90007,0.8547699232581841
57580,51411,0.8573164430458148
57580,10109,0.8680620753930671
57580,1955,0.882903604025948
57580,6778,0.8635122798934141
57580,3927,0.9490096689173821
57580,257106,0.9094150271860602
57580,23218,0.8614578338631848
57580,5829,0.8938709160467317
57580,5878,0.8603982217791144
7456,5788,0.90896219257289
7456,57153,0.9297480001958369
7456,55196,0.895956617621169
7456,23347,0.8615691866419818
7456,9750,0.8877885137885179
7456,257106,0.8740857309113045
2512,7305,0.9046168106446715
2512,4946,0.9341846967100917
2512,11337,0.956446202756264
2512,10094,0.8943977427646567
2512,2771,0.8787680025096759
2512,2217,0.9107022924795873
2512,1052,0.8683708828490847
2512,7133,0.8774664480197781
2512,533,0.8753493669750565
2512,5199,0.9104727343124135
7305,2495,0.8872362520730306
7305,5552,0.8691951449116649
7305,3936,0.8501579361530678
7305,11337,0.9573483059580193
7305,7127,0.8522710567635543
7305,10094,0.9295239143985176
7305,2771,0.9520447156270994
7305,2217,0.9389545565260371
7305,7439,0.8958153070768372
7305,4814,0.8744285652858799
7305,1052,0.9421496045128699
7305,290,0.8550676541924123
7305,64581,0.8548490083668725
7305,9473,0.9302783247568589
7305,7133,0.9221178568693936
7305,533,0.9477694886345586
7305,4615,0.8599626221480963
7305,7462,0.8508488102338537
7305,2885,0.8635562255958177
7305,53917,0.852307002422382
7305,427,0.8638225606775796
7305,5175,0.9025269135199638
7305,54918,0.8787755855676934
7305,5199,0.8671552561866916
7305,5878,0.8888798892259032
4946,4637,0.8550702600671066
4946,11337,0.8889323981679438
11337,2495,0.8864599752044802
11337,7127,0.8683479438485661
11337,10094,0.9268281660880077
11337,2771,0.9403006273886354
11337,2217,0.9616909726477744
11337,7439,0.8997465816025624
11337,4814,0.8626712152770859
11337,1052,0.9169370764932913
11337,5093,0.8610108279702569
11337,64581,0.8546522666800724
11337,9473,0.8823368651820186
11337,7133,0.9391103827146022
11337,533,0.9424678488137725
11337,2885,0.8811834377629293
11337,427,0.8828332432756298
11337,5175,0.908582572502242
11337,54918,0.8644362512340289
11337,5199,0.9247074475390232
11337,7009,0.8512169105940748
10094,5552,0.8645076705593513
10094,3936,0.8548843264273438
10094,2771,0.9175269911255558
10094,2217,0.9272766942762045
10094,7439,0.8634191883663326
10094,1052,0.9125305104361062
10094,290,0.8558441320109496
10094,5093,0.8548068455878567
10094,240,0.8558449559174376
10094,5777,0.8612236917672258
10094,10487,0.8557830102653396
10094,9473,0.8762948132363585
10094,7133,0.8755874858716239
10094,533,0.9313201047285361
10094,4615,0.8685195716903285
10094,7462,0.8774171669801962
10094,2885,0.9393261482743083
10094,140885,0.8847870371100638
10094,427,0.8862466528048943
10094,5175,0.9189152171411038
10094,54918,0.924096040982323
10094,7009,0.8570699431603402
2771,2495,0.899755118071734
2771,5552,0.8985944279720183
2771,3936,0.9214499072513628
2771,7127,0.9057582387223871
2771,7846,0.8537445013408236
2771,2217,0.9566592822865473
2771,7439,0.9057797517029811
2771,4814,0.9160349857933056
2771,1052,0.9408504227267019
2771,290,0.8955885666675936
2771,5341,0.8754228725112547
2771,2752,0.8619697419484945
2771,10875,0.8591718614662532
2771,5093,0.9402762078840639
2771,64581,0.9062664903471033
2771,10487,0.8997848423756749
2771,9802,0.9067246870740602
2771,9473,0.9405728229942931
2771,7133,0.9657759404784562
2771,271,0.8698918500606077
2771,533,0.9595291364518763
2771,4615,0.9023895589113673
2771,10376,0.891499325954746
2771,7462,0.8531611786471077
2771,2885,0.9099691969056452
2771,140885,0.886280996459874
2771,10109,0.8668159668717852
2771,427,0.8959519432497598
2771,1955,0.8916031977936784
2771,5175,0.9557546281789121
2771,54918,0.9343785550526681
2771,5199,0.8511802364706011
2771,3927,0.864577177727103
2771,7009,0.9375179081608481
2771,5878,0.9432083047184432
2217,2495,0.9154515571313002
2217,5552,0.8778866245374972
2217,7127,0.9266761971173619
2217,7439,0.9256402664263185
2217,4814,0.9204749480848384
2217,1052,0.9446361927942131
2217,290,0.8712051353589884
2217,5093,0.9013489667127557
2217,64581,0.9059487838553597
2217,9802,0.8706303238044928
2217,9473,0.8949457836088099
2217,7133,0.9351870250610435
2217,271,0.8617144674673058
2217,533,0.975690333176263
2217,2885,0.9138607721265865
2217,140885,0.8596973008463681
2217,427,0.9018263511686577
2217,1955,0.8594067041531669
2217,5175,0.9565204419961489
2217,54918,0.9187173196263009
2217,5199,0.8784535267114741
2217,7009,0.8831050482476227
2217,5878,0.8885403810281806
2217,338442,0.8511932244306475
1052,2495,0.9138162841199082
1052,3936,0.8532859530682485
1052,7439,0.9070929524821949
1052,4814,0.8589029777912336
1052,290,0.8596551945478988
1052,64581,0.8555453502571571
1052,9802,0.8832622546891206
1052,9473,0.8930819544804831
1052,7133,0.9038672620358434
1052,533,0.9305637956975223
1052,2885,0.8807304666918798
1052,140885,0.8909002166155121
1052,427,0.9059758792036421
1052,5175,0.9258502881152542
1052,54918,0.884583754718259
1052,5199,0.8657143190578781
1052,5878,0.8846184025920231
7133,2495,0.8940540178661779
7133,5552,0.8528187299471236
7133,3936,0.8570778605208326
7133,1520,0.8975385653864785
7133,7127,0.9055209140200416
7133,7439,0.9023907617243923
7133,4814,0.8608971266844644
7133,5341,0.8868440186142064
7133,10875,0.907436134820229
7133,5093,0.9034108099076238
7133,64581,0.9009485300568865
7133,9802,0.8509412884193551
7133,9473,0.9216774084144481
7133,533,0.9259611556754656
7133,4615,0.8807671525120474
7133,10376,0.9030655364594792
7133,2885,0.8659986573745331
7133,427,0.921573141102696
7133,5175,0.9258348719666629
7133,54918,0.8880656684549313
7133,5199,0.902526067967495
7133,7009,0.9071210655255406
7133,5878,0.8945305154341089
7133,4082,0.8619398901869361
533,2495,0.92267304025166
533,5552,0.9225793106288009
533,3936,0.8650081319492012
533,7127,0.9345018986143899
533,7846,0.8816925387637364
533,7439,0.9363946308728497
533,8031,0.8611014847714846
533,4814,0.9496972334434624
533,290,0.8791543424745374
533,5341,0.8584618676577123
533,2752,0.8921523953452218
533,5093,0.9128967261084157
533,677,0.8507787844027995
533,64581,0.933768432512699
533,10487,0.8559049480081391
533,9802,0.9037612470500402
533,9473,0.9222167560410663
533,271,0.9101904407147408
533,4615,0.8593883613627002
533,7462,0.8771786785688472
533,2885,0.9251965639432741
533,140885,0.865257040413933
533,53917,0.8580327865876856
533,54210,0.892385314081856
533,427,0.8722739031935195
533,1955,0.8840259957822326
533,5175,0.9545653082582839
533,54918,0.9372528710100471
533,8843,0.8793371802122489
533,7009,0.8764957562567017
533,389541,0.8553043216743457
533,5878,0.9197521725749132
533,338442,0.8870446717841136
5199,6275,0.8771623123877493
5199,1520,0.8973295537070097
5199,929,0.911414831542608
5199,2896,0.9375023505336234
5199,1475,0.9404309864502846
5199,527,0.8752275823021533
5199,427,0.8921981847179588
3105,3136,0.9562975381058565
3514,3507,0.9233893211133697
3514,28950,0.9907408474619843
3514,28477,0.9613156327639336
3514,28476,0.9668166866408104
3514,3538,0.9550457599395497
3514,973,0.9085435628431129
3514,28947,0.9943667131536308
3514,3539,0.952128066242083
3514,3495,0.8654340336088098
3514,3493,0.8555785555963727
3514,28832,0.9635170100924237
3514,28949,0.9946902333692242
3514,28475,0.9369255186346348
3514,100616259,0.8600444822397527
3514,931,0.8987351737823402
3514,951,0.9027367002977195
3514,28831,0.9469836644190598
3514,28479,0.9161676855800361
3514,28946,0.9897122548744363
3514,28948,0.9879711721247859
3514,283663,0.8866747977371721
3514,28478,0.9025267662434169
3514,3537,0.9496900824231352
3514,974,0.9164658649669676
3514,28912,0.9846480541232372
3514,28833,0.9606160963494342
3514,3500,0.8858390767185631
3514,933,0.9201413276628357
3514,28442,0.9448027363832597
3514,28439,0.9078982728898471
3514,3501,0.9154422582556753
3514,28815,0.9738684310995054
3514,100616422,0.8690323395927958
3514,3494,0.8732363939802461
3514,28483,0.9352569826594462
3514,28914,0.9882720546962914
3514,102466889,0.9016457590788504
3514,100847070,0.9151254965301371
3514,28299,0.9816176119509825
3514,28434,0.9353599476296194
3514,3117,0.8958538597682804
3514,115650,0.8693459398907264
3514,28913,0.9840078150652357
3514,28908,0.9862290808537056
3514,28388,0.9313629689996495
3514,115350,0.8778878584800642
3514,28481,0.9501804836517411
3514,199786,0.8940041818421371
3514,2208,0.8842423121965506
3514,28444,0.9375628890602786
3514,930,0.8856400421448947
3514,102723169,0.8999484583337952
3514,28394,0.8622590761402765
3514,28474,0.900626427329112
3514,28813,0.9672269751406386
3514,640,0.865431971858542
3514,28468,0.9299942206689554
3514,100616276,0.8750405984174152
3514,28392,0.9150274292380054
3514,3512,0.9023075433979181
3514,28816,0.9551291628606575
3514,28452,0.9544946671521964
3514,28395,0.867967094025531
3514,28930,0.9753057183706346
3514,55024,0.9278577508352951
3514,28825,0.962589309720641
3514,3112,0.9021322302117848
3514,28796,0.9353934458427857
3507,972,0.8594207576809093
3507,28950,0.9503201297480753
3507,28477,0.9824626916380403
3507,28476,0.9807623299959829
3507,3538,0.9061448896122898
3507,973,0.9906063452126963
3507,28947,0.9303564227105471
3507,3539,0.8755198122239419
3507,3495,0.9799789700585165
3507,28832,0.954528649673403
3507,28949,0.9328874225803507
3507,28475,0.9827743918718953
3507,100616259,0.928010809614082
3507,931,0.9619925747442111
3507,951,0.9724359871001094
3507,28831,0.9255247022698369
3507,28479,0.9763171122277383
3507,28946,0.9401183449053333
3507,28948,0.9474356619453438
3507,283663,0.9549381919741599
3507,28478,0.9759331618886709
3507,3537,0.8503289144137989
3507,974,0.9846862225729124
3507,28912,0.9594937504771787
3507,28833,0.8711161532958389
3507,933,0.9810238604531477
3507,28442,0.9348033419708238
3507,28439,0.9315988671377861
3507,28815,0.9357697480533005
3507,100616374,0.9434800224970453
3507,100616422,0.9503562635236569
3507,28483,0.9323702253031266
3507,28914,0.9513061486254543
3507,100847070,0.980581687711252
3507,28299,0.9272913884891415
3507,28434,0.9713343276034229
3507,3117,0.8776559092591588
3507,115650,0.9431995608541256
3507,3394,0.8751940706728695
3507,28913,0.9582305720682853
3507,5026,0.9314681559653961
3507,28908,0.9114138927984479
3507,28388,0.9182122227461457
3507,8115,0.9552668140847749
3507,115350,0.9698836313393409
3507,28481,0.9660015839990905
3507,199786,0.9853947729099629
3507,2208,0.9825697773453809
3507,28444,0.9811947547813669
3507,930,0.9807296365394064
3507,102723169,0.9626639046838985
3507,28394,0.9276650806020145
3507,28474,0.9134546047336424
3507,28813,0.944767843547237
3507,640,0.9039454110430798
3507,28468,0.9700365645654616
3507,100616276,0.949547808709544
3507,28392,0.9803367767350261
3507,28485,0.9583406451111488
3507,28816,0.8583457359237191
3507,28452,0.9664587413211612
3507,28395,0.9608052625448285
3507,28930,0.9211915094475993
3507,55024,0.950251115395602
3507,28825,0.947868851059253
3507,3112,0.9603093460454658
3507,28796,0.8679213896997536
28950,28477,0.9755657287255334
28950,28476,0.9784105195460301
28950,3538,0.9467801237196461
28950,973,0.9419860003411022
28950,28947,0.9890972225392103
28950,3539,0.9431710614373722
28950,3495,0.9022191254885765
28950,28832,0.965553083847763
28950,28949,0.9929386882243417
28950,28475,0.9599940747783245
28950,100616259,0.8928381207344375
28950,931,0.9303988406073663
28950,951,0.9271530676764264
28950,28831,0.9447587003236543
28950,28479,0.9458149224642626
28950,28946,0.9886755755551179
28950,28948,0.9915438568159101
28950,283663,0.8999378854355875
28950,28478,0.939772509042125
28950,3537,0.9339101428189605
28950,974,0.9490409886593795
28950,28912,0.9928449036276576
28950,28833,0.9511199738711481
28950,3500,0.851489674213939
28950,933,0.9454093768719427
28950,28442,0.9465227974994104
28950,28439,0.9363830766246005
28950,3501,0.8769548550631194
28950,28815,0.9787946009666919
28950,100616374,0.8882116291862278
28950,100616422,0.8982635794132491
28950,28483,0.9446697400438916
28950,28914,0.9897812670200448
28950,102466889,0.8904619140205742
28950,100847070,0.9415324562122539
28950,28299,0.9892889893935882
28950,28434,0.9615493406584841
28950,3117,0.9071539868328525
28950,115650,0.9033546661048744
28950,28913,0.990188673068279
28950,5026,0.8523207816137519
28950,28908,0.9761594621925018
28950,28388,0.9341266960221423
28950,8115,0.8868351290345872
28950,115350,0.9191780246123171
28950,28481,0.9679788612166148
28950,199786,0.9246085855527316
28950,2208,0.9177427187550111
28950,28444,0.9562762019399766
28950,930,0.9213840897879481
28950,102723169,0.9224290082490414
28950,28394,0.8751787051744266
28950,28474,0.9334627740874724
28950,28813,0.9694714838655095
28950,640,0.890006384921741
28950,28468,0.9540725589210266
28950,100616276,0.9054500268225798
28950,28392,0.9372729752450697
28950,3512,0.8639398853424801
28950,28485,0.8718801686696027
28950,28816,0.9447157037651327
28950,28452,0.9668674391177013
28950,28395,0.9056916062586544
28950,28930,0.9801138870234946
28950,55024,0.9512060640801626
28950,28825,0.972700219588296
28950,3112,0.9430637866837837
28950,28796,0.9287381060124051
28477,972,0.8537506845805781
28477,28476,0.9971074311867976
28477,3538,0.947080618402026
28477,973,0.971478407770718
28477,28947,0.9623795377789115
28477,3539,0.9266993618588724
28477,3495,0.9617524771925539
28477,28832,0.9730371414084759
28477,28949,0.9672095370228629
28477,28475,0.98307334044182
28477,100616259,0.9209030891423542
28477,931,0.9549230003320439
28477,951,0.9627987143641423
28477,28831,0.9616757643944717
28477,28479,0.9777597242423303
28477,28946,0.970597855790002
28477,28948,0.9688790692595672
28477,283663,0.9424152857519257
28477,28478,0.966960502163043
28477,3537,0.9070733896351969
28477,974,0.9657635836853293
28477,28912,0.9773465880389471
28477,28833,0.9244773827753087
28477,933,0.9748387831292232
28477,28442,0.9550908837237552
28477,28439,0.9477987746282238
28477,28815,0.9527284816372699
28477,100616374,0.9187499468974558
28477,100616422,0.9347261121755006
28477,28483,0.9345790141257406
28477,28914,0.9762712627830602
28477,100847070,0.9701898127091906
28477,28299,0.9633743181313488
28477,28434,0.9819733603467647
28477,3117,0.8956087484808645
28477,115650,0.9344121303546956
28477,3394,0.8636650096230786
28477,28913,0.9753125094810255
28477,5026,0.9143127925368786
28477,28908,0.9464553554617884
28477,28388,0.9506402814263594
28477,8115,0.9262475587204203
28477,115350,0.9520711144532366
28477,28481,0.9811917517194506
28477,199786,0.9656949904858171
28477,2208,0.9625442014205777
28477,28444,0.9895057625595317
28477,930,0.961190897292313
28477,102723169,0.9613733962993152
28477,28394,0.9017051719305512
28477,28474,0.9203520076028966
28477,28813,0.9745222681366708
28477,640,0.9159054315513967
28477,28468,0.9748010706505698
28477,100616276,0.9327838938075984
28477,28392,0.97408941295298
28477,28485,0.9353291214653348
28477,28816,0.9230569444902872
28477,28452,0.9783480412381009
28477,28395,0.9390437085570117
28477,28930,0.9500241489278934
28477,55024,0.9578320173278384
28477,28825,0.9709738734843901
28477,3112,0.9507854374881375
28477,28796,0.897200340792371
28476,972,0.8567025331141908
28476,3538,0.9484204502756491
28476,973,0.9712104906864292
28476,28947,0.9696155069829024
28476,3539,0.9302334324310064
28476,3495,0.9553102590186751
28476,28832,0.9756114874514142
28476,28949,0.9720042528522179
28476,28475,0.9871508406703089
28476,100616259,0.9290000588209022
28476,931,0.9570306586350487
28476,951,0.9650536706547888
28476,28831,0.9605858890870538
28476,28479,0.9720090425014931
28476,28946,0.9760804110033591
28476,28948,0.9759037610724376
28476,283663,0.9486290730711547
28476,28478,0.9700302377310172
28476,3537,0.9081140970161876
28476,974,0.9668487395350213
28476,28912,0.980465391327685
28476,28833,0.9254093003117863
28476,933,0.9794606155628952
28476,28442,0.9617644048548979
28476,28439,0.9437013867238184
28476,28815,0.9580771682175299
28476,100616374,0.9220966904081748
28476,100616422,0.9369296820434821
28476,28483,0.9458560131540684
28476,28914,0.9824582804550387
28476,102466889,0.8680231868561928
28476,100847070,0.9756518113992128
28476,28299,0.9654291143541888
28476,28434,0.9768439786755001
28476,3117,0.9004636345055937
28476,115650,0.9406315935888989
28476,3394,0.8629716275649256
28476,28913,0.9805704877066029
28476,5026,0.9123222567916097
28476,28908,0.9546728359975473
28476,28388,0.9481293179536994
28476,8115,0.9172414251295962
28476,115350,0.952209417862776
28476,28481,0.9803846417932985
28476,199786,0.9675832726487603
28476,2208,0.9613309401323936
28476,28444,0.9872073525812392
28476,930,0.9623998023956604
28476,102723169,0.9555538063379616
28476,28394,0.9018796869947052
28476,28474,0.9255245464466072
28476,28813,0.9743601673357665
28476,640,0.9228336843600238
28476,28468,0.9730542413449875
28476,100616276,0.938366653674362
28476,28392,0.9709825357340426
28476,28485,0.9296496550989113
28476,28816,0.9285258238685571
28476,28452,0.9818121771632469
28476,28395,0.9318998177135407
28476,28930,0.9540642264016965
28476,55024,0.963676088654789
28476,28825,0.9717448320620327
28476,3112,0.9477480778162684
28476,28796,0.9025317450780466
3538,973,0.9073203687373268
3538,28947,0.9537052631882876
3538,3539,0.982081853116979
3538,3495,0.8601105275665216
3538,3493,0.856498047771056
3538,28832,0.980560079277441
3538,28949,0.9648920239993461
3538,28475,0.9394313234465727
3538,100616259,0.8616719434746455
3538,931,0.8791048911566437
3538,951,0.8841462064856638
3538,28831,0.9929093450823939
3538,28479,0.8993446440512162
3538,28946,0.9448920549709763
3538,28948,0.9410145179167553
3538,283663,0.8566983098051454
3538,28478,0.8880509988378398
3538,3537,0.9524429649261853
3538,974,0.9109085271171451
3538,28912,0.941904882868219
3538,28833,0.9431881415404958
3538,3500,0.9112407818498396
3538,933,0.8969124661423603
3538,28442,0.9391999077601402
3538,28439,0.9020940329469165
3538,3501,0.8836662935750492
3538,28815,0.9392589253595853
3538,100616374,0.8678464865839185
3538,100616422,0.8532555246127406
3538,28483,0.9103539298228798
3538,28914,0.9357849698775444
3538,102466889,0.8515317738607457
3538,100847070,0.8958198680465391
3538,28299,0.9200901866311865
3538,28434,0.921371779710738
3538,115650,0.859003717932441
3538,28913,0.9365254585886498
3538,28908,0.9528957775413225
3538,28388,0.95820451489588
3538,28481,0.9270048926615275
3538,3502,0.883029499265703
3538,199786,0.8794731175381133
3538,2208,0.8752440537718812
3538,28444,0.9292326914506338
3538,930,0.8833756590008222
3538,102723169,0.8706765412022355
3538,28474,0.869068535654199
3538,28813,0.9771853151587274
3538,640,0.860454606905058
3538,28468,0.90994919977011
3538,100616276,0.8686171914053439
3538,28392,0.9004069826453313
3538,3512,0.8899428078729426
3538,28485,0.8508766144093857
3538,28816,0.9676009218191974
3538,28452,0.9357899972816882
3538,28395,0.8735427732844854
3538,28930,0.9523065633101256
3538,55024,0.9039790172153871
3538,28825,0.9757869970562045
3538,3112,0.8741798202715112
3538,28796,0.9210453750804751
973,972,0.8618977635581783
973,28947,0.9189952400527797
973,3539,0.8737523595093868
973,3495,0.9704820503222095
973,28832,0.9507904050326489
973,28949,0.92319957595989
973,28475,0.9855017516606062
973,100616259,0.9470118698817613
973,931,0.9756050742922759
973,951,0.9689682474398001
973,28831,0.9265870289021856
973,28479,0.974028961161951
973,28946,0.9310953856969938
973,28948,0.9363401633401004
973,283663,0.9511894521562876
973,28478,0.9800151202342862
973,3537,0.8511845014298497
973,974,0.9847502834349854
973,28912,0.9481461265677379
973,28833,0.8681985398537074
973,933,0.9802688414008984
973,28442,0.9174767478303337
973,28439,0.9399378623698879
973,28815,0.9287237662816303
973,100616374,0.9431975210331163
973,100616422,0.9318417058722754
973,28483,0.9352247272455734
973,28914,0.94025733550514
973,100847070,0.9837608295829179
973,28299,0.9139203514218427
973,28434,0.9722921724061648
973,3117,0.87296281000778
973,115650,0.9589887058145643
973,3394,0.8899145186218158
973,28913,0.950908395729053
973,5026,0.9379726610668206
973,28908,0.9026648801661493
973,28388,0.9181086673190341
973,8115,0.9458052801535964
973,115350,0.975209942547078
973,28481,0.9566611509394937
973,199786,0.9829795034837995
973,2208,0.9808151039262899
973,28444,0.9684588643655835
973,930,0.9915072139109804
973,102723169,0.940986183273426
973,28394,0.9105086472159806
973,28474,0.9107363700131473
973,28813,0.9462297548010266
973,640,0.9267433192472887
973,28468,0.9601642895486246
973,100616276,0.9394270329851011
973,28392,0.9764917511543387
973,28485,0.9430639276508028
973,28816,0.865480745479609
973,28452,0.9493365706392809
973,28395,0.9580781518364383
973,28930,0.9143910503440509
973,55024,0.9658139395520178
973,28825,0.9568772384189461
973,3112,0.9643504716663959
973,28796,0.8537256918536992
28947,3539,0.9506025076039744
28947,3495,0.8707359626025309
28947,3493,0.8502262288247969
28947,28832,0.9672888808484212
28947,28949,0.9942126688351909
28947,28475,0.9475456940390343
28947,100616259,0.8796597161361175
28947,931,0.913209711110167
28947,951,0.9126345097013457
28947,28831,0.9476154971937282
28947,28479,0.921639629537418
28947,28946,0.994079908919482
28947,28948,0.9944224820274792
28947,283663,0.8921454664677827
28947,28478,0.9190032778851364
28947,3537,0.9409761557668224
28947,974,0.9304258776620878
28947,28912,0.98864508907217
28947,28833,0.9486963558967224
28947,3500,0.8853306092729896
28947,933,0.9329336111064513
28947,28442,0.9562449059684387
28947,28439,0.9110175507372154
28947,3501,0.9139435410208389
28947,28815,0.9723237159107178
28947,100616374,0.8646329563072853
28947,100616422,0.8852805786972558
28947,3494,0.8588944611470475
28947,28483,0.9422889154796706
28947,28914,0.9899613794881079
28947,102466889,0.9170237793209501
28947,100847070,0.9279143233534923
28947,28299,0.9764706457390723
28947,28434,0.9369905739274054
28947,3117,0.8900216832322927
28947,115650,0.8841045428592088
28947,28913,0.9886311382323181
28947,28908,0.990645335189675
28947,28388,0.9379219996948146
28947,115350,0.8851593039701721
28947,28481,0.9580221028279738
28947,199786,0.9077407185974227
28947,2208,0.8916187393638875
28947,28444,0.9402132346220189
28947,930,0.8982035302097897
28947,102723169,0.9110638713423751
28947,28394,0.8722712818747856
28947,28474,0.9072099549647075
28947,28813,0.9683229953926025
28947,640,0.8739574318060591
28947,28468,0.9307371553290195
28947,100616276,0.8927548426194047
28947,28392,0.9135489411972965
28947,3512,0.8968431747501534
28947,28485,0.8593723035788018
28947,28816,0.9551423853096354
28947,28452,0.9645394090702165
28947,28395,0.8749485619945249
28947,28930,0.9703028739165931
28947,55024,0.9429849813345438
28947,28825,0.9625214039621145
28947,3112,0.9101297113393969
28947,102465871,0.8722059733848277
28947,28796,0.9313777938581743
3539,3493,0.8935324750145736
3539,28832,0.9623583859322082
3539,28949,0.9622842949565454
3539,28475,0.9172758620437858
3539,28831,0.9735200883227955
3539,28479,0.8834290538021419
3539,28946,0.9383739987041371
3539,28948,0.9403048947504666
3539,28478,0.870770125094774
3539,3537,0.9593958226559269
3539,974,0.8949312091035752
3539,28912,0.9342866310466837
3539,28833,0.9555097765968151
3539,3500,0.9077292328093527
3539,933,0.8707638686472587
3539,28442,0.9234223907431236
3539,28439,0.8841324474310092
3539,3501,0.9044281354509753
3539,28815,0.9453113049239225
3539,28483,0.8997611108055285
3539,28914,0.9281524932730537
3539,102466889,0.8527315535728166
3539,100847070,0.8668357415929491
3539,28299,0.9210129629353601
3539,28434,0.9004110422029853
3539,28913,0.9216252222774227
3539,28908,0.9496177890622748
3539,28388,0.9501250807338704
3539,28481,0.9179441077755168
3539,3502,0.8751428651383762
3539,28444,0.9043424105286941
3539,930,0.8507990185562789
3539,28474,0.8797096621830133
3539,28813,0.9592795960732663
3539,28468,0.8900468364824857
3539,28392,0.8744608969305218
3539,3512,0.9185631054194583
3539,28816,0.9724325017015389
3539,28452,0.9166033732310396
3539,28930,0.9582906847165615
3539,55024,0.8809600165374144
3539,28825,0.9630489343081943
3539,28796,0.9410843766042376
3495,28832,0.910949844588958
3495,28949,0.8805789165781263
3495,28475,0.961880714976567
3495,100616259,0.9230770221874355
3495,931,0.945969908767616
3495,951,0.9667230394017539
3495,28831,0.8933671203037606
3495,28479,0.9742068705638786
3495,28946,0.8856692986855512
3495,28948,0.8908381046757661
3495,283663,0.9468460687564962
3495,28478,0.9634996579407568
3495,974,0.952941103026688
3495,28912,0.9111654835300208
3495,933,0.9664120653225282
3495,28442,0.8867292261633669
3495,28439,0.921889983793965
3495,28815,0.8779867215994062
3495,100616374,0.947028086862306
3495,100616422,0.9562034675044204
3495,28483,0.8764218821774226
3495,28914,0.9055141311144407
3495,100847070,0.9642064238235313
3495,28299,0.8878804056983418
3495,28434,0.9586360886596694
3495,115650,0.9418424170906715
3495,3394,0.8710702915235098
3495,28913,0.9083273047235698
3495,5026,0.9381597342634365
3495,28388,0.8862798150250516
3495,8115,0.9741190262722308
3495,115350,0.9730456145031277
3495,28481,0.9456405616228227
3495,199786,0.9787855849388074
3495,2208,0.986260649546395
3495,28444,0.9664045524054038
3495,930,0.9738028853698183
3495,102723169,0.9481031241297997
3495,28394,0.8793537112242267
3495,28474,0.8929450557243667
3495,28813,0.9067181738555893
3495,640,0.8927770270629
3495,28468,0.9464533931244389
3495,100616276,0.9489979895850529
3495,28392,0.970590829568843
3495,28485,0.9574891977851308
3495,28452,0.9420060128700409
3495,28395,0.954932144184141
3495,28930,0.8741135475597958
3495,55024,0.9151355226599313
3495,28825,0.9078829428076259
3495,3112,0.9448502066137126
3493,3537,0.8813647486191208
3493,28833,0.8613226219770108
3493,3500,0.9080442376705014
3493,3501,0.9589087425789198
3493,3494,0.9475312737578743
3493,28908,0.8528142827208455
3493,3512,0.9278601079965916
3493,28816,0.9092393474397418
28832,28949,0.9693960489937905
28832,28475,0.971587737993919
28832,100616259,0.901953139235748
28832,931,0.927926358394934
28832,951,0.9245526233719598
28832,28831,0.9852355318494602
28832,28479,0.9374889025720551
28832,28946,0.964098967202272
28832,28948,0.9671522255194234
28832,283663,0.9106875754451935
28832,28478,0.9356006317206411
28832,3537,0.9268211118098552
28832,974,0.956275489375655
28832,28912,0.965318613123732
28832,28833,0.9285007845777418
28832,3500,0.8534095635693443
28832,933,0.9438827383673082
28832,28442,0.9585014492968896
28832,28439,0.917691780783109
28832,3501,0.8542124937910739
28832,28815,0.965275903779308
28832,100616374,0.8950279114117428
28832,100616422,0.9048403468800219
28832,28483,0.9426820386267543
28832,28914,0.9585934692269175
28832,102466889,0.8635155654852791
28832,100847070,0.9425660998778745
28832,28299,0.9386903987385855
28832,28434,0.9478745038117217
28832,3117,0.8601719288191262
28832,115650,0.9054211295521283
28832,28913,0.963707319631358
28832,5026,0.8889383239749992
28832,28908,0.9581397313367681
28832,28388,0.9462795225726185
28832,8115,0.8641560691935427
28832,115350,0.9010178967073659
28832,28481,0.9556607056450541
28832,199786,0.9338681140589385
28832,2208,0.9240668016233426
28832,28444,0.9658712618916234
28832,930,0.9340033078027494
28832,102723169,0.919789553460672
28832,28394,0.8924142182600511
28832,28474,0.888063890982288
28832,28813,0.989657173307008
28832,640,0.8912427315856805
28832,28468,0.9531633504856701
28832,100616276,0.9131145708996324
28832,28392,0.943790897113876
28832,3512,0.8594297455782275
28832,28485,0.9073849263108047
28832,28816,0.9449327270909939
28832,28452,0.9636043996000282
28832,28395,0.9088256374871645
28832,28930,0.9581467456064484
28832,55024,0.9396363185597124
28832,28825,0.9794579729282213
28832,3112,0.9140748810261328
28832,28796,0.9123177844470518
28949,28475,0.951286553012018
28949,100616259,0.8755106650068188
28949,931,0.9087033238712711
28949,951,0.9113938665961032
28949,28831,0.9588282506924563
28949,28479,0.9301861604634937
28949,28946,0.9877739957301712
28949,28948,0.9884704942052098
28949,283663,0.8841861200031925
28949,28478,0.9171821442565506
28949,3537,0.9537957494750725
28949,974,0.9342008583202918
28949,28912,0.9894714922921426
28949,28833,0.9618627346034995
28949,3500,0.8882170287934789
28949,933,0.928186634330922
28949,28442,0.9531179106919885
28949,28439,0.9239753434257935
28949,3501,0.9048549930256533
28949,28815,0.9749414944137773
28949,100616374,0.881788972658105
28949,100616422,0.8867877103509273
28949,28483,0.93505401620982
28949,28914,0.9867074154355571
28949,102466889,0.8885680103926126
28949,100847070,0.9243603663114338
28949,28299,0.9819484004796624
28949,28434,0.9489843578542845
28949,3117,0.8838276322294898
28949,115650,0.8816745973337383
28949,28913,0.9847865347297375
28949,28908,0.986277525252182
28949,28388,0.9486907961493892
28949,8115,0.8556414142699926
28949,115350,0.8901205439610932
28949,28481,0.9603317454216221
28949,199786,0.9070064542338742
28949,2208,0.8968745450470205
28949,28444,0.9461613862255153
28949,930,0.8989426687875507
28949,102723169,0.9081928522072654
28949,28394,0.8635045020083574
28949,28474,0.9196066628879097
28949,28813,0.9718999363366047
28949,640,0.867630087133057
28949,28468,0.9367350362398965
28949,100616276,0.8947373653910621
28949,28392,0.9209775152824443
28949,3512,0.9015600683456906
28949,28485,0.8534550150105146
28949,28816,0.9602072086398212
28949,28452,0.96370996650238
28949,28395,0.8877653674607057
28949,28930,0.981673284732168
28949,55024,0.9342425573534311
28949,28825,0.9735924007307292
28949,3112,0.9156607157101274
28949,28796,0.9439545009279874
28475,972,0.8551323698952681
28475,100616259,0.9483876954334519
28475,931,0.9671089679631153
28475,951,0.966926430050171
28475,28831,0.9532239333385423
28475,28479,0.9723752123631136
28475,28946,0.9531556149499807
28475,28948,0.9584306849091679
28475,283663,0.9472964647068743
28475,28478,0.9825694200452451
28475,3537,0.8832409405400306
28475,974,0.9800947091419306
28475,28912,0.9641230739110385
28475,28833,0.898378606475057
28475,933,0.9861380242398148
28475,28442,0.9495493518356668
28475,28439,0.9382034019091618
28475,28815,0.9466258306454359
28475,100616374,0.947343032215389
28475,100616422,0.948855173811872
28475,28483,0.9482732436734069
28475,28914,0.9609629020707562
28475,100847070,0.984503119612007
28475,28299,0.9364930123527375
28475,28434,0.9695562096648351
28475,3117,0.879971063355036
28475,115650,0.9542580234081498
28475,3394,0.8837069606666452
28475,28913,0.9616688800089086
28475,5026,0.9299378331596967
28475,28908,0.9302531024909004
28475,28388,0.9444789247930094
28475,8115,0.9305263654662124
28475,115350,0.9637481498410074
28475,28481,0.9737094533177811
28475,199786,0.9766712621669328
28475,2208,0.9758278133220888
28475,28444,0.9769292933516267
28475,930,0.9807460958271859
28475,102723169,0.949864610645709
28475,28394,0.9010365376310917
28475,28474,0.9275186877644445
28475,28813,0.9638673017770633
28475,640,0.9287815353889051
28475,28468,0.9653130087689968
28475,100616276,0.9559141227319441
28475,28392,0.9718319860975093
28475,28485,0.9378574216890254
28475,28816,0.9086691615733331
28475,28452,0.9715513814402643
28475,28395,0.9548571066350607
28475,28930,0.9362059880759291
28475,55024,0.9698036867706104
28475,28825,0.9710285743702411
28475,3112,0.9566585840305925
28475,28796,0.8869781476590836
100616259,931,0.9509789129932377
100616259,951,0.9436699656318789
100616259,28831,0.8809679107817705
100616259,28479,0.934263317527874
100616259,28946,0.8873889374940047
100616259,28948,0.8962146838862
100616259,283663,0.9344383718836206
100616259,28478,0.9619507098159974
100616259,974,0.9264111935652575
100616259,28912,0.9066637749914981
100616259,933,0.9668530709795354
100616259,28442,0.8650721271029536
100616259,28439,0.8661985737374255
100616259,28815,0.8678859773202698
100616259,100616374,0.9116248373590922
100616259,100616422,0.9178936291385706
100616259,28483,0.9165145923889237
100616259,28914,0.8928246045336848
100616259,100847070,0.9696093179934556
100616259,28299,0.8654379249821819
100616259,28434,0.9037704606285166
100616259,3117,0.8541634120102922
100616259,115650,0.9912117424961293
100616259,3394,0.8865427064872747
100616259,28913,0.9132835203202206
100616259,5026,0.958752522657829
100616259,28908,0.8543422765521614
100616259,28388,0.8783928113021098
100616259,8115,0.8932038378008494
100616259,115350,0.9508301082347118
100616259,28481,0.9249660125230229
100616259,199786,0.9632139791091332
100616259,2208,0.9396232412638147
100616259,28444,0.9115925960245375
100616259,930,0.9621115181962263
100616259,102723169,0.896128341362967
100616259,28394,0.888140973315515
100616259,28474,0.8608096258545858
100616259,28813,0.9033415021842174
100616259,640,0.9479967297386271
100616259,28468,0.9007497310675939
100616259,100616276,0.9383338089788766
100616259,28392,0.9169672741814001
100616259,28485,0.8987897465827565
100616259,28452,0.922990082766224
100616259,28395,0.8757866989729233
100616259,55024,0.9590677380593106
100616259,28825,0.8975515289568913
100616259,3112,0.9260569843406732
931,972,0.8609955204282613
931,951,0.9554562927456014
931,28831,0.898840995540217
931,28479,0.947767747374327
931,28946,0.9312601447177207
931,28948,0.9307571214439224
931,283663,0.961671424937468
931,28478,0.9649535119467944
931,974,0.9529157807774252
931,28912,0.9307923235865606
931,28833,0.8528726059269809
931,933,0.977913031132808
931,28442,0.8968445736772569
931,28439,0.9298307001811303
931,28815,0.9144426848331345
931,100616374,0.8965536955423015
931,100616422,0.9043691943036941
931,28483,0.9084521470672857
931,28914,0.9352161150879327
931,100847070,0.9817005356534876
931,28299,0.9090651421345552
931,28434,0.948900267219075
931,3117,0.8884812895054697
931,115650,0.9587051780651032
931,3394,0.9004457005346465
931,28913,0.9388334637346083
931,5026,0.9273886913355617
931,28908,0.8953795857472171
931,28388,0.8860881337969206
931,8115,0.9167270589808573
931,115350,0.9721275554531916
931,28481,0.9318003011387417
931,199786,0.9696252804154721
931,2208,0.9694887747145081
931,28444,0.9515837227778245
931,930,0.9795609306392784
931,102723169,0.9283597365651237
931,28394,0.865129919169946
931,28474,0.8688705538721377
931,28813,0.9290213148509257
931,640,0.9322604138928854
931,28468,0.9479887774047184
931,100616276,0.9116878345590015
931,28392,0.9426685772124502
931,28485,0.9239636591355924
931,28816,0.8568996304487868
931,28452,0.9410992865659973
931,28395,0.9211547607777587
931,28930,0.8918810131842424
931,55024,0.9821634765438677
931,28825,0.9329348146274593
931,3112,0.9645385575356411
951,972,0.8699159761192786
951,28831,0.9038888599908937
951,28479,0.9649817329637994
951,28946,0.922636184598043
951,28948,0.9270683107616802
951,283663,0.9591444470582321
951,28478,0.9660404915257409
951,974,0.9463011604360367
951,28912,0.936640736661165
951,28833,0.8634302445183226
951,933,0.9763064917226489
951,28442,0.9012594171833415
951,28439,0.9170279337577678
951,28815,0.8966214536483693
951,100616374,0.9304835987461891
951,100616422,0.9421136915715983
951,28483,0.9141349046174312
951,28914,0.9360529116312922
951,100847070,0.9757477973619864
951,28299,0.9093770747463352
951,28434,0.9504886769699683
951,3117,0.8760725870932268
951,115650,0.9547777706595661
951,3394,0.8806837649029046
951,28913,0.9410725755163336
951,5026,0.9335795531501907
951,28908,0.8926542308547056
951,28388,0.9089039557065594
951,8115,0.9303078595036316
951,115350,0.96506288700129
951,28481,0.953272988352552
951,199786,0.9771340521799627
951,2208,0.9705132629001836
951,28444,0.9545871988837444
951,930,0.9708383212769949
951,102723169,0.9325942081103195
951,28394,0.8902117357263295
951,28474,0.9017884699351104
951,28813,0.9214313968505943
951,640,0.9248944933910652
951,28468,0.9328235638879665
951,100616276,0.9459944577382361
951,28392,0.9575994865471734
951,28485,0.932196029335927
951,28816,0.8527975115037612
951,28452,0.9549250979473147
951,28395,0.9347194312799175
951,28930,0.8936159067233939
951,55024,0.9475920648820556
951,28825,0.9239729119848901
951,3112,0.9440349928534353
28831,28479,0.9244265348238403
28831,28946,0.9451012459106471
28831,28948,0.9387067090771762
28831,283663,0.8765028496342553
28831,28478,0.9103127988534894
28831,3537,0.9371371662117984
28831,974,0.9286715915208205
28831,28912,0.943457572002688
28831,28833,0.9317791714928458
28831,3500,0.8847763899631002
28831,933,0.9162813799860576
28831,28442,0.945230053879213
28831,28439,0.9138656969765373
28831,3501,0.8539099045690968
28831,28815,0.9329975735932876
28831,100616374,0.8871126674237478
28831,100616422,0.8820123514000505
28831,28483,0.9119750952174658
28831,28914,0.9369953498065701
28831,100847070,0.9143162259847677
28831,28299,0.9205460949577413
28831,28434,0.9388986864651082
28831,115650,0.8800087638905333
28831,28913,0.93866812231288
28831,5026,0.8688779010190323
28831,28908,0.9446285914369174
28831,28388,0.9596200914372975
28831,115350,0.8688330281217675
28831,28481,0.9401875631452933
28831,3502,0.8677958267091711
28831,199786,0.904866615347766
28831,2208,0.9003572758449415
28831,28444,0.9494214831590837
28831,930,0.9065690399511072
28831,102723169,0.8952629360070344
28831,28394,0.8515636476135982
28831,28474,0.8719014866626333
28831,28813,0.9848703673090538
28831,640,0.8756096142434023
28831,28468,0.9275845941033399
28831,100616276,0.889007271321539
28831,28392,0.9226246022066515
28831,3512,0.8558647547368361
28831,28485,0.881445109387786
28831,28816,0.9550529977597135
28831,28452,0.9452110274909273
28831,28395,0.8888244303681302
28831,28930,0.9474750030771175
28831,55024,0.9156194150944889
28831,28825,0.9769721153138307
28831,3112,0.8862666931690355
28831,28796,0.9023386116299408
28479,28946,0.9310382413081422
28479,28948,0.9358202840489129
28479,283663,0.934107678342362
28479,28478,0.9700483441921356
28479,3537,0.8748142098167726
28479,974,0.9628116223260794
28479,28912,0.9530717667874157
28479,28833,0.8986550195189458
28479,933,0.9676332665427354
28479,28442,0.8961027769779931
28479,28439,0.935772317508364
28479,28815,0.9213238783803888
28479,100616374,0.9351008874158753
28479,100616422,0.9462911856641071
28479,28483,0.9114476868861331
28479,28914,0.9428928465803064
28479,100847070,0.9655931420476773
28479,28299,0.936199833468886
28479,28434,0.9794399697154753
28479,3117,0.8652200414178309
28479,115650,0.9477455117377677
28479,3394,0.8769060792975623
28479,28913,0.9499412454954315
28479,5026,0.9382089903833448
28479,28908,0.9043789638763219
28479,28388,0.940272127302425
28479,8115,0.9555253735286884
28479,115350,0.9663766893387498
28479,28481,0.9828682584403698
28479,199786,0.970936834239474
28479,2208,0.9670501776175155
28479,28444,0.965322723589648
28479,930,0.9691682079134148
28479,102723169,0.947806490897033
28479,28394,0.9032002842583332
28479,28474,0.9194009147408364
28479,28813,0.9482971305690693
28479,640,0.9214206559402778
28479,28468,0.9409009053624057
28479,100616276,0.9386099534724963
28479,28392,0.9820188632536664
28479,28485,0.9172027602939047
28479,28816,0.8806438015399098
28479,28452,0.9531751097572216
28479,28395,0.9499893552310681
28479,28930,0.9179341701387314
28479,55024,0.9419422842373293
28479,28825,0.9460906200583337
28479,3112,0.9489885453304999
28479,28796,0.8610884697230161
28946,28948,0.9905012860603478
28946,283663,0.9070774849656795
28946,28478,0.9327245246329807
28946,3537,0.9282245838927717
28946,974,0.93617618438346
28946,28912,0.9851498595592271
28946,28833,0.9396498127889864
28946,3500,0.8714431385677658
28946,933,0.9448864878051614
28946,28442,0.9576084091496376
28946,28439,0.9215869402755411
28946,3501,0.8965186152212873
28946,28815,0.9658524662455054
28946,100616374,0.8624971188910722
28946,100616422,0.8902285305890082
28946,28483,0.947054386313021
28946,28914,0.9932569881082278
28946,102466889,0.918048420807268
28946,100847070,0.9387356716168395
28946,28299,0.9802062754479888
28946,28434,0.9473408968103918
28946,3117,0.9092773751864793
28946,115650,0.897050229729257
28946,28913,0.9882214799750876
28946,5026,0.8518621746520969
28946,28908,0.9834953307734389
28946,28388,0.9334728135574614
28946,8115,0.8503974281174622
28946,115350,0.9032806533140275
28946,28481,0.9573736198878549
28946,199786,0.9203398222918752
28946,2208,0.9060017471401893
28946,28444,0.9516028273156844
28946,930,0.9112448813541074
28946,102723169,0.9180954377152352
28946,28394,0.8728992569664598
28946,28474,0.9082704587255488
28946,28813,0.9689262792025258
28946,640,0.8869041853476713
28946,28468,0.9438279521574654
28946,100616276,0.8936869290723835
28946,28392,0.9265045159360354
28946,3512,0.8662812508750335
28946,28485,0.871475401206218
28946,28816,0.9449823222887066
28946,28452,0.9661650487715107
28946,28395,0.8782250993367631
28946,28930,0.9650108305647416
28946,55024,0.9572854817021527
28946,28825,0.9625320704677843
28946,3112,0.9246719184706983
28946,102465871,0.8621182652192574
28946,28796,0.9118169472582989
28948,283663,0.9039918749501439
28948,28478,0.9380926638108054
28948,3537,0.9291643858018673
28948,974,0.9484735549545041
28948,28912,0.9923309501152076
28948,28833,0.9429158706434837
28948,3500,0.8541886908854025
28948,933,0.9493821996610126
28948,28442,0.9538767669025829
28948,28439,0.9155403759624183
28948,3501,0.8842205966678638
28948,28815,0.9803749617290457
28948,100616374,0.8809818439784831
28948,100616422,0.900724140642268
28948,28483,0.9438386715437461
28948,28914,0.9897487707076026
28948,102466889,0.9134476700654833
28948,100847070,0.9459578349345386
28948,28299,0.9763965254479954
28948,28434,0.9444827042370337
28948,3117,0.8953137025315185
28948,115650,0.9000006339540804
28948,28913,0.9914370426683097
28948,5026,0.8612892259375041
28948,28908,0.9832970419189926
28948,28388,0.9303803410302781
28948,8115,0.8680289337134739
28948,115350,0.9080120431118791
28948,28481,0.9643341438442687
28948,199786,0.9265175366770954
28948,2208,0.9105360181530986
28948,28444,0.9518441692470373
28948,930,0.9196634040332864
28948,102723169,0.9264469353013682
28948,28394,0.8872999878309275
28948,28474,0.9153190863950722
28948,28813,0.9661948912570573
28948,640,0.892243971526594
28948,28468,0.9456471665062082
28948,100616276,0.9066233874720899
28948,28392,0.9256168685683559
28948,3512,0.8692180720467478
28948,28485,0.8775633865730995
28948,28816,0.9428017498772098
28948,28452,0.9700552337564965
28948,28395,0.8960787191439916
28948,28930,0.9699481391054088
28948,55024,0.9549906166849675
28948,28825,0.9634014545146219
28948,3112,0.9290456942392241
28948,102465871,0.8666481572154721
28948,28796,0.9270887181373838
283663,972,0.856156495982914
283663,28478,0.9358176838976241
283663,974,0.9136971447867078
283663,28912,0.9076500560028519
283663,933,0.9682625315252273
283663,28442,0.8738129857233231
283663,28439,0.8784242996235877
283663,28815,0.8862976997490717
283663,100616374,0.8736388085102496
283663,100616422,0.9103069891629956
283663,28483,0.9099472353542777
283663,28914,0.9219573974057789
283663,100847070,0.9724642327237373
283663,28299,0.8852900642087742
283663,28434,0.9207552266127398
283663,3117,0.8848070178675791
283663,115650,0.9509368627244921
283663,3394,0.869369360804255
283663,28913,0.9218518249345098
283663,5026,0.9275440475359144
283663,28908,0.8655917360496455
283663,28388,0.877688279995774
283663,8115,0.8906956393938887
283663,115350,0.9612806494862555
283663,28481,0.922218388770749
283663,199786,0.9694304291738733
283663,2208,0.9662965046827723
283663,28444,0.9339536993709447
283663,930,0.9611216891799009
283663,102723169,0.9158999710817612
283663,28394,0.8966515934033735
283663,28813,0.9049225762954894
283663,640,0.91383688764078
283663,28468,0.9148762530341332
283663,100616276,0.9139013858071421
283663,28392,0.9531028556112907
283663,28485,0.9078315340528937
283663,28452,0.9260136076342677
283663,28395,0.900275889057324
283663,28930,0.8564712633709145
283663,55024,0.9411475509270446
283663,28825,0.8964726650345579
283663,3112,0.9177340077873584
28478,974,0.9743975686514672
28478,28912,0.9441597047108565
28478,28833,0.8525547018743947
28478,933,0.9860957524485184
28478,28442,0.9233094774762006
28478,28439,0.9307415022775611
28478,28815,0.9138144948426966
28478,100616374,0.94320545194652
28478,100616422,0.9577122153438049
28478,28483,0.9398681540892916
28478,28914,0.940791846348848
28478,100847070,0.9837075592706571
28478,28299,0.9217253846046825
28478,28434,0.9589507600988182
28478,3117,0.8809143971771092
28478,115650,0.9692574281171774
28478,3394,0.8907286071361522
28478,28913,0.9455535960280128
28478,5026,0.9431460070839752
28478,28908,0.8950059169828606
28478,28388,0.9078319164804384
28478,8115,0.940956351230472
28478,115350,0.9741783518213206
28478,28481,0.9646046307341567
28478,199786,0.9794480568777086
28478,2208,0.9702696482981356
28478,28444,0.9606414895099071
28478,930,0.9818499238500619
28478,102723169,0.9388992948939504
28478,28394,0.8963698911265978
28478,28474,0.9345939475624674
28478,28813,0.9323338322344917
28478,640,0.9387540130021987
28478,28468,0.9525452422458027
28478,100616276,0.962054955109106
28478,28392,0.9583258281418965
28478,28485,0.9458098475140305
28478,28816,0.8684923912184761
28478,28452,0.9586496306277865
28478,28395,0.9387150126172171
28478,28930,0.9032801708112711
28478,55024,0.9691578112301794
28478,28825,0.9393403498683561
28478,3112,0.9601473251241447
3537,974,0.8503947409953514
3537,28912,0.9214331708481689
3537,28833,0.9934433700700532
3537,3500,0.9306132463340896
3537,28442,0.8629654121964381
3537,28439,0.8903346761328025
3537,3501,0.9090687970028425
3537,28815,0.9376351177531594
3537,28914,0.926378397723961
3537,28299,0.9246050512926313
3537,28434,0.9010662635688483
3537,28913,0.9180439762725551
3537,28908,0.9525698808986337
3537,28388,0.9429225949069019
3537,28481,0.9003176270424278
3537,3502,0.8723462037354144
3537,28444,0.8764797591937816
3537,28813,0.9400907073814021
3537,28392,0.8574006323141208
3537,3512,0.9179475211983156
3537,28816,0.9701519613067535
3537,28452,0.8891205220715659
3537,28930,0.9483767627878584
3537,55024,0.8568832381683762
3537,28825,0.9503759091981985
3537,28796,0.9411189710445834
974,28912,0.9587310147588044
974,28833,0.8653928574196896
974,933,0.9673826466981481
974,28442,0.9368738508040824
974,28439,0.9274590317433375
974,28815,0.9397037009873066
974,100616374,0.9546796088769426
974,100616422,0.9444199890432027
974,28483,0.9330235767208556
974,28914,0.9402713928966223
974,100847070,0.9684966012624212
974,28299,0.9169936478860934
974,28434,0.9602121840411794
974,3117,0.8570370556107155
974,115650,0.9312025221895583
974,3394,0.8727110044555199
974,28913,0.9518445221475795
974,5026,0.9147080518970018
974,28908,0.9171204292245985
974,28388,0.9151724051795664
974,8115,0.9469472370892432
974,115350,0.949004260701608
974,28481,0.9573258207816426
974,199786,0.9689256992952626
974,2208,0.9632883553907065
974,28444,0.9656644015961442
974,930,0.9709064031525488
974,102723169,0.945229417618333
974,28394,0.9154137441670218
974,28474,0.919599070773088
974,28813,0.9437028837881103
974,640,0.8892122559879383
974,28468,0.9625985651944338
974,100616276,0.9488986306654457
974,28392,0.9568237394885473
974,28485,0.9433355731811406
974,28816,0.8657373048320421
974,28452,0.9582679092550194
974,28395,0.948758494151615
974,28930,0.9264129886743586
974,55024,0.9490085779444974
974,28825,0.953080898168819
974,3112,0.9531173588106893
974,28796,0.8694823488474618
28912,28833,0.9353675393990182
28912,933,0.9550097679274044
28912,28442,0.9549366519844935
28912,28439,0.9193668915815162
28912,3501,0.8669151557236426
28912,28815,0.9710103972995586
28912,100616374,0.9029340189933996
28912,100616422,0.9138594564869122
28912,28483,0.9455665764054181
28912,28914,0.987873655015926
28912,102466889,0.8865003125609738
28912,100847070,0.9512874957302296
28912,28299,0.977127863018287
28912,28434,0.9580464728738564
28912,3117,0.8994064185862121
28912,115650,0.9119102509600352
28912,28913,0.9950568580669791
28912,5026,0.8740366734251583
28912,28908,0.9762602717439809
28912,28388,0.9408898320152312
28912,8115,0.8951879584354818
28912,115350,0.922526571232309
28912,28481,0.9733661978862087
28912,199786,0.9400837767403305
28912,2208,0.9233051011462654
28912,28444,0.9601450856669865
28912,930,0.9285858570113712
28912,102723169,0.9438297123827073
28912,28394,0.9098470403038077
28912,28474,0.9220128884832891
28912,28813,0.9667090894086985
28912,640,0.8881928572384706
28912,28468,0.9545988436622229
28912,100616276,0.9195868227735422
28912,28392,0.9413499763009608
28912,3512,0.8509925167915995
28912,28485,0.8887242332445483
28912,28816,0.9339780268220738
28912,28452,0.9726120920354653
28912,28395,0.9095226562442914
28912,28930,0.9644208395173783
28912,55024,0.9533237240477884
28912,28825,0.9647410707762434
28912,3112,0.9387994071820635
28912,28796,0.9201990259318353
28833,3500,0.9057885758067066
28833,933,0.8633549160621444
28833,28442,0.8670768114907695
28833,28439,0.906240329705718
28833,3501,0.8949389366618867
28833,28815,0.9524712523918749
28833,28483,0.8600289542732962
28833,28914,0.9434227464504338
28833,100847070,0.8640957547147055
28833,28299,0.9462702903777882
28833,28434,0.9186038350825241
28833,28913,0.9320334764237
28833,28908,0.9534487822463864
28833,28388,0.9382890608555563
28833,28481,0.9189412363421275
28833,28444,0.8945085966727379
28833,28474,0.877972602784834
28833,28813,0.9436118620332468
28833,640,0.8539289153145294
28833,28468,0.8692292265625002
28833,28392,0.882409440525403
28833,3512,0.8992227528677501
28833,28816,0.965028860393179
28833,28452,0.9029055404462618
28833,28395,0.8545637879587823
28833,28930,0.9612201395621699
28833,55024,0.8741496331978388
28833,28825,0.9551445736412739
28833,3112,0.8550068850001007
28833,28796,0.9495602307939873
3500,3501,0.9313857325692942
3500,3494,0.8527176358018972
3500,28914,0.8551025938482402
3500,102466889,0.8716749705961805
3500,28908,0.9070216425299521
3500,28388,0.8606436876001746
3500,3502,0.9609449069563746
3500,28813,0.8722949065183507
3500,3512,0.8820612387440323
3500,28816,0.9406890444510525
3500,28930,0.869269960311734
3500,28825,0.8755213383623353
3500,102465871,0.8803080181450227
3500,28796,0.8593669127218362
933,972,0.8619026249107451
933,28442,0.9321283065692747
933,28439,0.9128598316708265
933,28815,0.9267735773276462
933,100616374,0.9281074016382066
933,100616422,0.9517524015371519
933,28483,0.9423897644802878
933,28914,0.9556575658389527
933,100847070,0.9972479934659054
933,28299,0.9243166640955993
933,28434,0.9516695331335322
933,3117,0.8996633379914016
933,115650,0.9732989126727318
933,3394,0.8987349170173952
933,28913,0.9571743981575301
933,5026,0.9510922355030296
933,28908,0.9092456333812289
933,28388,0.9108509348018561
933,8115,0.9355381733708107
933,115350,0.9786276482669883
933,28481,0.9617113633501527
933,199786,0.9885668314795572
933,2208,0.9812032234076463
933,28444,0.9706583089923848
933,930,0.9868194842734084
933,102723169,0.9542752012897123
933,28394,0.9154849253628082
933,28474,0.9031114376784982
933,28813,0.9399265720801208
933,640,0.9396555152379277
933,28468,0.961915865722673
933,100616276,0.9549707209628286
933,28392,0.9684975831312811
933,28485,0.9474544089497976
933,28816,0.8711313661466042
933,28452,0.9662945405715194
933,28395,0.9321402861036278
933,28930,0.9030318395300988
933,55024,0.9789133927692352
933,28825,0.9403346578542782
933,3112,0.9554717289004727
28442,28439,0.8890409318135201
28442,28815,0.9287067334906396
28442,100616374,0.8804578257751409
28442,100616422,0.8996680165030814
28442,28483,0.931819395338057
28442,28914,0.9548282893385882
28442,102466889,0.8659966657148769
28442,100847070,0.9217386856067575
28442,28299,0.9308151959034173
28442,28434,0.919488499899587
28442,3117,0.8550881670847249
28442,115650,0.8723885550844038
28442,28913,0.9505983489338695
28442,28908,0.9401418163297274
28442,28388,0.907405200275565
28442,115350,0.8770559906584822
28442,28481,0.9282118569672969
28442,199786,0.9130312711233277
28442,2208,0.8930824671593802
28442,28444,0.9565911304239858
28442,930,0.8948608885630162
28442,102723169,0.9279933276391318
28442,28394,0.8703287536422538
28442,28474,0.8949289661177197
28442,28813,0.9394754813154522
28442,28468,0.9561133887951422
28442,100616276,0.9027708937946424
28442,28392,0.9028800505384158
28442,28485,0.9098813428534233
28442,28816,0.9046102077824524
28442,28452,0.9600258822895329
28442,28395,0.8651460750113454
28442,28930,0.9265162110614686
28442,55024,0.9200303536248282
28442,28825,0.9353042623477295
28442,3112,0.8904873446898371
28442,28796,0.8907602902761113
28439,28815,0.9126088595512164
28439,100616374,0.9034838914197152
28439,100616422,0.8736274658641713
28439,28483,0.8750134146504427
28439,28914,0.9329971765364193
28439,100847070,0.9133663754322705
28439,28299,0.9324996768664098
28439,28434,0.9802158862638293
28439,3117,0.8503582527180124
28439,115650,0.8935691682112303
28439,28913,0.9240091548595484
28439,28908,0.9012617550936872
28439,28388,0.9018449963162792
28439,8115,0.8995073219055385
28439,115350,0.9254099822327262
28439,28481,0.9326098458808563
28439,199786,0.9068408085271555
28439,2208,0.9200811558416885
28439,28444,0.9291326976787435
28439,930,0.9249114362083877
28439,102723169,0.8732732111340427
28439,28474,0.9428979294538475
28439,28813,0.9204629031496002
28439,640,0.8681390541449574
28439,28468,0.925226902534909
28439,100616276,0.885708111982017
28439,28392,0.9176115415488324
28439,28485,0.8847238513495217
28439,28816,0.8855567948368002
28439,28452,0.9171766749945294
28439,28395,0.9152931190889687
28439,28930,0.9382351460881218
28439,55024,0.9141036102465151
28439,28825,0.9510818062851012
28439,3112,0.9350458478318064
28439,28796,0.8903539156874822
3501,28815,0.8586651859595349
3501,3494,0.9427982728994133
3501,28914,0.8814884764519314
3501,102466889,0.907157947522366
3501,28299,0.8757825952964573
3501,28913,0.869031915866727
3501,28908,0.9130000065975843
3501,28388,0.858873839235617
3501,28813,0.855523890255556
3501,3512,0.9274785778986346
3501,28816,0.9375954100837406
3501,28930,0.860582855065484
3501,28825,0.8529270319855996
3501,102465871,0.8712758564225868
3501,28796,0.8579199556570117
28815,100616374,0.8635167455094944
28815,100616422,0.8710661070654775
28815,28483,0.9296436730762117
28815,28914,0.970013184945379
28815,102466889,0.862071037916774
28815,100847070,0.9272552497298451
28815,28299,0.9593930850387398
28815,28434,0.9365010054433154
28815,3117,0.871852360017692
28815,115650,0.8791138538791607
28815,28913,0.9674971536762708
28815,28908,0.9626986748568052
28815,28388,0.9170336995066194
28815,8115,0.865520541391266
28815,115350,0.898492829521323
28815,28481,0.9415752434909084
28815,199786,0.9074505627734823
28815,2208,0.899299282978575
28815,28444,0.9403796109599788
28815,930,0.9116623160332065
28815,102723169,0.8896263634060678
28815,28394,0.8660132657463444
28815,28474,0.9048492053160907
28815,28813,0.9582018302832682
28815,640,0.865345802748729
28815,28468,0.9415164520233491
28815,100616276,0.8806135848367643
28815,28392,0.9248213423654353
28815,3512,0.8801909741161195
28815,28485,0.8578782811864811
28815,28816,0.9328088725699645
28815,28452,0.9447039907838383
28815,28395,0.893847772646646
28815,28930,0.9740824964805819
28815,55024,0.9271787304332728
28815,28825,0.9666351281318136
28815,3112,0.9106172114994567
28815,28796,0.9448645674012984
100616422,100616374,0.9570059853263844
100616422,28483,0.8951331936564778
100616422,28914,0.9026416831962151
100616422,100847070,0.9459029031918587
100616422,28299,0.8871504614159592
100616422,28434,0.9150121623604457
100616422,115650,0.9213993091506806
100616422,28913,0.9050061410273739
100616422,5026,0.9178466912427404
100616422,28908,0.8585096818366003
100616422,28388,0.8842032230386467
100616422,8115,0.939224590683988
100616422,115350,0.9338765091856602
100616422,28481,0.9435516536122923
100616422,199786,0.9583294074983036
100616422,2208,0.9510085551474685
100616422,28444,0.9327476570165433
100616422,930,0.9337091865683361
100616422,102723169,0.9254604129602434
100616422,28394,0.8856208817212752
100616422,28474,0.9013178350429842
100616422,28813,0.8914330770797259
100616422,640,0.8533321947189877
100616422,28468,0.9090376682994816
100616422,100616276,0.9888344902187538
100616422,28392,0.9310309803460959
100616422,28485,0.9291604991496826
100616422,28452,0.9528428438216198
100616422,28395,0.9221635395421136
100616422,28930,0.8702668211823505
100616422,55024,0.8956829891093253
100616422,28825,0.8865152109331271
100616422,3112,0.9161509239807446
3494,28908,0.8587702325871983
3494,3512,0.9036984673166089
3494,28816,0.8648726454731798
28483,100616374,0.8680854859674849
28483,28914,0.9474205632664995
28483,102466889,0.8925060817297689
28483,100847070,0.937924774281525
28483,28299,0.9252170654804526
28483,28434,0.9123807417638816
28483,3117,0.9061353803954029
28483,115650,0.9293555684954364
28483,28913,0.9517123681376812
28483,5026,0.8629470004384385
28483,28908,0.9114671029952672
28483,28388,0.9041575971279251
28483,115350,0.9123986342085297
28483,28481,0.9352581958733688
28483,199786,0.92518908803718
28483,2208,0.9055422796241746
28483,28444,0.9115833524843815
28483,930,0.917689663240445
28483,102723169,0.8809517254271801
28483,28394,0.9126038060758647
28483,28474,0.910129827591867
28483,28813,0.928904630765745
28483,640,0.8787336088971481
28483,28468,0.9203272667058884
28483,100616276,0.9113580791445512
28483,28392,0.9292589751557876
28483,28485,0.8667109891330811
28483,28816,0.8905433016672041
28483,28452,0.9270096697859429
28483,28395,0.85930700867936
28483,28930,0.9136651761774154
28483,55024,0.9448023679066132
28483,28825,0.9317711346962633
28483,3112,0.9031309782031544
28483,28796,0.8672140887173502
28914,100616374,0.8777131765088199
28914,102466889,0.8987514350667963
28914,100847070,0.9502375810249412
28914,28299,0.9837427994769128
28914,28434,0.9588284862726498
28914,3117,0.9150436041448716
28914,115650,0.9077527777521119
28914,28913,0.9911217479250991
28914,5026,0.8550668158542603
28914,28908,0.9773251959923794
28914,28388,0.932402363662127
28914,8115,0.8736854098922304
28914,115350,0.9242153790657656
28914,28481,0.9655842429799879
28914,199786,0.9309855178051498
28914,2208,0.9217367355355692
28914,28444,0.9564006688371522
28914,930,0.9255944886219502
28914,102723169,0.9246192579697459
28914,28394,0.8761857896839385
28914,28474,0.9250532238589529
28914,28813,0.9617416306998939
28914,640,0.8919041251877419
28914,28468,0.949217560104773
28914,100616276,0.9046388303197783
28914,28392,0.9425611976085614
28914,28485,0.8817332535623176
28914,28816,0.9361109110307381
28914,28452,0.9656168895788254
28914,28395,0.8947413542132734
28914,28930,0.9639770941969785
28914,55024,0.9556280238207902
28914,28825,0.9656077455399626
28914,3112,0.9273180772244688
28914,28796,0.9259959948275213
102466889,28299,0.8730077610940712
102466889,28913,0.903213965364038
102466889,28908,0.903221089651763
102466889,28813,0.8651670405501561
102466889,640,0.8631802105381535
102466889,28816,0.8981109292377863
102466889,28452,0.8523760397069098
102466889,28930,0.8546698456741951
102466889,55024,0.9035085161119651
102466889,28825,0.8553995729335522
102466889,102465871,0.961681522075327
100847070,972,0.8652125352434248
100847070,100616374,0.9300633279933395
100847070,28299,0.9180729610191788
100847070,28434,0.9515373590846118
100847070,3117,0.8912161054288035
100847070,115650,0.9737969634155047
100847070,3394,0.9007941750888258
100847070,28913,0.9549230893650001
100847070,5026,0.9528313924739399
100847070,28908,0.9069482778817283
100847070,28388,0.9115364634078383
100847070,8115,0.9348310028238911
100847070,115350,0.9803287287776844
100847070,28481,0.9576040846711299
100847070,199786,0.9898739969029732
100847070,2208,0.9821989987822775
100847070,28444,0.9649711136009126
100847070,930,0.9905644037655648
100847070,102723169,0.9465448871831377
100847070,28394,0.9166664180898394
100847070,28474,0.8944639500387517
100847070,28813,0.9386376823743757
100847070,640,0.9418650694558884
100847070,28468,0.954853092054003
100847070,100616276,0.952451737245812
100847070,28392,0.966549952464653
100847070,28485,0.9401706101774735
100847070,28816,0.8699361376618335
100847070,28452,0.9616891814739985
100847070,28395,0.9363514510297076
100847070,28930,0.9013182180667718
100847070,55024,0.9777586795469677
100847070,28825,0.942728255013169
100847070,3112,0.9538241523201133
28299,100616374,0.8597129142496783
28299,28434,0.9564419168036561
28299,3117,0.9056044596701893
28299,115650,0.8856262801280038
28299,28913,0.9777127121342593
28299,28908,0.9584313254601587
28299,28388,0.9193569530337574
28299,8115,0.8712688328755308
28299,115350,0.9096238913390361
28299,28481,0.9590535239138697
28299,199786,0.9039075752719565
28299,2208,0.8931713866734816
28299,28444,0.9424331429412925
28299,930,0.8917769895285697
28299,102723169,0.9032071284259314
28299,28474,0.9343368902807555
28299,28813,0.9489003008216238
28299,640,0.8645058484446803
28299,28468,0.9368559108264842
28299,100616276,0.8869761245622536
28299,28392,0.9229793418148621
28299,3512,0.8536795834567356
28299,28816,0.9345799037337874
28299,28452,0.9540108968998455
28299,28395,0.8763942318620676
28299,28930,0.969682663843451
28299,55024,0.9278766043588386
28299,28825,0.9498118987194006
28299,3112,0.927034690588404
28299,28796,0.9145588937152431
28434,100616374,0.9256440187648387
28434,3117,0.8778706898716825
28434,115650,0.9277864393698648
28434,3394,0.8534068162004474
28434,28913,0.9600459238386646
28434,5026,0.8816955177745126
28434,28908,0.9227394914759438
28434,28388,0.9375160495249876
28434,8115,0.9358471211210787
28434,115350,0.9577378057813888
28434,28481,0.9720476170530539
28434,199786,0.9520816999597991
28434,2208,0.9526914405858877
28434,28444,0.9682008047558157
28434,930,0.9567595076081112
28434,102723169,0.9326464019316396
28434,28394,0.8588795479819911
28434,28474,0.9402088956769142
28434,28813,0.9542928120178821
28434,640,0.8981307084904748
28434,28468,0.9571094046408347
28434,100616276,0.9188023820308664
28434,28392,0.9681681774136013
28434,28485,0.9082167149878947
28434,28816,0.9028067713600607
28434,28452,0.9480525830126924
28434,28395,0.9431872401547645
28434,28930,0.9465937467818094
28434,55024,0.9404315954937471
28434,28825,0.9671395479866739
28434,3112,0.9519479751300632
28434,28796,0.8920702248048451
3117,972,0.9146224872201169
3117,3108,0.875019816616364
3117,3109,0.8828304882065124
3117,3115,0.8526700497452611
3117,115650,0.881536997910382
3117,3394,0.8511573491746907
3117,28913,0.9075645219640445
3117,28908,0.8553215844837997
3117,115350,0.8953844897640243
3117,28481,0.8703790907785216
3117,199786,0.8777813132194225
3117,2208,0.8685641686007975
3117,28444,0.8744911520133644
3117,930,0.8681995629236808
3117,28813,0.8603310449671843
3117,28468,0.8979776573733149
3117,28392,0.8765534782021872
3117,28452,0.8681352453584993
3117,28930,0.8597593391915412
3117,55024,0.9122398551940912
3117,28825,0.8648613457180676
3117,3112,0.8821302764786784
115650,100616374,0.9108606924504594
115650,3394,0.881881225074765
115650,28913,0.9219323926863013
115650,5026,0.9472017795245249
115650,28908,0.8525246713135323
115650,28388,0.8789768671000778
115650,8115,0.9111021001815575
115650,115350,0.973111312024645
115650,28481,0.9319807824708716
115650,199786,0.9739847850822567
115650,2208,0.9504809212534107
115650,28444,0.927034092789389
115650,930,0.9710537517118052
115650,102723169,0.8974398857096121
115650,28394,0.8864584679902257
115650,28474,0.8871377639536444
115650,28813,0.9046040863825879
115650,640,0.9427861640802414
115650,28468,0.9211809440095496
115650,100616276,0.9403958605651066
115650,28392,0.939689920151109
115650,28485,0.9080215253959857
115650,28452,0.9256970966303707
115650,28395,0.8823881092031675
115650,28930,0.8570016785219918
115650,55024,0.9595605451932171
115650,28825,0.9034918436192978
115650,3112,0.9377584929103
28913,100616374,0.8898413297771506
28913,5026,0.8774126440630221
28913,28908,0.9763886449624171
28913,28388,0.9306277946240676
28913,8115,0.8803763999455647
28913,115350,0.9266092238262219
28913,28481,0.9703619287181781
28913,199786,0.9410443212388147
28913,2208,0.9212337050754424
28913,28444,0.9568517715249094
28913,930,0.9322363500725022
28913,102723169,0.9365988192910077
28913,28394,0.9057033657907541
28913,28474,0.9164943113347391
28913,28813,0.9688100498875126
28913,640,0.9023354609095081
28913,28468,0.9499282808969596
28913,100616276,0.9122128410764693
28913,28392,0.9434276748272485
28913,28485,0.8841610286658373
28913,28816,0.9343666323041551
28913,28452,0.96664835747126
28913,28395,0.8979749498265206
28913,28930,0.959672240361719
28913,55024,0.9614232653340119
28913,28825,0.9638816371561946
28913,3112,0.9372286710618688
28913,102465871,0.8559909502211648
28913,28796,0.9100648712914151
28908,100616374,0.8506096624245663
28908,28388,0.9299675598895517
28908,115350,0.8530145765557258
28908,28481,0.9393803886214988
28908,199786,0.8817147346749968
28908,2208,0.8689478350511144
28908,28444,0.9249683437156925
28908,930,0.8795162070647626
28908,102723169,0.8905855174930426
28908,28474,0.8819983566883218
28908,28813,0.9650539887803397
28908,640,0.8637093555823937
28908,28468,0.9067267465321609
28908,100616276,0.8623377486883279
28908,28392,0.8947162579657797
28908,3512,0.9096265358442692
28908,28816,0.9539777005740132
28908,28452,0.9501739812508856
28908,28395,0.8629918915325064
28908,28930,0.9651156496230779
28908,55024,0.9245548629889876
28908,28825,0.9598921172703866
28908,3112,0.8869441740866578
28908,102465871,0.879262294175338
28908,28796,0.9287030488756187
28388,100616374,0.8890544780257205
28388,5026,0.8657741497923019
28388,115350,0.8782348276453529
28388,28481,0.9571535360323844
28388,199786,0.9063709882304118
28388,2208,0.8954530171784808
28388,28444,0.9202898097700132
28388,930,0.8993809049937671
28388,102723169,0.8885669496100124
28388,28394,0.8682989082205838
28388,28474,0.8865619908095262
28388,28813,0.9491932006366374
28388,640,0.8703855259449216
28388,28468,0.8834829467610229
28388,100616276,0.8898764738656529
28388,28392,0.9208377152494652
28388,28816,0.9482174718238264
28388,28452,0.9354157833209849
28388,28395,0.906220808661129
28388,28930,0.9220721896078838
28388,55024,0.9054579597548824
28388,28825,0.9564683620817749
28388,3112,0.8838574877611015
28388,28796,0.9014943050454017
115350,972,0.8566433838601376
115350,100616374,0.9222859730773939
115350,3394,0.8811667370327669
115350,5026,0.9234114679641511
115350,8115,0.9605328627938745
115350,28481,0.9398661713776004
115350,199786,0.9826716124443342
115350,2208,0.978497578642225
115350,28444,0.948276118176383
115350,930,0.9821241837753507
115350,102723169,0.923920387701724
115350,28394,0.8807448530546941
115350,28474,0.9077248834489179
115350,28813,0.8983300929960317
115350,640,0.9159139281551882
115350,28468,0.9476709409999202
115350,100616276,0.9409029642139861
115350,28392,0.9643572997909743
115350,28485,0.9215549601757002
115350,28452,0.9305958167536114
115350,28395,0.933119528135314
115350,28930,0.877913288148733
115350,55024,0.9528929079068269
115350,28825,0.9133324849423347
115350,3112,0.9615022570537968
28481,100616374,0.9239424954092192
28481,3394,0.8640370313287388
28481,5026,0.9143480202577984
28481,8115,0.9195940259363993
28481,199786,0.95192507918311
28481,2208,0.9471841634715976
28481,28444,0.957725363839991
28481,930,0.9480636315726588
28481,102723169,0.9533584207126865
28481,28394,0.9059105622999717
28481,28474,0.9330267802757521
28481,28813,0.9613579787206796
28481,640,0.9126931566027119
28481,28468,0.9348502058479221
28481,100616276,0.9404779289377337
28481,28392,0.9646350874748635
28481,28485,0.9051497790661096
28481,28816,0.9228419890903545
28481,28452,0.9670981512261685
28481,28395,0.9369716337728197
28481,28930,0.9383886006356635
28481,55024,0.9435969976637314
28481,28825,0.956939478181136
28481,3112,0.9354810524008433
28481,28796,0.8909400527661735
199786,972,0.857069911405403
199786,100616374,0.9428839567668171
199786,3394,0.8864275256296621
199786,5026,0.9552926841903691
199786,8115,0.9513455847040172
199786,2208,0.9819579888319727
199786,28444,0.9684426899719923
199786,930,0.9854895138480508
199786,102723169,0.9479448630621232
199786,28394,0.9256967813123437
199786,28474,0.8925225751900792
199786,28813,0.9242360521955553
199786,640,0.9172108911761292
199786,28468,0.9549560028301715
199786,100616276,0.9638984793064054
199786,28392,0.9672241016063263
199786,28485,0.9515188819659418
199786,28452,0.9608218685846339
199786,28395,0.9375054924125413
199786,28930,0.8867227702420815
199786,55024,0.955656194776295
199786,28825,0.9215632476610336
199786,3112,0.9546034563424975
2208,972,0.8653557813592299
2208,100616374,0.944693770423906
2208,3394,0.8917596550719007
2208,5026,0.9399700369340885
2208,8115,0.9619989460419789
2208,28444,0.9591070661961566
2208,930,0.9862798073589909
2208,102723169,0.9472956679223887
2208,28394,0.8910373927134976
2208,28474,0.8882787013791522
2208,28813,0.9174733235701562
2208,640,0.9116095616408955
2208,28468,0.9468857584673751
2208,100616276,0.9515675884900707
2208,28392,0.9718604965726707
2208,28485,0.9493898700085615
2208,28452,0.9450168388277981
2208,28395,0.9622640554094156
2208,28930,0.8871279469041193
2208,55024,0.9457168445998073
2208,28825,0.9257044398939681
2208,3112,0.9551544454754516
28444,100616374,0.9173585891250757
28444,3394,0.8566982115920944
28444,5026,0.9163592922530669
28444,8115,0.9326828973944171
28444,930,0.9594425831213222
28444,102723169,0.959286794083559
28444,28394,0.8927097271568076
28444,28474,0.9006936466209452
28444,28813,0.9617097426593558
28444,640,0.8987092683414903
28444,28468,0.9856520417041289
28444,100616276,0.928017667442158
28444,28392,0.966789959132805
28444,28485,0.9460097626360975
28444,28816,0.892055379702349
28444,28452,0.9753923836363593
28444,28395,0.9297437907132602
28444,28930,0.933565196843284
28444,55024,0.9435545096332226
28444,28825,0.9523457227982183
28444,3112,0.9448942555055033
28444,28796,0.8761186438563351
930,972,0.8605768892087844
930,100616374,0.9344778169032535
930,3394,0.9078436571428594
930,5026,0.95607529407427
930,8115,0.9476292281352353
930,102723169,0.934365062282903
930,28394,0.8995822793606093
930,28474,0.8912426034343094
930,28813,0.9299271125905005
930,640,0.9440641592559142
930,28468,0.9495376064391441
930,100616276,0.9409877653815673
930,28392,0.9719775987586974
930,28485,0.948385988519859
930,28452,0.9389791922244703
930,28395,0.9496688459783191
930,28930,0.8856700352023299
930,55024,0.9650268159024796
930,28825,0.9400004844725486
930,3112,0.9518410469077352
102723169,100616374,0.8989724733842879
102723169,3394,0.8591713202197907
102723169,5026,0.9158082217036729
102723169,8115,0.922013000423824
102723169,28394,0.9185038882529531
102723169,28474,0.8503256205186244
102723169,28813,0.9193670945830329
102723169,640,0.8689202415673739
102723169,28468,0.9476226025557631
102723169,100616276,0.9141955552895823
102723169,28392,0.9381075515733667
102723169,28485,0.9352161915280403
102723169,28452,0.9451615684508279
102723169,28395,0.9268800360006592
102723169,28930,0.8712415043089775
102723169,55024,0.9268428740815
102723169,28825,0.8992374566474216
102723169,3112,0.9256401630450388
28394,5026,0.9114285241608053
28394,8115,0.854906412211741
28394,28813,0.8807232924767674
28394,28468,0.8802826597909932
28394,100616276,0.8813061897187551
28394,28392,0.9174010662706912
28394,28485,0.876050559902269
28394,28452,0.889352651263264
28394,28395,0.85480913517614
28394,55024,0.8841787595243543
28394,28825,0.856669226213114
28394,3112,0.8506078041800691
28474,100616374,0.9207632123608734
28474,8115,0.8954332381424488
28474,28813,0.87937782508541
28474,28468,0.9036200574115137
28474,100616276,0.9162855884221107
28474,28392,0.8975410261087836
28474,28485,0.8522386843068408
28474,28816,0.8649109386922078
28474,28452,0.9163582646808711
28474,28395,0.8923288978680036
28474,28930,0.9318749461621987
28474,55024,0.8859259962704735
28474,28825,0.9157446198829775
28474,3112,0.917929430720556
28474,28796,0.916849388078876
28813,100616374,0.8797637215533765
28813,5026,0.8973606987476554
28813,8115,0.858425414787597
28813,640,0.9134037432538855
28813,28468,0.9412056519126085
28813,100616276,0.8935628622691953
28813,28392,0.947531064631459
28813,3512,0.8529297477334553
28813,28485,0.8833828637336605
28813,28816,0.9578993630056937
28813,28452,0.9558062899872054
28813,28395,0.9018288359433171
28813,28930,0.9589725426777014
28813,55024,0.9463483886342158
28813,28825,0.9830467733390802
28813,3112,0.9132449101221648
28813,28796,0.8993323448810512
640,3394,0.8722403569465993
640,5026,0.9385683116015506
640,28468,0.8745166701812915
640,100616276,0.8655196918298074
640,28392,0.9103216696208275
640,28485,0.8562421804128894
640,28816,0.8787898352040024
640,28452,0.8862722980944902
640,28395,0.8768152967507408
640,55024,0.9521612147309908
640,28825,0.9060471711985186
640,3112,0.9010041735422286
28468,100616374,0.9004251251429797
28468,5026,0.8793198140511471
28468,8115,0.9285053754307758
28468,100616276,0.9146256110213132
28468,28392,0.9490599030522141
28468,28485,0.9382642519763719
28468,28816,0.8707039846569822
28468,28452,0.9545372776897404
28468,28395,0.9088327706611142
28468,28930,0.9289795466782574
28468,55024,0.944318267117098
28468,28825,0.9415069191340313
28468,3112,0.9467096908055197
28468,28796,0.8677005501974133
100616276,100616374,0.9700227168205623
100616276,5026,0.9100378622703504
100616276,8115,0.9350184069758279
100616276,28392,0.9224652550016236
100616276,28485,0.9237857978027366
100616276,28452,0.9529496439313841
100616276,28395,0.9241380669518502
100616276,28930,0.8819073019097465
100616276,55024,0.9081668411076438
100616276,28825,0.897125349850641
100616276,3112,0.9282423776415472
28392,100616374,0.9116941830990375
28392,3394,0.8691365954626079
28392,5026,0.928817837296773
28392,8115,0.9387742327037617
28392,28485,0.9177264109550891
28392,28816,0.8627904126117534
28392,28452,0.9374686871421236
28392,28395,0.9401327687289397
28392,28930,0.9095210770331923
28392,55024,0.9352931457974832
28392,28825,0.9470013904532908
28392,3112,0.9284450238304087
28392,28796,0.8593258864200954
3512,28816,0.9008331557381468
3512,28930,0.8895240945921477
3512,28796,0.8858025420007924
28816,3502,0.9056419648424051
28816,28452,0.9077042414288102
28816,28930,0.937626581460963
28816,55024,0.90097256058629
28816,28825,0.9559585713485509
28816,102465871,0.8733995926862798
28816,28796,0.9093080313124853
28452,100616374,0.928111444048807
28452,5026,0.9078363297709884
28452,8115,0.9118180319315901
28452,28485,0.928643965246384
28452,28395,0.9200750862617324
28452,28930,0.9443344995795018
28452,55024,0.9424273750665663
28452,28825,0.9451690827747511
28452,3112,0.9469446007833402
28452,28796,0.8883725917426611
28395,100616374,0.9418775822684036
28395,5026,0.8950382406298649
28395,8115,0.944163942486664
28395,28485,0.9118592676006841
28395,28930,0.8915926657869873
28395,55024,0.9003518555359563
28395,28825,0.9240387735124744
28395,3112,0.9410517094635854
28930,100616374,0.8833200352765008
28930,8115,0.8569912094219442
28930,55024,0.9076380031699516
28930,28825,0.968965575202119
28930,3112,0.9124331085823189
28930,28796,0.9564691232245784
55024,972,0.8596316312990445
55024,100616374,0.8834435185035328
55024,3394,0.8947993744558738
55024,5026,0.9211669709875289
55024,8115,0.8812818069700123
55024,28485,0.9028682772530181
55024,28825,0.9474588184993755
55024,3112,0.9544804151760807
55024,102465871,0.8680126662982707
28825,100616374,0.9022282132653295
28825,5026,0.8689531023022234
28825,8115,0.8755673542785878
28825,3502,0.8503306183724917
28825,28485,0.8808041465678054
28825,3112,0.9233027893306816
28825,28796,0.9316450472351303
3112,100616374,0.9255917456997745
3112,3394,0.8512850808043307
3112,5026,0.8929834235319702
3112,8115,0.9415782705210581
3112,28485,0.9078422545981163
106635683,6222,0.9412007305951545
106635683,6206,0.8934961513162992
106635683,100500804,0.9358631105761188
106635683,1915,0.9905423201320501
106635683,6181,0.9353343177264076
106635683,6156,0.9265287711705545
106635683,6122,0.9435680360632073
106635683,23521,0.937645632670766
106635683,6232,0.865076089983751
106635683,6230,0.9239933502961243
106635683,6194,0.9360305228750643
106635683,6202,0.9254390163079353
106635683,113218487,0.8944003742053571
106635683,6143,0.9350365799627746
106635683,6141,0.9299481922270162
106635683,6135,0.9220304387171625
106635683,6142,0.8867333611029363
106635683,6217,0.9436670003184183
106635683,6191,0.9357658575374442
106635683,6187,0.9381544618550808
106635683,6170,0.9173842777585233
106635683,1937,0.9397793291565891
106635683,6132,0.8938694652881494
106635683,6125,0.9601775921829132
106635683,6136,0.8846803689126097
106635683,6207,0.9439221673330612
106635683,6130,0.9511962563302181
106635683,6218,0.9162001571912293
106635683,10399,0.9327393937741653
106635683,11224,0.9010790967496966
106635683,100616345,0.8780210727240024
106635683,6176,0.9492799055658279
106635683,6175,0.9403685684410306
106635683,4736,0.9524271246641771
106635683,6154,0.9310312475408418
106635683,3921,0.9203781779587319
106635683,6124,0.9644256771194157
106635683,6147,0.9307305787617394
106635683,1938,0.8895172055039622
106635683,6193,0.8897637998081572
106635683,6134,0.9596652453679011
106635683,6201,0.9405495370696528
106635683,7178,0.9247097807891635
106635683,6152,0.9377044295116378
106635683,6209,0.9296165903986895
106635683,6155,0.9172692635670975
106635683,6133,0.896408822559996
106635683,6189,0.9283687880847237
106635683,6159,0.9528659627430358
106635683,6188,0.9330064976427029
106635683,6161,0.9217685813153786
106635683,29997,0.9106587178973758
106635683,1933,0.9361511261927299
106635683,25873,0.9157408958663318
106635683,6164,0.9281237336973183
106635683,2197,0.8689017728921256
106635683,6233,0.9131123935898279
106635683,6224,0.9134188271764919
106635683,728658,0.9066097692300418
106635683,6137,0.9251376535126937
106635683,6203,0.8582033314202598
106635683,6165,0.9429894127189777
106635683,6171,0.903910084698991
106635683,6208,0.9327154490683658
106635683,6160,0.9331244327723229
106635683,6169,0.9285882240862925
106635683,6210,0.9205891653450717
106635683,6204,0.9174447008629784
106635683,6129,0.9646458404820993
106635683,6223,0.9228121938924647
106635683,6144,0.905232005019341
106635683,6228,0.9174127924562508
106635683,6128,0.9536790079858565
106635683,6139,0.9387340599672865
106635683,6234,0.8819699474197328
106635683,106635684,0.9861963621446359
106635683,9349,0.9434300624723854
106635683,689,0.9373530360761355
106635683,6168,0.9370062295467413
106635683,6229,0.8966193889305137
106635683,106635533,0.9067600159395144
106635683,6146,0.9592672829889793
106635683,54543,0.9104158175483638
106635683,6227,0.9191850713700267
106635683,1350,0.91930146723175
106635683,6157,0.9237282649788537
106635683,4869,0.9509855010478961
106635683,60674,0.9037446545355394
106635683,6173,0.9286042606884471
106635683,6158,0.9089689398036507
106635683,27335,0.8557495874416267
106635683,100526842,0.9326430614957377
106635683,50854,0.9118120327003613
106635683,3646,0.9370663123145526
106635683,1975,0.932546262305756
106635683,100131205,0.8814382803452147
106635683,2091,0.9201189284917277
106635683,6138,0.9502611861241543
106635683,100529239,0.922459607038957
106635683,6167,0.9171153659930328
106635683,51386,0.9068936582298442
106635683,664709,0.9024844013592063
106635683,10541,0.9203811683329798
106635683,9045,0.963838018460536
106635683,100093630,0.8581819587808759
6222,6206,0.9341684606729075
6222,100500804,0.9460975128747675
6222,1915,0.9561919116368776
6222,6205,0.8705759521227414
6222,6181,0.970135968709545
6222,6156,0.9744822350155614
6222,6122,0.9668513000605103
6222,23521,0.9775273209856058
6222,6232,0.952959984071407
6222,6230,0.9802698495820873
6222,6194,0.9863579720951205
6222,6202,0.9762076051970436
6222,113218487,0.9507814134695801
6222,6143,0.9661617681110779
6222,6141,0.9677427583443388
6222,6135,0.9546732321963259
6222,6142,0.940912895212107
6222,6217,0.9824185172395544
6222,6191,0.9570870635207993
6222,6187,0.9388411299509664
6222,6170,0.9841530551964971
6222,1937,0.9579897324488307
6222,6132,0.9035847567359864
6222,6125,0.9834117091496163
6222,6136,0.926111163473528
6222,6207,0.9641546006035294
6222,6130,0.9673833370990909
6222,6218,0.9783902045514373
6222,10399,0.8966843209596075
6222,11224,0.961258126045231
6222,100616345,0.9624250767018612
6222,6176,0.9472540608051417
6222,6175,0.9556970236042251
6222,4736,0.9829659384864133
6222,6154,0.9401394418550405
6222,3921,0.9726450765320478
6222,6124,0.9587601137439207
6222,6147,0.9696996767121466
6222,6193,0.9577320319955703
6222,6134,0.9679197655876537
6222,6201,0.9769779846527861
6222,7178,0.9098422017069072
6222,6152,0.9706741799523115
6222,6209,0.9585047128387183
6222,6155,0.9646314446889797
6222,6133,0.9491694917431254
6222,6189,0.9843101668087535
6222,6159,0.9652710624459345
6222,6188,0.9690679138246175
6222,6161,0.9699693319345236
6222,29997,0.942305138104597
6222,1933,0.9846438957747542
6222,25873,0.9566260424458572
6222,6164,0.9737981846814427
6222,2197,0.9269833545940833
6222,6233,0.9821404709620543
6222,6224,0.9822238279822431
6222,728658,0.9461599550007551
6222,6137,0.9541134794113523
6222,6165,0.9759004043836558
6222,6171,0.9493156458379117
6222,6208,0.9674559064703036
6222,6160,0.9674745884657857
6222,6169,0.9665356160024916
6222,6210,0.9786045937133652
6222,6204,0.9711086749844309
6222,6129,0.9619774588168614
6222,6223,0.9716256552195466
6222,6144,0.9579158414195114
6222,6228,0.9697535209614193
6222,6128,0.9439370028232521
6222,6139,0.9770989032718097
6222,113791,0.8542231246974047
6222,6234,0.9138487518783923
6222,106635684,0.9239307875939609
6222,9349,0.9626802885291825
6222,689,0.8585372101377109
6222,6168,0.978711044441288
6222,106635533,0.9750834933425396
6222,6146,0.9730275435517701
6222,54543,0.9325305637533204
6222,6227,0.9812002032905573
6222,1350,0.886458784767788
6222,6157,0.9583316052752464
6222,4869,0.9603078766391837
6222,60674,0.9715012296233182
6222,6173,0.952696749574988
6222,6158,0.9181718163825074
6222,100526842,0.9771601783771665
6222,50854,0.9529508111765865
6222,3646,0.9055918369801612
6222,1975,0.8705216814425651
6222,100131205,0.9346146693408196
6222,2091,0.9097697791506958
6222,6138,0.927773057400118
6222,100529239,0.9716680082531859
6222,6167,0.9742008934790451
6222,664709,0.8584860944126281
6222,9045,0.9631493874898126
6222,100093630,0.9364297584499119
6206,100500804,0.9443872475840396
6206,1915,0.8911806593746634
6206,6181,0.9548345563761294
6206,6156,0.948902378993581
6206,6122,0.925041758966651
6206,23521,0.9345461783936081
6206,6232,0.8808890876741043
6206,6230,0.9457657835693084
6206,6194,0.9482768479558588
6206,6202,0.912172536073941
6206,113218487,0.9080422834136265
6206,6143,0.9370618223411816
6206,6141,0.9182075978213482
6206,6135,0.9044837503445134
6206,6142,0.8840361545881438
6206,6217,0.93317140557306
6206,6191,0.9234940519709575
6206,6187,0.9030159848576219
6206,6170,0.927378419603583
6206,1937,0.9297077893452544
6206,6125,0.9283879838842118
6206,6136,0.8910907154803293
6206,6207,0.9237936062040853
6206,6130,0.9017261368867614
6206,6218,0.923082366638718
6206,10399,0.8500002890382771
6206,11224,0.9188551959134607
6206,100616345,0.9381393659513846
6206,6176,0.9124707294362498
6206,6175,0.9179405409505228
6206,4736,0.9226965880082451
6206,6154,0.8677868459229378
6206,3921,0.9373517656629768
6206,6124,0.9290449123049387
6206,6147,0.9145095576309517
6206,6193,0.9066631069570257
6206,6134,0.9200631311167716
6206,6201,0.9079070989300213
6206,7178,0.9182760687083213
6206,6152,0.9437520687156884
6206,6209,0.9438811090352348
6206,6155,0.9392329365329174
6206,6133,0.9038901860462965
6206,6189,0.9294263205449609
6206,6159,0.9247790515175456
6206,6188,0.9558206374842405
6206,6161,0.9548440862666651
6206,29997,0.8908206485469353
6206,1933,0.9256219259215481
6206,25873,0.9406451571859594
6206,6164,0.957588154486697
6206,6233,0.9494302655370892
6206,6224,0.9435298620723597
6206,728658,0.8952323644979668
6206,6137,0.9518369462526179
6206,6165,0.9585271872044131
6206,6171,0.9322384810680391
6206,6208,0.9554474166995143
6206,6160,0.9713933682881971
6206,6169,0.9645973194388967
6206,6210,0.9300048319124188
6206,6204,0.9617630233388117
6206,6129,0.943016027382476
6206,6223,0.9432511484685571
6206,6144,0.9565047936756191
6206,6228,0.90077327968075
6206,6128,0.9300185709904789
6206,6139,0.9278161856087996
6206,6234,0.9164894146809784
6206,106635684,0.8695275766558678
6206,9349,0.9084784157914975
6206,3945,0.8939214141683839
6206,689,0.8500442545133057
6206,6168,0.9287582925240615
6206,106635533,0.91371858369423
6206,6146,0.9263243974770246
6206,54543,0.9473868952793885
6206,6227,0.9470443588412802
6206,1350,0.9005437421154703
6206,6157,0.9418911972665065
6206,4869,0.8941328674481756
6206,60674,0.9109974327907965
6206,6173,0.9448692748169746
6206,6158,0.8972473557112225
6206,100526842,0.9320651583469561
6206,50854,0.9078572651116559
6206,100131205,0.9774574174541252
6206,2091,0.9053286027304533
6206,6138,0.8539052763174777
6206,100529239,0.9552253364750735
6206,6167,0.926430191466476
6206,9045,0.9293105129347639
100500804,1915,0.9314439975303986
100500804,6205,0.8583409243541479
100500804,6181,0.979708869650872
100500804,6156,0.96018517277492
100500804,6122,0.9614685021168159
100500804,23521,0.9709094597025618
100500804,6232,0.8960242241376907
100500804,6230,0.9470263470142014
100500804,6194,0.9595870970941732
100500804,6202,0.9566512925342628
100500804,113218487,0.9639174251159855
100500804,6143,0.9632292183311791
100500804,6141,0.965375064938124
100500804,6135,0.946687739630563
100500804,6142,0.9490382257637806
100500804,6217,0.944918634123504
100500804,6191,0.9526415781957698
100500804,6187,0.9549676469876928
100500804,6170,0.9257561421053151
100500804,1937,0.9889711194998876
100500804,6132,0.9266153810243651
100500804,6125,0.9595355396642367
100500804,6136,0.9247232838094089
100500804,6207,0.9333190937263416
100500804,6130,0.9434395290450754
100500804,6218,0.9375474247773944
100500804,10399,0.9347177095714592
100500804,11224,0.9366154216392434
100500804,100616345,0.9036133719868991
100500804,6176,0.9503624239505523
100500804,6175,0.9692180367175737
100500804,4736,0.9642111425232108
100500804,6154,0.892510900632202
100500804,3921,0.9674052470629502
100500804,6124,0.9666936486101566
100500804,6147,0.9509596460652664
100500804,6193,0.9593802639594764
100500804,6134,0.950920445878024
100500804,6201,0.9292481949310047
100500804,7178,0.8831057743965772
100500804,6152,0.9289784484500482
100500804,6209,0.961271328840649
100500804,6155,0.9309836008283879
100500804,6133,0.907941254410359
100500804,6189,0.9213411730813378
100500804,6159,0.9687084635310514
100500804,6188,0.9411685698624598
100500804,6161,0.9637005253039678
100500804,29997,0.9472279250151147
100500804,1933,0.959883928070276
100500804,25873,0.9557197610493482
100500804,6164,0.9415465076754089
100500804,2197,0.8734478107578224
100500804,6233,0.9206069357447717
100500804,6224,0.9393293470178992
100500804,728658,0.9396980500495015
100500804,6137,0.9763543557301952
100500804,6203,0.8670578397737948
100500804,6165,0.9574133888751488
100500804,6171,0.9473643523385648
100500804,6208,0.9228454613100663
100500804,6160,0.9490987971462346
100500804,6169,0.9647198421825315
100500804,6210,0.910033730912027
100500804,6204,0.9488773047767495
100500804,6129,0.9647951016822124
100500804,6223,0.9625129490287563
100500804,6144,0.9435806566434919
100500804,6228,0.9552498828193313
100500804,6128,0.9490355350522571
100500804,6139,0.9323224282810526
100500804,6234,0.9315642849054083
100500804,106635684,0.9128273267040299
100500804,9349,0.9427356178420554
100500804,3945,0.8540001186821446
100500804,689,0.8735691871572424
100500804,6168,0.9495386096210737
100500804,106635533,0.9138590879960458
100500804,6146,0.9624062477201596
100500804,54543,0.9254785445488481
100500804,6227,0.9338189638501675
100500804,1350,0.8968613963510467
100500804,6157,0.9445593113038125
100500804,4869,0.9307497117960177
100500804,60674,0.9109416071954912
100500804,6173,0.939363849320144
100500804,6158,0.9174504040113938
100500804,100526842,0.930778701173161
100500804,50854,0.9352652671403602
100500804,3646,0.878626106708698
100500804,100131205,0.9435375827484098
100500804,2091,0.9315003796090358
100500804,1236,0.8610677295423651
100500804,6138,0.9207598610080043
100500804,100529239,0.9472554696386962
100500804,6167,0.9310727943803382
100500804,10541,0.862278403657237
100500804,9045,0.9504293682382229
100500804,100093630,0.8645230606341319
1915,6181,0.9371458272458655
1915,6156,0.9423515507794978
1915,6122,0.9502932441509757
1915,23521,0.9470882890351145
1915,6232,0.8945351835982621
1915,6230,0.9443923548001337
1915,6194,0.9500244334847932
1915,6202,0.9417196559665084
1915,113218487,0.9028483593864648
1915,6143,0.9483180996723309
1915,6141,0.9438641401825129
1915,6135,0.9423498282795703
1915,6142,0.9001479483352441
1915,6217,0.961323458003046
1915,6191,0.9444273988926516
1915,6187,0.9457962878617261
1915,6170,0.9361433777342093
1915,1937,0.9455156401903267
1915,6132,0.9032966630428585
1915,6125,0.9736035623970007
1915,6136,0.8988912072833173
1915,6207,0.9587045725663143
1915,6130,0.9637829301277132
1915,6218,0.940499809301209
1915,10399,0.9384306066536167
1915,11224,0.9202464275641216
1915,100616345,0.9019475150975748
1915,6176,0.9593290220143512
1915,6175,0.947331585125369
1915,4736,0.9629697541436278
1915,6154,0.9532697482659487
1915,3921,0.928021622691755
1915,6124,0.9745716368212681
1915,6147,0.9433468614309944
1915,1938,0.8957709831706168
1915,6193,0.905365647660593
1915,6134,0.9682891677849945
1915,6201,0.9592179725536885
1915,7178,0.9329781771224583
1915,6152,0.9554684471402558
1915,6209,0.9417672924803253
1915,6155,0.9346216020078573
1915,6133,0.9154097076666637
1915,6189,0.9462395522535768
1915,6159,0.9600144918092485
1915,6188,0.9434513755335455
1915,6161,0.9352128065333353
1915,29997,0.9227597202641002
1915,1933,0.9532256201132847
1915,25873,0.9282346392882966
1915,6164,0.935777919526479
1915,2197,0.8897926630157644
1915,6233,0.9294720025814601
1915,6224,0.9323582463181164
1915,728658,0.9214650129125267
1915,6137,0.9279161922135162
1915,6165,0.9562085313247969
1915,6171,0.9177099626102935
1915,6208,0.9460333711105808
1915,6160,0.9413320434968966
1915,6169,0.9413711943328263
1915,6210,0.940883594126866
1915,6204,0.9332456686427887
1915,6129,0.974226716529689
1915,6223,0.9294423117720029
1915,6144,0.915750934002612
1915,6228,0.931242452358352
1915,6128,0.9629378159886458
1915,6139,0.9590241010097915
1915,6234,0.8898350423911504
1915,106635684,0.97330600111273
1915,9349,0.9606471337638945
1915,689,0.943046762657106
1915,6168,0.9543936382379272
1915,6229,0.911349925203613
1915,106635533,0.9239024714306
1915,6146,0.9730806694935061
1915,54543,0.9114166991521407
1915,6227,0.9290516747945309
1915,1350,0.9218993695472677
1915,6157,0.9375211658498098
1915,4869,0.9580491584209379
1915,60674,0.9176004381172737
1915,6173,0.9447692582312185
1915,6158,0.9157769913363402
1915,27335,0.8544288329626569
1915,100526842,0.9531400116470993
1915,50854,0.930331431076089
1915,3646,0.9544998584779504
1915,1975,0.9444769009006289
1915,100131205,0.8851305946324876
1915,1327,0.8541403473554932
1915,2091,0.9191822232335856
1915,6138,0.9607099842689822
1915,100529239,0.9393322452909564
1915,6167,0.9391184108095948
1915,51386,0.9153539815541528
1915,664709,0.9182420030314329
1915,10541,0.9166036701980976
1915,9045,0.9703792032745845
1915,100093630,0.8852505086024199
6181,6205,0.8642711657056976
6181,6156,0.9715397368374924
6181,6122,0.9771107356161569
6181,23521,0.9817220537287105
6181,6232,0.9319868226464604
6181,6230,0.9665397772635785
6181,6194,0.9761435326150002
6181,6202,0.9583380798292144
6181,113218487,0.9657122242326618
6181,6143,0.9715150672909868
6181,6141,0.9780717577744237
6181,6135,0.9526404440541583
6181,6142,0.9533005110080343
6181,6217,0.9665892345161611
6181,6191,0.9595042942162147
6181,6187,0.9572259932713021
6181,6170,0.9470987062160504
6181,1937,0.9801152268857695
6181,6132,0.9193806084557569
6181,6125,0.9673214043726496
6181,6136,0.9333596430835714
6181,6207,0.9432686860802991
6181,6130,0.957725577469014
6181,6218,0.9591366201128574
6181,10399,0.9185627800477096
6181,11224,0.9555221701926385
6181,100616345,0.9298490135981724
6181,6176,0.964262546608738
6181,6175,0.963493351707523
6181,4736,0.9769987366285444
6181,6154,0.9102634959134124
6181,3921,0.9804195800477227
6181,6124,0.9652405154844318
6181,6147,0.9685369993335593
6181,6193,0.9632099175755587
6181,6134,0.970756444089859
6181,6201,0.9487460395795799
6181,7178,0.891792597704815
6181,6152,0.9496471929779516
6181,6209,0.9776720007218925
6181,6155,0.9495243941873733
6181,6133,0.9229895678402479
6181,6189,0.9492740244594671
6181,6159,0.9716281059507529
6181,6188,0.9656119753945833
6181,6161,0.9750634905159095
6181,29997,0.9569239112015927
6181,1933,0.9691111498863106
6181,25873,0.9719256719941834
6181,6164,0.9576841837282276
6181,2197,0.8958703771503205
6181,6233,0.9513242592307429
6181,6224,0.962648779131424
6181,728658,0.9509871174487289
6181,6137,0.9842151533267295
6181,6165,0.9710353399540353
6181,6171,0.9575307471979889
6181,6208,0.9498350923408486
6181,6160,0.9614020999075542
6181,6169,0.9745166162858941
6181,6210,0.943452476239017
6181,6204,0.9646045392553794
6181,6129,0.9649198005709677
6181,6223,0.9795682434084065
6181,6144,0.9580432599826543
6181,6228,0.9606939160778807
6181,6128,0.9474599457673063
6181,6139,0.9536806776084626
6181,6234,0.9424286869116903
6181,106635684,0.914015923290082
6181,9349,0.9453482901365796
6181,3945,0.8501776482916084
6181,689,0.8668129147732473
6181,6168,0.9675893452953971
6181,106635533,0.9440866591268987
6181,6146,0.969206320347908
6181,54543,0.9385389682013744
6181,6227,0.9629110927779055
6181,1350,0.8904174046757465
6181,6157,0.9624070553513947
6181,4869,0.9491088503323643
6181,60674,0.9464795918093475
6181,6173,0.951562702951543
6181,6158,0.9449211639245039
6181,100526842,0.9509944858353844
6181,50854,0.9513392136462506
6181,3646,0.8709702416161141
6181,100131205,0.9493656747497083
6181,2091,0.9438440390994438
6181,6138,0.9199866069471705
6181,100529239,0.9615978693680998
6181,6167,0.9579651543472084
6181,10541,0.8514825434655239
6181,9045,0.9629683951110993
6181,100093630,0.91678895782512
6156,6205,0.8848227746106756
6156,6122,0.9583263753821503
6156,23521,0.9811937477067164
6156,6232,0.9685486770316196
6156,6230,0.9907602375497429
6156,6194,0.9903361482587228
6156,6202,0.9648681652256642
6156,113218487,0.9568804331967162
6156,6143,0.9920447426329515
6156,6141,0.9801372483852556
6156,6135,0.9844853103405793
6156,6142,0.9545324043702328
6156,6217,0.9819351636730007
6156,6191,0.9628163210131159
6156,6187,0.9620279984242533
6156,6170,0.9601040691679675
6156,1937,0.97531911817144
6156,6132,0.9029095282134096
6156,6125,0.9763695644286423
6156,6136,0.9614463154649024
6156,6207,0.9588482765510786
6156,6130,0.967638573684511
6156,6218,0.9821646925991586
6156,10399,0.9234378132257245
6156,11224,0.981555373649308
6156,100616345,0.9464579637982214
6156,6176,0.9583204719145858
6156,6175,0.9628015318965443
6156,4736,0.9713267918931341
6156,6154,0.9538428128687009
6156,3921,0.968380412865778
6156,6124,0.9751685364120556
6156,6147,0.977773932664087
6156,6193,0.9601234638488645
6156,6134,0.9566027456029542
6156,6201,0.9774519369657565
6156,7178,0.9187246498987384
6156,6152,0.9714667544323201
6156,6209,0.9788110884204997
6156,6155,0.9814508872211175
6156,6133,0.9505928645922568
6156,6189,0.9579833376307966
6156,6159,0.97033543062933
6156,6188,0.9717881325816341
6156,6161,0.9950368849282893
6156,29997,0.9458868472620308
6156,1933,0.9861749856887113
6156,25873,0.9854333808984923
6156,6164,0.9564940723889799
6156,2197,0.9240935715085177
6156,6233,0.9625862460014127
6156,6224,0.9852044491025691
6156,728658,0.9660346478751373
6156,6137,0.9736723865872368
6156,6165,0.9820742543304118
6156,6171,0.9800124395638469
6156,6208,0.9684783490747476
6156,6160,0.9670016461209574
6156,6169,0.9920212387310731
6156,6210,0.9684157476360751
6156,6204,0.9865927839906794
6156,6129,0.9813247406469361
6156,6223,0.9623734166833501
6156,6144,0.9763985017044725
6156,6228,0.9589179065378093
6156,6128,0.9714542873550629
6156,6139,0.986956716234817
6156,6234,0.9282887823585242
6156,106635684,0.9061279946897514
6156,9349,0.973982950215715
6156,3945,0.8552921439074274
6156,689,0.8940767990093016
6156,6168,0.9719464182465225
6156,6229,0.8891767222401756
6156,106635533,0.9426492093223846
6156,6146,0.9864655355386946
6156,54543,0.942809782425153
6156,6227,0.9528834753821375
6156,1350,0.8928473845050277
6156,6157,0.9865538351064693
6156,4869,0.9446820152255433
6156,60674,0.9373760742346977
6156,6173,0.9807319573310562
6156,6158,0.9375165785806946
6156,100526842,0.9885168856260039
6156,50854,0.9584211766310686
6156,3646,0.9092700931431393
6156,100131205,0.9572858880999148
6156,2091,0.932814369241418
6156,1236,0.8628880467782617
6156,6138,0.9351674079312872
6156,100529239,0.9854319479276167
6156,6167,0.9879611943460951
6156,9045,0.9706315973336245
6156,100093630,0.9103938557150224
6122,23521,0.9757804019676555
6122,6232,0.9350895931971936
6122,6230,0.9633286640479555
6122,6194,0.9724546873696008
6122,6202,0.9440403427761228
6122,113218487,0.9481120240135162
6122,6143,0.9545505929631247
6122,6141,0.9629003587263352
6122,6135,0.9329855621968726
6122,6142,0.9267815142350982
6122,6217,0.9585968746357899
6122,6191,0.9555824240982157
6122,6187,0.9487008482666036
6122,6170,0.9240758923986474
6122,1937,0.9688251250397129
6122,6132,0.8988738758680042
6122,6125,0.9690596222238638
6122,6136,0.9107096829890882
6122,6207,0.9179435267308363
6122,6130,0.9631062654685478
6122,6218,0.9566969276921838
6122,10399,0.9027985308568282
6122,11224,0.9446967362495378
6122,100616345,0.9245719267806424
6122,6176,0.9538728335413393
6122,6175,0.961986761591522
6122,4736,0.9824190584351394
6122,6154,0.9027880420742367
6122,3921,0.9816192853476753
6122,6124,0.96530908438637
6122,6147,0.9653785839781117
6122,6193,0.9481219969838005
6122,6134,0.9833950328297195
6122,6201,0.9485695733165003
6122,7178,0.8812332587914132
6122,6152,0.9419222111427958
6122,6209,0.9592898815537038
6122,6155,0.9270912597278438
6122,6133,0.9088269648652894
6122,6189,0.9486186595068756
6122,6159,0.9522347685667693
6122,6188,0.9736696436768414
6122,6161,0.9551771970558565
6122,29997,0.9725495523126091
6122,1933,0.968058681674825
6122,25873,0.9493267069614292
6122,6164,0.9394452304163118
6122,2197,0.8709140993217918
6122,6233,0.9499256610175486
6122,6224,0.9484493974234764
6122,728658,0.9490117800654
6122,6137,0.9694419319538843
6122,6165,0.9521306791911196
6122,6171,0.9520453827406236
6122,6208,0.9440964155618382
6122,6160,0.946676234080439
6122,6169,0.9492014675804727
6122,6210,0.9409776115168831
6122,6204,0.9457479976525718
6122,6129,0.961553281615735
6122,6223,0.970553571518621
6122,6144,0.9498872792569275
6122,6228,0.9463564079223528
6122,6128,0.9496899872349182
6122,6139,0.9570251756277172
6122,113791,0.8599018173986096
6122,6234,0.9221305892246631
6122,106635684,0.9295131718585395
6122,9349,0.9265315835978649
6122,689,0.8623531931174627
6122,6168,0.9599605899309115
6122,106635533,0.9484268593663735
6122,6146,0.9627475721737739
6122,54543,0.9195610138343269
6122,6227,0.9461525476343264
6122,1350,0.8661461131791663
6122,6157,0.9505302544902897
6122,4869,0.9739939224738473
6122,60674,0.9531907935257286
6122,6173,0.9343858685879306
6122,6158,0.9195749222996452
6122,100526842,0.9524544789654166
6122,50854,0.9440237065650666
6122,3646,0.8589682401378848
6122,1975,0.8979400983457887
6122,100131205,0.9206446324481463
6122,2091,0.9659682434970175
6122,6138,0.9165721426608345
6122,100529239,0.9428882116632967
6122,6167,0.943092472382399
6122,664709,0.889847156917877
6122,1731,0.8512479083694873
6122,10541,0.8550123997912685
6122,9045,0.9732194692190609
6122,100093630,0.9237964429699991
23521,6205,0.908540386640085
23521,6232,0.9585682621440534
23521,6230,0.9751141089772871
23521,6194,0.9802871516075361
23521,6202,0.9763116291646184
23521,113218487,0.9759333917990861
23521,6143,0.9854254443415749
23521,6141,0.9904422980526528
23521,6135,0.971368004101985
23521,6142,0.9770658504690902
23521,6217,0.9763289063408098
23521,6191,0.9589139964791403
23521,6187,0.9745417099434194
23521,6170,0.9522723498088972
23521,1937,0.9837738976215782
23521,6132,0.9423094339795169
23521,6125,0.9741538211569872
23521,6136,0.9604615242932069
23521,6207,0.9431132030941763
23521,6130,0.9810722180720266
23521,6218,0.9782815756248259
23521,10399,0.9393880895136902
23521,11224,0.9820050713424942
23521,100616345,0.9274838357938546
23521,6176,0.9699420497938895
23521,6175,0.9817589590236191
23521,4736,0.9854582301066784
23521,6154,0.9414400027299323
23521,3921,0.9841996261647773
23521,6124,0.9677585256069999
23521,6147,0.9885217604113024
23521,6193,0.9750772739391346
23521,6134,0.9695492997055264
23521,6201,0.9714462424238219
23521,7178,0.8808864622835699
23521,6152,0.951600474181519
23521,6209,0.983207614805893
23521,6155,0.9617576583761561
23521,6133,0.9306339621762657
23521,6189,0.947736177856924
23521,6159,0.9816185310373813
23521,6188,0.9646588436551409
23521,6161,0.9794200133073977
23521,29997,0.9743489272256838
23521,1933,0.9839750018443892
23521,25873,0.975453952326391
23521,6164,0.9470555398032524
23521,2197,0.9306980257702736
23521,6233,0.954039009675597
23521,6224,0.9768370510841242
23521,728658,0.9831157410095706
23521,6137,0.9811595221718918
23521,6165,0.9655967937908939
23521,6171,0.9746404719806747
23521,6208,0.9424549290055475
23521,6160,0.9501841266642692
23521,6169,0.9746234549240701
23521,6210,0.9474544733666042
23521,6204,0.9745243130493773
23521,6129,0.9702843543197567
23521,6223,0.983976249861511
23521,6144,0.9651337120259872
23521,6228,0.9741940040195298
23521,6128,0.9631199608323974
23521,6139,0.9739016316160223
23521,6234,0.9244030877447365
23521,106635684,0.9241878882898534
23521,9349,0.9602567660171263
23521,689,0.876067765636722
23521,6168,0.9766519205229228
23521,6229,0.8646675377548556
23521,106635533,0.9374789396976683
23521,6146,0.9734571475582218
23521,54543,0.9262388595514816
23521,6227,0.9537504131041841
23521,1350,0.8815814991610404
23521,6157,0.9753167055735475
23521,4869,0.947435821892884
23521,60674,0.9363414425468454
23521,6173,0.954801098388734
23521,6158,0.9380218166880965
23521,100526842,0.9718422072298866
23521,50854,0.9440397249638706
23521,3646,0.8829328142828333
23521,1975,0.8699588021253616
23521,100131205,0.9463178848045611
23521,2091,0.9385483458504552
23521,6138,0.9465419762356719
23521,100529239,0.9740766972940534
23521,6167,0.9716613108598086
23521,9045,0.969916232304396
23521,100093630,0.917662584456052
6232,6205,0.89702122797983
6232,6230,0.9684169064994994
6232,6194,0.9634451150703702
6232,6202,0.9323960585017592
6232,113218487,0.9303151726753766
6232,6143,0.9619639845761013
6232,6141,0.9567875251020668
6232,6135,0.9567703080529602
6232,6142,0.9398918582381003
6232,6217,0.953610060951157
6232,6191,0.9188596405911896
6232,6187,0.9326613410671493
6232,6170,0.9260698734754934
6232,1937,0.9322715122990932
6232,6132,0.8635877536521299
6232,6125,0.9343796967935994
6232,6136,0.9550439072609551
6232,6207,0.8985174212098653
6232,6130,0.9554127202276977
6232,6218,0.9728139725018906
6232,10399,0.8755493238712676
6232,11224,0.9781277496227233
6232,100616345,0.9162802594850619
6232,6176,0.9262063237194637
6232,6175,0.9302486097507823
6232,4736,0.9440143986755833
6232,6154,0.9393810648802318
6232,3921,0.9487522871353362
6232,6124,0.9225251874791457
6232,6147,0.9734810148621472
6232,6193,0.9379063711313004
6232,6134,0.9269590593036369
6232,6201,0.9615339230286135
6232,6152,0.9277213103356307
6232,6209,0.948380930147463
6232,6155,0.9472210089670392
6232,6133,0.9205882596835927
6232,6189,0.9299160400074317
6232,6159,0.9258488940930507
6232,6188,0.9417376827778248
6232,6161,0.9611290409341959
6232,29997,0.9312019470163728
6232,1933,0.9651849836387635
6232,25873,0.9557382438839334
6232,6164,0.897647685780725
6232,2197,0.9085792669978815
6232,6233,0.9371263379901129
6232,6224,0.9686909115238401
6232,728658,0.9625769029789689
6232,6137,0.9308340412503227
6232,6165,0.9301520380198689
6232,6171,0.9653945091056458
6232,6208,0.9251045724567073
6232,6160,0.9064548342439221
6232,6169,0.9453225977122619
6232,6210,0.9446281486420487
6232,6204,0.9527880116754656
6232,6129,0.9311656971191442
6232,6223,0.9394547079976497
6232,6144,0.951874496634419
6232,6228,0.936626311109169
6232,6128,0.9289883051025996
6232,6139,0.9722939668007061
6232,6234,0.8764268490278174
6232,106635684,0.8510542027075959
6232,9349,0.9301349196306781
6232,6168,0.9463426924503311
6232,106635533,0.9175214161676992
6232,6146,0.9449765250676831
6232,54543,0.8801750764540245
6232,6227,0.9119246890333859
6232,6157,0.9678534137884194
6232,4869,0.9183948263855688
6232,60674,0.9194567669778804
6232,6173,0.9400418152251137
6232,6158,0.9131892219159645
6232,100526842,0.9713739059904513
6232,50854,0.9160441307564801
6232,100131205,0.9030375882651497
6232,23642,0.8590713063495536
6232,2091,0.9096981514220808
6232,6138,0.9040920693005718
6232,100529239,0.9509134030549011
6232,6167,0.9781492702022465
6232,9045,0.9350622869989081
6232,100093630,0.930008801877644
6230,6205,0.8552392892940321
6230,6194,0.9909030619580015
6230,6202,0.9608955813909206
6230,113218487,0.9420449415425328
6230,6143,0.9792312836085907
6230,6141,0.9716923799288677
6230,6135,0.9694241948054699
6230,6142,0.9366423006506606
6230,6217,0.983273090304371
6230,6191,0.9629616689375493
6230,6187,0.9513154105795963
6230,6170,0.960499895457228
6230,1937,0.9660739257564147
6230,6132,0.8824602733339026
6230,6125,0.9768347159116707
6230,6136,0.9437443535991451
6230,6207,0.9520218571982353
6230,6130,0.9632074720830315
6230,6218,0.9824124999813969
6230,10399,0.9013868660405259
6230,11224,0.9725951091996781
6230,100616345,0.9537833216838161
6230,6176,0.9533329116127386
6230,6175,0.9600151056669933
6230,4736,0.9725388325377737
6230,6154,0.9438736927476412
6230,3921,0.9668643655760093
6230,6124,0.9713066791511158
6230,6147,0.9733462002582923
6230,6193,0.9483291469032136
6230,6134,0.9579797867997442
6230,6201,0.9748949164879307
6230,7178,0.9264442576314521
6230,6152,0.9693907506978616
6230,6209,0.9713760595453383
6230,6155,0.9731381026365565
6230,6133,0.9556215610150466
6230,6189,0.9695810858858326
6230,6159,0.9578830441250947
6230,6188,0.981074651196405
6230,6161,0.9876092669183143
6230,29997,0.9451968102531465
6230,1933,0.9859930050055785
6230,25873,0.9811298077051092
6230,6164,0.9541164590952551
6230,2197,0.9079544148819362
6230,6233,0.9709309286998143
6230,6224,0.9828987573022286
6230,728658,0.9592342377047596
6230,6137,0.967739194370066
6230,6165,0.9753180993932438
6230,6171,0.9664217512248304
6230,6208,0.9728573496373778
6230,6160,0.9651595810757626
6230,6169,0.9840603496488477
6230,6210,0.9776918193806509
6230,6204,0.9839515381390358
6230,6129,0.9760322837080776
6230,6223,0.9619292574966258
6230,6144,0.9705883759943152
6230,6228,0.9481634989611877
6230,6128,0.962207595014819
6230,6139,0.9882766306849032
6230,113791,0.87358851108281
6230,6234,0.9138797587941625
6230,106635684,0.9030976759305759
6230,9349,0.9621484134862281
6230,3945,0.8615222231913154
6230,689,0.879318206563076
6230,6168,0.970046374965541
6230,6229,0.8668503777014621
6230,106635533,0.9582951507186794
6230,6146,0.9792839118496003
6230,54543,0.9393667613656772
6230,6227,0.9573971512958582
6230,1350,0.8821418917180434
6230,6157,0.9801686720313257
6230,4869,0.9530946510387638
6230,60674,0.9527695133208759
6230,6173,0.9728545258154448
6230,6158,0.9355386645345085
6230,100526842,0.989607669306808
6230,50854,0.9508031206227707
6230,3646,0.9059383154398031
6230,1975,0.8594097296061144
6230,1606,0.8547878641731319
6230,100131205,0.943524115325681
6230,2091,0.9306210102801226
6230,1236,0.8527559225769729
6230,6138,0.918007579030758
6230,100529239,0.982187991067531
6230,6167,0.9836517381454619
6230,9045,0.9732679760463856
6230,100093630,0.9212047757833667
6194,6205,0.8594574100061821
6194,6202,0.9659464394535175
6194,113218487,0.9572477183757893
6194,6143,0.9815137538483037
6194,6141,0.9758312082892743
6194,6135,0.9696795303136646
6194,6142,0.9456845444056081
6194,6217,0.9844628092716684
6194,6191,0.9701238844573639
6194,6187,0.9592557063201099
6194,6170,0.9643114616466603
6194,1937,0.975351710189249
6194,6132,0.8900539532312731
6194,6125,0.9852368534214299
6194,6136,0.9449862501961884
6194,6207,0.9556125547288773
6194,6130,0.964434456185253
6194,6218,0.9824007981737393
6194,10399,0.9078431172190166
6194,11224,0.970757736233589
6194,100616345,0.9506110392358484
6194,6176,0.9589973871196351
6194,6175,0.9654896175747004
6194,4736,0.979845869641662
6194,6154,0.9411722728700016
6194,3921,0.9726250998704445
6194,6124,0.9792302685511283
6194,6147,0.9763067514823749
6194,6193,0.960410049845558
6194,6134,0.9659062481202875
6194,6201,0.9775549554823604
6194,7178,0.9195390212451462
6194,6152,0.9683723871747877
6194,6209,0.9712692327061329
6194,6155,0.9718445122668652
6194,6133,0.9541797224056715
6194,6189,0.9739932686705918
6194,6159,0.9643201287956011
6194,6188,0.9797208662958281
6194,6161,0.9898107920188638
6194,29997,0.9520213342348186
6194,1933,0.9889649770010576
6194,25873,0.9794888113632158
6194,6164,0.9602264116419889
6194,2197,0.9078947037384302
6194,6233,0.9701718997246886
6194,6224,0.9844006167011908
6194,728658,0.9579608861296325
6194,6137,0.9735342004160612
6194,6165,0.9778067069081577
6194,6171,0.9663510522130186
6194,6208,0.9726841536890762
6194,6160,0.966980605288466
6194,6169,0.9811091779352468
6194,6210,0.977098670080621
6194,6204,0.9812066885310808
6194,6129,0.9767763884894636
6194,6223,0.9680983048415734
6194,6144,0.9697669804367954
6194,6228,0.958359894810518
6194,6128,0.9621372352081419
6194,6139,0.985649460414254
6194,113791,0.8810890239986238
6194,6234,0.9238990574433399
6194,106635684,0.9139870154850364
6194,9349,0.9615244731122528
6194,3945,0.8606690009042313
6194,689,0.8782871822835162
6194,6168,0.9699575143131883
6194,6229,0.8635051999042505
6194,106635533,0.9643555065082405
6194,6146,0.9839839778202641
6194,54543,0.9331690277642081
6194,6227,0.9634748382457219
6194,1350,0.8760723958657193
6194,6157,0.9766775290951311
6194,4869,0.9655228016717448
6194,60674,0.9622500588858861
6194,6173,0.9711474155222931
6194,6158,0.9352088062030729
6194,100526842,0.9861878725108122
6194,50854,0.9622688768367479
6194,3646,0.9039219780197748
6194,1975,0.8662225372797743
6194,1606,0.8536152639412548
6194,100131205,0.9442627277823712
6194,2091,0.9419975831144644
6194,1236,0.8625482800820541
6194,6138,0.9262671507846131
6194,100529239,0.9792538706690911
6194,6167,0.9831633742576346
6194,664709,0.8507205525909227
6194,10541,0.8508055415447926
6194,9045,0.9750852701384186
6194,100093630,0.9230703022567412
6202,6205,0.9197474097890173
6202,113218487,0.9653376714817361
6202,6143,0.9691368375505598
6202,6141,0.9760947363759769
6202,6135,0.9624318049648286
6202,6142,0.9693830993649534
6202,6217,0.9673179384176964
6202,6191,0.9406308207496258
6202,6187,0.9449979748248446
6202,6170,0.972027746668049
6202,1937,0.9645512098211685
6202,6132,0.9436418618663845
6202,6125,0.9763416533139396
6202,6136,0.9399235206790854
6202,6207,0.9664849832058314
6202,6130,0.9676286678016865
6202,6218,0.9732935467783448
6202,10399,0.9350406509624559
6202,11224,0.9605947779338035
6202,100616345,0.9390903413128254
6202,6176,0.9471083956615655
6202,6175,0.9681185051048935
6202,4736,0.9786960726858452
6202,6154,0.9399165563328052
6202,3921,0.9620931707143674
6202,6124,0.9545520143920397
6202,6147,0.9591355032200944
6202,6193,0.9730272730744008
6202,6134,0.9508088543218007
6202,6201,0.9668273133612929
6202,7178,0.8752648817465927
6202,6152,0.9510083867048982
6202,6209,0.9602887821271568
6202,6155,0.9563177721498284
6202,6133,0.9378022577007752
6202,6189,0.961799808909504
6202,6159,0.9808204218217681
6202,6188,0.9307599261068635
6202,6161,0.9623236294073216
6202,29997,0.9444655276731824
6202,1933,0.9803184280722179
6202,25873,0.9458612218472173
6202,6164,0.955862252886014
6202,2197,0.9432107235548702
6202,6233,0.9519609320915876
6202,6224,0.9668354699894868
6202,728658,0.9484959682160258
6202,6137,0.9510680579215358
6202,6165,0.9662789270150794
6202,6171,0.9431642362263809
6202,6208,0.9269066282359177
6202,6160,0.9520804701339974
6202,6169,0.9641659402537542
6202,6210,0.9354338855572039
6202,6204,0.9622750928054661
6202,6129,0.9599741825688797
6202,6223,0.9666581572440972
6202,6144,0.9481703632782688
6202,6228,0.9885615686142215
6202,6128,0.9478251839099705
6202,6139,0.9593780186675879
6202,6234,0.9076716412082056
6202,106635684,0.9027211390396224
6202,9349,0.9734079904742954
6202,689,0.8668107293092548
6202,6168,0.9813046886228133
6202,6229,0.8694802328894335
6202,106635533,0.9385846667277291
6202,6146,0.9676851411358496
6202,54543,0.9145995856885472
6202,6227,0.9535675290084669
6202,1350,0.8964376256187702
6202,6157,0.9424702027619417
6202,4869,0.9230278776813854
6202,60674,0.9276363423554895
6202,6173,0.9393451351115675
6202,6158,0.8991993217059793
6202,100526842,0.9593774394795728
6202,50854,0.9499011694243724
6202,3646,0.9092161382700574
6202,1975,0.8510262155068314
6202,100131205,0.9344356216792553
6202,2091,0.8867275587456328
6202,6138,0.9491780091185069
6202,100529239,0.9663761191116391
6202,6167,0.9640987402263861
6202,9045,0.9367289669284531
6202,100093630,0.9112084397752997
113218487,6205,0.9139207393130954
113218487,6143,0.9650628420336733
113218487,6141,0.9774534036309159
113218487,6135,0.9511728164926598
113218487,6142,0.979589529592568
113218487,6217,0.9531085904413187
113218487,6191,0.9393129925900329
113218487,6187,0.9570913380678934
113218487,6170,0.9323087466287531
113218487,1937,0.9686797409992156
113218487,6132,0.9458260189528088
113218487,6125,0.9544413339590511
113218487,6136,0.944553490121304
113218487,6207,0.9260230857760186
113218487,6130,0.9517018200435693
113218487,6218,0.9582491285254019
113218487,10399,0.9232966919679865
113218487,11224,0.9566088623290324
113218487,100616345,0.9067068906483358
113218487,6176,0.9437820558997667
113218487,6175,0.9669313607825303
113218487,4736,0.9666475705328798
113218487,6154,0.9055615600138728
113218487,3921,0.9644540728471391
113218487,6124,0.9403228465303537
113218487,6147,0.9612931739219348
113218487,6193,0.9965311477614255
113218487,6134,0.9398768737099666
113218487,6201,0.9437603155146016
113218487,6152,0.9198660400739264
113218487,6209,0.9627242728725509
113218487,6155,0.9390310515274288
113218487,6133,0.8963748051770928
113218487,6189,0.9187516065291328
113218487,6159,0.9675845891212266
113218487,6188,0.9264546869694893
113218487,6161,0.9617056701623092
113218487,29997,0.9577296435413637
113218487,1933,0.968564225054538
113218487,25873,0.9484344791621826
113218487,6164,0.9262646778720496
113218487,2197,0.9174464855684594
113218487,6233,0.921458426656261
113218487,6224,0.9465197512908594
113218487,728658,0.9558159676034967
113218487,6137,0.962162949852976
113218487,6165,0.9433073961472396
113218487,6171,0.9500316426496227
113218487,6208,0.9069338605856939
113218487,6160,0.9261934409094708
113218487,6169,0.9507096148047087
113218487,6210,0.9099938157743385
113218487,6204,0.9503134235923096
113218487,6129,0.9352454002321113
113218487,6223,0.9701947254280124
113218487,6144,0.9458512737922529
113218487,6228,0.9719076203595821
113218487,6128,0.9261174576052675
113218487,6139,0.9359726648178625
113218487,6234,0.9230141767891826
113218487,106635684,0.8737991285230118
113218487,9349,0.9368075872327175
113218487,6168,0.9555764575814645
113218487,106635533,0.9141238525869653
113218487,6146,0.9508822723993818
113218487,54543,0.8767305026615666
113218487,6227,0.9351580709341442
113218487,1350,0.8501020517633694
113218487,6157,0.9395261918595512
113218487,4869,0.9155771704673725
113218487,60674,0.9145018589144782
113218487,6173,0.9220958419165914
113218487,6158,0.9021372621484406
113218487,100526842,0.934247773587173
113218487,50854,0.9460380683552333
113218487,3646,0.8518282551280247
113218487,100131205,0.9315579828748738
113218487,2091,0.9089143588801216
113218487,1236,0.8597396996647975
113218487,6138,0.9257801603698388
113218487,100529239,0.950055427454465
113218487,6167,0.9473360543094181
113218487,9045,0.9264580997389027
113218487,100093630,0.9040187409936427
6143,6205,0.9120304093136278
6143,6141,0.9895122497441153
6143,6135,0.9916589008509649
6143,6142,0.971718219468661
6143,6217,0.9825345773490358
6143,6191,0.9574707914409676
6143,6187,0.9808534811992627
6143,6170,0.9499504153295346
6143,1937,0.9805924664032585
6143,6132,0.9299281158005377
6143,6125,0.9724315790747393
6143,6136,0.9754613451690785
6143,6207,0.9588107233621912
6143,6130,0.9790721316428695
6143,6218,0.9822860806747871
6143,10399,0.9545006233664564
6143,11224,0.9880654218926944
6143,100616345,0.9252750614791787
6143,6176,0.9733086360439698
6143,6175,0.9746182480384378
6143,4736,0.9728177139013502
6143,6154,0.9656934995936036
6143,3921,0.9656588175999162
6143,6124,0.9778542200945117
6143,6147,0.9810241982860398
6143,6193,0.9652306260801967
6143,6134,0.9585750467920214
6143,6201,0.9775219755141058
6143,7178,0.9034126346877698
6143,6152,0.9650824151616287
6143,6209,0.9900896616299293
6143,6155,0.9807662667229335
6143,6133,0.9362230478704342
6143,6189,0.9418596968903956
6143,6159,0.9844757344483896
6143,6188,0.9587994178345213
6143,6161,0.9913664438857751
6143,29997,0.9537740561129721
6143,1933,0.982772623997664
6143,25873,0.9852566747276172
6143,6164,0.9446438626054711
6143,2197,0.933417284840106
6143,6233,0.945156552767481
6143,6224,0.9809075181207842
6143,728658,0.9753469876920194
6143,6137,0.9772745728298621
6143,6165,0.9760686595657632
6143,6171,0.9810400933043564
6143,6208,0.9553449448114021
6143,6160,0.9563609732845205
6143,6169,0.9889798027962928
6143,6210,0.9504754677618
6143,6204,0.983370319322043
6143,6129,0.9820480805569167
6143,6223,0.9671213385267097
6143,6144,0.9714787067670068
6143,6228,0.9640824850596985
6143,6128,0.9802510050890259
6143,6139,0.9835033516699471
6143,6234,0.9368198681681202
6143,106635684,0.9181465733347577
6143,9349,0.9796101892275301
6143,689,0.9177060747783385
6143,6168,0.9759504049166354
6143,6229,0.9170184030540325
6143,106635533,0.9233825456381093
6143,6146,0.986230510962319
6143,54543,0.9275954761568269
6143,6227,0.9415018752266875
6143,1350,0.9020845262928787
6143,6157,0.9883622786057316
6143,4869,0.9345887582361193
6143,60674,0.9201450730997384
6143,6173,0.9813522159948441
6143,6158,0.9514806216213711
6143,100526842,0.9824411667829682
6143,50854,0.9546154482182067
6143,3646,0.9132022583270268
6143,1975,0.8556245211839589
6143,100131205,0.952518068053512
6143,1327,0.8600722660008755
6143,2091,0.9381444090957296
6143,1236,0.8529958852060202
6143,6138,0.9600174802546386
6143,100529239,0.984226919588319
6143,6167,0.9862011393678825
6143,51386,0.8558769536563897
6143,10541,0.8522206813343816
6143,9045,0.9681759830820214
6143,100093630,0.9083375583616871
6141,6205,0.9210248648038198
6141,6135,0.9824793841544215
6141,6142,0.9839113648852303
6141,6217,0.979925255583457
6141,6191,0.9595469360754066
6141,6187,0.9807062184935096
6141,6170,0.9473916329267371
6141,1937,0.982715157394357
6141,6132,0.9502861788081195
6141,6125,0.9738037609274273
6141,6136,0.9666960331559059
6141,6207,0.9517239061450142
6141,6130,0.9826253510002213
6141,6218,0.9813645475510142
6141,10399,0.956928615651936
6141,11224,0.9829241898325308
6141,100616345,0.9166847309369193
6141,6176,0.9764549364727112
6141,6175,0.9784432458983277
6141,4736,0.9822383853951798
6141,6154,0.9549847345351966
6141,3921,0.9716085767679444
6141,6124,0.9706347912112137
6141,6147,0.9827311290843098
6141,1938,0.8525133232676726
6141,6193,0.9769274800141243
6141,6134,0.9668317549917091
6141,6201,0.9747731672906028
6141,7178,0.8775508553561726
6141,6152,0.9529040339118507
6141,6209,0.9885178808066978
6141,6155,0.9677231586280798
6141,6133,0.9329374376286125
6141,6189,0.9406100063470164
6141,6159,0.9880790424340058
6141,6188,0.9534746776210936
6141,6161,0.9808959832212781
6141,29997,0.9708139280326881
6141,1933,0.9816660571346765
6141,25873,0.978833909994958
6141,6164,0.9373888247770168
6141,2197,0.9381958618546543
6141,6233,0.939819478420029
6141,6224,0.9731093688029462
6141,728658,0.978350260976977
6141,6137,0.9796502803785456
6141,6165,0.9669003539811994
6141,6171,0.9692432111302441
6141,6208,0.9372392444156925
6141,6160,0.941571685763227
6141,6169,0.9752812721939123
6141,6210,0.9442282013226976
6141,6204,0.9721752895292921
6141,6129,0.9701225667369465
6141,6223,0.9764550354349277
6141,6144,0.958881305984381
6141,6228,0.9725022892432665
6141,6128,0.9634782640773595
6141,6139,0.9733398223764675
6141,6234,0.9332424243465028
6141,106635684,0.9132293268288794
6141,9349,0.9687260528321134
6141,689,0.8933906701996779
6141,6168,0.9780802174460114
6141,6229,0.887500568602916
6141,106635533,0.9273156047817149
6141,6146,0.9796685107167616
6141,54543,0.913088737834546
6141,6227,0.9469084899494422
6141,1350,0.8834823015232142
6141,6157,0.9747181635894869
6141,4869,0.9379880019758041
6141,60674,0.9258067212844714
6141,6173,0.9565209516486314
6141,6158,0.9486272089456307
6141,100526842,0.969492585820027
6141,50854,0.9555755874670895
6141,3646,0.896430841984233
6141,1975,0.8673479299665608
6141,100131205,0.9347050078241883
6141,2091,0.9358567014867469
6141,6138,0.9594658903891399
6141,100529239,0.9735070370348852
6141,6167,0.9772829614791049
6141,51386,0.8507328967856185
6141,9045,0.9623463123720996
6141,100093630,0.9162102597936914
6135,6205,0.9172584540949509
6135,6142,0.9658525451221843
6135,6217,0.9730668215706442
6135,6191,0.9452646116045844
6135,6187,0.9731303131727589
6135,6170,0.9428852320413753
6135,1937,0.9727733602307645
6135,6132,0.9261604559950862
6135,6125,0.9626973920223241
6135,6136,0.9734671077337043
6135,6207,0.9533753508816336
6135,6130,0.9690295754264593
6135,6218,0.9746041402561365
6135,10399,0.9564945089343715
6135,11224,0.9792777799573629
6135,100616345,0.9062382043858319
6135,6176,0.966381230040837
6135,6175,0.9631658965397638
6135,4736,0.9596920729359443
6135,6154,0.9706390464531467
6135,3921,0.9439546760775945
6135,6124,0.9707965743053371
6135,6147,0.9701794160260466
6135,6193,0.95363653071563
6135,6134,0.9387063600648315
6135,6201,0.9710675725303728
6135,7178,0.8975290525987629
6135,6152,0.9532532546780038
6135,6209,0.9744758515257685
6135,6155,0.9733668934097044
6135,6133,0.9277153310195698
6135,6189,0.9288622348355225
6135,6159,0.9756335923473314
6135,6188,0.9369736483026497
6135,6161,0.9815502595036777
6135,29997,0.9373071130924978
6135,1933,0.9753179622636929
6135,25873,0.9775803829745114
6135,6164,0.925749990965972
6135,2197,0.9336813052692381
6135,6233,0.9246933780344676
6135,6224,0.9714167525382812
6135,728658,0.9681931068939758
6135,6137,0.9601347868400898
6135,6165,0.9648052266337336
6135,6171,0.9669216825034447
6135,6208,0.9382716003400683
6135,6160,0.9347726372731475
6135,6169,0.9776208906960125
6135,6210,0.9427919720507695
6135,6204,0.9698595435416626
6135,6129,0.9718415059668528
6135,6223,0.9418676212145934
6135,6144,0.9490552076362254
6135,6228,0.9555038203957813
6135,6128,0.9672190043994816
6135,6139,0.975863872916971
6135,6234,0.9193047440761518
6135,106635684,0.905375810766369
6135,9349,0.9821371937420619
6135,689,0.9133873954384976
6135,6168,0.963186999857074
6135,6229,0.9175602664239942
6135,106635533,0.9071107493917331
6135,6146,0.9832004478768464
6135,54543,0.9137116961956395
6135,6227,0.9217360766940839
6135,1350,0.8858245949285558
6135,6157,0.9759322193811396
6135,4869,0.9200008078204954
6135,60674,0.9011379103003824
6135,6173,0.9756664199972791
6135,6158,0.9438195719683415
6135,100526842,0.9749691893290607
6135,50854,0.9483403633250436
6135,3646,0.9227066407650196
6135,1975,0.8512187129863458
6135,100131205,0.9244226280518716
6135,1327,0.8616567052066962
6135,2091,0.9109513981247582
6135,6138,0.957412591151677
6135,100529239,0.9731697743940431
6135,6167,0.9803804626869325
6135,51386,0.8677756856401393
6135,9045,0.9536987096389783
6135,100093630,0.9020520066385083
6142,6205,0.9539315069109549
6142,6217,0.9481619525904471
6142,6191,0.9213732871319313
6142,6187,0.9646247283777183
6142,6170,0.9246995476366756
6142,1937,0.9664523227809898
6142,6132,0.9594575888252209
6142,6125,0.9401608430799788
6142,6136,0.9679054882191995
6142,6207,0.9208827576393982
6142,6130,0.9616027432594979
6142,6218,0.960595011456364
6142,10399,0.9494845893846694
6142,11224,0.9738085279010128
6142,100616345,0.8803352489909602
6142,6176,0.9498098223297077
6142,6175,0.9688196793797048
6142,4736,0.9590121767412
6142,6154,0.9293649428046755
6142,3921,0.9535426561932334
6142,6124,0.9325954233028413
6142,6147,0.9696310088494466
6142,6193,0.9782851094022994
6142,6134,0.925571241068749
6142,6201,0.948570696562817
6142,6152,0.9085867330135476
6142,6209,0.967161014128291
6142,6155,0.9412999151920137
6142,6133,0.9027315350570747
6142,6189,0.9010012693004685
6142,6159,0.9729451107843194
6142,6188,0.9048957641750884
6142,6161,0.957173792726851
6142,29997,0.9570270364770435
6142,1933,0.9603638896330714
6142,25873,0.9542721655280302
6142,6164,0.9027548992996922
6142,2197,0.9369096904641276
6142,6233,0.9017228903054332
6142,6224,0.9537159021401431
6142,728658,0.9716476466982702
6142,6137,0.9593481424648952
6142,6165,0.931238241997363
6142,6171,0.9557108963021596
6142,6208,0.8822954424012565
6142,6160,0.901691906371619
6142,6169,0.9473919874775995
6142,6210,0.8978209097266753
6142,6204,0.9482999402601349
6142,6129,0.9329976645890562
6142,6223,0.9651827465671177
6142,6144,0.9370708188296989
6142,6228,0.9709966175743888
6142,6128,0.9318584652919871
6142,6139,0.9398669452419398
6142,6234,0.904842655509753
6142,106635684,0.8686022943331009
6142,9349,0.9469786224554837
6142,6168,0.9551484328039117
6142,6229,0.856572297988185
6142,106635533,0.8876315002068106
6142,6146,0.9454293347526537
6142,54543,0.8687122440573417
6142,6227,0.9153549130909996
6142,6157,0.9470501374144952
6142,4869,0.8916402605309723
6142,60674,0.8881952671822732
6142,6173,0.9207394298553729
6142,6158,0.9210156613749458
6142,100526842,0.9367317121363739
6142,50854,0.9221032385891469
6142,3646,0.8513541597416653
6142,100131205,0.9168548414703259
6142,2091,0.8960098019284138
6142,6138,0.9465602233144945
6142,100529239,0.9502824696954573
6142,6167,0.9527489686428664
6142,9045,0.9194990797278818
6142,100093630,0.8952433056834938
6217,6205,0.8719717757634473
6217,6191,0.9538579750239853
6217,6187,0.9641904128348494
6217,6170,0.9670329760680727
6217,1937,0.9629863699246378
6217,6132,0.9143786421630616
6217,6125,0.9849563012865445
6217,6136,0.9379937492560234
6217,6207,0.9702540908793561
6217,6130,0.9739087185376154
6217,6218,0.9803137248206236
6217,10399,0.9252861898100531
6217,11224,0.9706309508472295
6217,100616345,0.9432064041090217
6217,6176,0.9683570041309213
6217,6175,0.9634366796615046
6217,4736,0.9780641448958117
6217,6154,0.9613037826965809
6217,3921,0.9564556699236867
6217,6124,0.9765810041518632
6217,6147,0.9684538357259211
6217,6193,0.9563625209521077
6217,6134,0.9644690051660824
6217,6201,0.9823033946716021
6217,7178,0.9275787387445338
6217,6152,0.9757349516742123
6217,6209,0.9791665255455083
6217,6155,0.9779034503649863
6217,6133,0.9493592600026347
6217,6189,0.9647953696412138
6217,6159,0.9747611607796902
6217,6188,0.9743548134464013
6217,6161,0.9784392115271082
6217,29997,0.9500683465709644
6217,1933,0.9821092512777555
6217,25873,0.9731059217444465
6217,6164,0.9604860563681631
6217,2197,0.9408196901195259
6217,6233,0.9633514135911733
6217,6224,0.9809664198705377
6217,728658,0.9585783521036675
6217,6137,0.9646795054383418
6217,6203,0.8513073893687163
6217,6165,0.9789993282504204
6217,6171,0.9540475499573017
6217,6208,0.9754516695644422
6217,6160,0.9635642804140363
6217,6169,0.9781453162787737
6217,6210,0.9736002417013053
6217,6204,0.9794694127490833
6217,6129,0.9737552412918328
6217,6223,0.9655234361775917
6217,6144,0.9578845373330872
6217,6228,0.9546700419625136
6217,6128,0.9653613823344658
6217,6139,0.9846938206385463
6217,113791,0.8543141066976505
6217,6234,0.9292485514020373
6217,106635684,0.9278179490336109
6217,9349,0.9733346589848437
6217,689,0.9061163003193364
6217,6168,0.9773346791861388
6217,6229,0.8903140911490971
6217,106635533,0.9533917298307545
6217,6146,0.9832934107083116
6217,54543,0.9260707095990897
6217,6227,0.966106646076202
6217,1350,0.9027629850862773
6217,6157,0.9758642697882495
6217,4869,0.9487853350348748
6217,60674,0.9466844470069816
6217,6173,0.9716037193618716
6217,6158,0.9405997781619965
6217,100526842,0.9844639345654081
6217,50854,0.9590201414135172
6217,3646,0.9285575461470491
6217,1975,0.8820564129052616
6217,100131205,0.9341866626355513
6217,2091,0.9226337762249648
6217,6138,0.9446687039303427
6217,100529239,0.9811077967202073
6217,6167,0.9812359311783306
6217,51386,0.8523569141993559
6217,664709,0.8590611928095919
6217,10541,0.8586126742568474
6217,9045,0.9730009384325736
6217,100093630,0.9175976791948658
6191,6187,0.952412200519879
6191,6170,0.93346560348321
6191,1937,0.9600007806809862
6191,6132,0.883600380423841
6191,6125,0.9651498453032261
6191,6136,0.9183051903435059
6191,6207,0.9412899924925177
6191,6130,0.9427520582032838
6191,6218,0.9567268493445302
6191,10399,0.9104760685422183
6191,11224,0.9377326771435831
6191,100616345,0.9179194474513847
6191,6176,0.9387078593315756
6191,6175,0.946156850175743
6191,4736,0.960382291076741
6191,6154,0.9176024054855476
6191,3921,0.9523518323201123
6191,6124,0.9665392559854102
6191,6147,0.9542288073229352
6191,6193,0.9398632866350323
6191,6134,0.9594520182928932
6191,6201,0.9515178194975874
6191,7178,0.9017521521353994
6191,6152,0.9488810482269865
6191,6209,0.9528396598217923
6191,6155,0.9448998275789224
6191,6133,0.9289859639183473
6191,6189,0.9421944901671072
6191,6159,0.9517930968225274
6191,6188,0.954750192683632
6191,6161,0.9693266681225222
6191,29997,0.93444944038776
6191,1933,0.9589357832651946
6191,25873,0.9546841570645841
6191,6164,0.9380089341345857
6191,2197,0.8749700512579779
6191,6233,0.9388173360896503
6191,6224,0.9390073022576626
6191,728658,0.9232933345430552
6191,6137,0.9602407263718307
6191,6165,0.9576497846784002
6191,6171,0.9336982786428591
6191,6208,0.9466585843467168
6191,6160,0.9464047334492207
6191,6169,0.9595617465543743
6191,6210,0.9519129012429114
6191,6204,0.954316265272417
6191,6129,0.964618913824987
6191,6223,0.950882501388931
6191,6144,0.9414741200200629
6191,6228,0.9317226321614963
6191,6128,0.9421245235688114
6191,6139,0.9576512501738326
6191,6234,0.9083739858112119
6191,106635684,0.9112019371374389
6191,9349,0.9412934318031025
6191,3945,0.8587765295187445
6191,689,0.8788495870237154
6191,6168,0.9479364979881068
6191,6229,0.8636180430281308
6191,106635533,0.9408522758752634
6191,6146,0.9690481071613756
6191,54543,0.9096073056786966
6191,6227,0.9428836652038017
6191,1350,0.8800368554682981
6191,6157,0.9485357173605781
6191,4869,0.9609745450166891
6191,60674,0.9397625211834468
6191,6173,0.9437046840054384
6191,6158,0.9310130102283004
6191,100526842,0.9551566665665968
6191,50854,0.9451474794522171
6191,3646,0.9046578558083144
6191,1975,0.8716506740526507
6191,100131205,0.9182235520903239
6191,2091,0.9376514193283654
6191,1236,0.8504024947106209
6191,6138,0.9223903254818583
6191,100529239,0.9535636984848286
6191,6167,0.9514040673211522
6191,664709,0.8549696447971928
6191,10541,0.8820282944372984
6191,9045,0.9619337751690076
6191,100093630,0.8815042371594397
6187,6205,0.8898046155346541
6187,6170,0.9071037613626566
6187,1937,0.9780899026486823
6187,6132,0.9346738649496681
6187,6125,0.9536262674799295
6187,6136,0.9642713426077619
6187,6207,0.9242234628262473
6187,6130,0.9680289014700608
6187,6218,0.9588059033718548
6187,10399,0.9659151090293906
6187,11224,0.9663828236691587
6187,100616345,0.8654670795267487
6187,6176,0.9823296847280267
6187,6175,0.9810774618440761
6187,4736,0.9618210683309575
6187,6154,0.9484243490803945
6187,3921,0.9448419577749078
6187,6124,0.9738538529143987
6187,6147,0.9724375133646106
6187,1938,0.8692344259089496
6187,6193,0.9498896841486021
6187,6134,0.9478429583588307
6187,6201,0.9534963483686985
6187,7178,0.8740200900659432
6187,6152,0.9257667066747383
6187,6209,0.9777400473701235
6187,6155,0.9464542379063328
6187,6133,0.8985308889083082
6187,6189,0.9025945227314839
6187,6159,0.9709515291227627
6187,6188,0.9376039330328738
6187,6161,0.9681862422857208
6187,29997,0.9626074364966463
6187,1933,0.960724022113124
6187,25873,0.9710393632718299
6187,6164,0.8984651517185089
6187,2197,0.9048648329522028
6187,6233,0.8979618340626605
6187,6224,0.9480039868966784
6187,728658,0.9736372258732862
6187,6137,0.9724294542005791
6187,6165,0.9388303969557104
6187,6171,0.9553428865632293
6187,6208,0.9198489332727607
6187,6160,0.9126192334131871
6187,6169,0.9584231912459252
6187,6210,0.919670614411066
6187,6204,0.9535267767485892
6187,6129,0.9631975771582802
6187,6223,0.9542679672960253
6187,6144,0.9361186130007672
6187,6228,0.9375586230543322
6187,6128,0.9637090179400546
6187,6139,0.9595163241855904
6187,6234,0.9157549836420263
6187,106635684,0.9263586448593707
6187,9349,0.9487841718454668
6187,689,0.9179472824638414
6187,6168,0.9456571524723986
6187,6229,0.9069348132601206
6187,106635533,0.8957072828392497
6187,6146,0.9667247963467773
6187,54543,0.8801078683705289
6187,6227,0.9087599993565373
6187,1350,0.8637571267694801
6187,6157,0.9685364466166311
6187,4869,0.9315206792778024
6187,60674,0.8988428560170445
6187,6173,0.9542503988032552
6187,6158,0.9597056269432247
6187,100526842,0.9543954399342112
6187,50854,0.9283649470591244
6187,3646,0.8955839949767951
6187,1975,0.8819258082980834
6187,100131205,0.9077134767116984
6187,1327,0.8535221462820967
6187,2091,0.945610613360375
6187,1236,0.8539223462417148
6187,6138,0.9573459846476037
6187,100529239,0.954898065446139
6187,6167,0.9557303638164951
6187,51386,0.8669004869007608
6187,10541,0.8605770106453451
6187,9045,0.9633879105829128
6187,100093630,0.8906841305512065
6170,6205,0.8757174911662691
6170,1937,0.9296885697110813
6170,6132,0.8954125768110928
6170,6125,0.9700046456302281
6170,6136,0.907152236929621
6170,6207,0.9787610432049021
6170,6130,0.9442145994634668
6170,6218,0.9635559361734077
6170,10399,0.8816758353612297
6170,11224,0.941532671170052
6170,100616345,0.9720855320544085
6170,6176,0.9195117196683683
6170,6175,0.9261677625050101
6170,4736,0.9560363763698262
6170,6154,0.9361934463647488
6170,3921,0.945137128879553
6170,6124,0.934391572289791
6170,6147,0.9411209403329357
6170,6193,0.9439680295727911
6170,6134,0.9400677199963275
6170,6201,0.96443151267375
6170,7178,0.9100289085399348
6170,6152,0.9718592942979776
6170,6209,0.9401217279045686
6170,6155,0.9666299637977217
6170,6133,0.9543268185443067
6170,6189,0.9798362376063001
6170,6159,0.9573045020933971
6170,6188,0.9385952444664979
6170,6161,0.9549210493149499
6170,29997,0.903246564576043
6170,1933,0.964899856088233
6170,25873,0.9326865927123384
6170,6164,0.9782105921325802
6170,2197,0.9320776487490642
6170,6233,0.9790337368644487
6170,6224,0.971598644582677
6170,728658,0.9145572769169925
6170,6137,0.9220574485824029
6170,6165,0.975833600844133
6170,6171,0.9254377749448112
6170,6208,0.9563406064840043
6170,6160,0.9675044201943753
6170,6169,0.961824505940551
6170,6210,0.9706482153164502
6170,6204,0.9662839054733157
6170,6129,0.9484859696545017
6170,6223,0.950056420846061
6170,6144,0.9482709571629798
6170,6228,0.9644502836910558
6170,6128,0.92667145414836
6170,6139,0.9598887993930267
6170,6234,0.8901685707682704
6170,106635684,0.890514403103673
6170,9349,0.9639070440388082
6170,689,0.8506093601174076
6170,6168,0.9722746770917573
6170,106635533,0.9605557710459236
6170,6146,0.9585316626552471
6170,54543,0.9223800678359397
6170,6227,0.9781809564228251
6170,1350,0.90716899067049
6170,6157,0.9370898523308517
6170,4869,0.9209497412289678
6170,60674,0.9471774923984227
6170,6173,0.9410968364050426
6170,6158,0.880570553065212
6170,100526842,0.9618013570836903
6170,50854,0.9421183197878914
6170,3646,0.9170065323404487
6170,100131205,0.9384780708306765
6170,2091,0.857079141448785
6170,6138,0.9160511896118227
6170,100529239,0.9695705337240307
6170,6167,0.9654233382411511
6170,9045,0.9286168406999575
6170,100093630,0.9116920911984076
1937,6205,0.881124522840717
1937,6132,0.9316978314820964
1937,6125,0.9685565616823649
1937,6136,0.953212773503003
1937,6207,0.9345770757185539
1937,6130,0.9625422385231912
1937,6218,0.9602811727821432
1937,10399,0.9505074669732532
1937,11224,0.9614049185657043
1937,100616345,0.8990881748448127
1937,6176,0.9712450375554794
1937,6175,0.9837781107379638
1937,4736,0.974744833269035
1937,6154,0.9239394711576463
1937,3921,0.9694259275810224
1937,6124,0.9811624299166813
1937,6147,0.9735339485904977
1937,1938,0.8505930818369231
1937,6193,0.9652244726151176
1937,6134,0.9552309323551851
1937,6201,0.9509248549145681
1937,7178,0.8882530094024035
1937,6152,0.9334067277297551
1937,6209,0.9734803600442983
1937,6155,0.9450981533529365
1937,6133,0.9194320474287708
1937,6189,0.929800103296947
1937,6159,0.9747763681961212
1937,6188,0.9513784576338975
1937,6161,0.9778802325051849
1937,29997,0.9642522118932695
1937,1933,0.9770825061294272
1937,25873,0.9768209279750014
1937,6164,0.9291342150193194
1937,2197,0.8919252264384838
1937,6233,0.9224709233673681
1937,6224,0.9577618758818919
1937,728658,0.968779705912975
1937,6137,0.9847364229506644
1937,6165,0.9578057084701348
1937,6171,0.9612208610554186
1937,6208,0.9291170086052474
1937,6160,0.9392947717219684
1937,6169,0.9714432202792233
1937,6210,0.9288478146946324
1937,6204,0.9604730852434755
1937,6129,0.9733465765495113
1937,6223,0.9649777412410987
1937,6144,0.946903131420158
1937,6228,0.9602559726924107
1937,6128,0.9609763106379081
1937,6139,0.9565602176618756
1937,6234,0.927644010206362
1937,106635684,0.9210847097461476
1937,9349,0.9554602665207615
1937,689,0.887482095783499
1937,6168,0.9565941546046076
1937,6229,0.8668035274448719
1937,106635533,0.9193338707534013
1937,6146,0.9761827727677945
1937,54543,0.9169683352760727
1937,6227,0.9299665380410951
1937,1350,0.8745226581630721
1937,6157,0.9638997624612078
1937,4869,0.944123734260306
1937,60674,0.918844881540477
1937,6173,0.9554663278516282
1937,6158,0.9435365562671221
1937,100526842,0.954184768950305
1937,50854,0.9420599471341856
1937,3646,0.8915822322071872
1937,1975,0.8717490064070915
1937,100131205,0.92956545117159
1937,2091,0.9430089234686436
1937,1236,0.8753287754573527
1937,6138,0.9380898021925984
1937,100529239,0.9598792089823598
1937,6167,0.9554318550055519
1937,10541,0.8625076061699553
1937,9045,0.9659790883979261
1937,100093630,0.8935711665194698
6132,6205,0.9301534266260792
6132,6125,0.9169377209030765
6132,6136,0.9068319749759405
6132,6207,0.9137982785077334
6132,6130,0.9398648040385426
6132,6218,0.9162072037427247
6132,10399,0.9504046370385263
6132,11224,0.9207871641920491
6132,6176,0.9339480970424076
6132,6175,0.9400732340936646
6132,4736,0.9358562570583455
6132,6154,0.9082449467865132
6132,3921,0.9151446888655923
6132,6124,0.9069746898816609
6132,6147,0.9203994236327154
6132,1938,0.8963802840935131
6132,6193,0.9431842387414219
6132,6134,0.9087340009994714
6132,6201,0.9145068479162666
6132,6152,0.8885339539977667
6132,6209,0.9332352292254734
6132,6155,0.9066403274214005
6132,6133,0.852535941556207
6132,6189,0.8608985821437695
6132,6159,0.9581255686742775
6132,6188,0.8614899269310419
6132,6161,0.9003117169187896
6132,29997,0.9272028068031481
6132,1933,0.9211956099337516
6132,25873,0.8950827809613743
6132,6164,0.8854967533489633
6132,2197,0.9207642188523092
6132,6233,0.8635296314759527
6132,6224,0.903107783521558
6132,728658,0.9359431568275425
6132,6137,0.9169499487010888
6132,6203,0.8720958927589715
6132,6165,0.9047069761441044
6132,6171,0.9048694223125316
6132,6160,0.8763678686778965
6132,6169,0.9065481375205636
6132,6210,0.8558314053350957
6132,6204,0.8971357179985496
6132,6129,0.9101721223394202
6132,6223,0.9313941822363637
6132,6144,0.8883657280097118
6132,6228,0.946539327260836
6132,6128,0.9069199487889832
6132,6139,0.8933892238298266
6132,6234,0.8791101369044799
6132,106635684,0.8857825396206714
6132,9349,0.9283565925252394
6132,689,0.8619160911865086
6132,6168,0.9339481952088793
6132,6229,0.8613434662704436
6132,106635533,0.8503197762295791
6132,6146,0.9185641204314886
6132,6227,0.8938490052300897
6132,1350,0.868077972269737
6132,6157,0.8988444787439042
6132,4869,0.8605127103665946
6132,6173,0.8791331612040969
6132,6158,0.873634112629442
6132,100526842,0.8870099164582368
6132,50854,0.8971750258989258
6132,3646,0.8570521387483022
6132,100131205,0.8799652448342452
6132,2091,0.8534560856172784
6132,6138,0.9438354715722834
6132,100529239,0.9038276456102218
6132,6167,0.8954646659576997
6132,51386,0.8633127666391336
6132,9045,0.8869561677952638
6132,100093630,0.8644893293392446
6125,6205,0.8601917641167014
6125,6136,0.9204010921632761
6125,6207,0.9759601880854749
6125,6130,0.9708244080708324
6125,6218,0.9733726764420794
6125,10399,0.930050565535863
6125,11224,0.9514908633275537
6125,100616345,0.9476693223261997
6125,6176,0.9610547594111358
6125,6175,0.9657942719061249
6125,4736,0.9862283366968618
6125,6154,0.9489836386767307
6125,3921,0.9602628883637268
6125,6124,0.9840836744241899
6125,6147,0.9630119887209952
6125,6193,0.9593037678522429
6125,6134,0.976078056730072
6125,6201,0.9784122867304391
6125,7178,0.9291053878705364
6125,6152,0.9747591520118991
6125,6209,0.9644069036841342
6125,6155,0.9636913714755431
6125,6133,0.9505644426587432
6125,6189,0.9780562395961997
6125,6159,0.9757383852765584
6125,6188,0.9677314125451845
6125,6161,0.9713147578355805
6125,29997,0.9534836528259403
6125,1933,0.9853318151144791
6125,25873,0.9584491456087183
6125,6164,0.9671246188144267
6125,2197,0.9181471043254616
6125,6233,0.9660594536390292
6125,6224,0.9686610718940107
6125,728658,0.9444384099109198
6125,6137,0.9590883158571025
6125,6165,0.9809666883190507
6125,6171,0.9450563808099188
6125,6208,0.9648175044570085
6125,6160,0.9688082282687371
6125,6169,0.971603595656926
6125,6210,0.9677727070813916
6125,6204,0.9664752709476022
6125,6129,0.9816344827110081
6125,6223,0.961526418288878
6125,6144,0.9555403490795797
6125,6228,0.9673716860854968
6125,6128,0.9653884502221932
6125,6139,0.9773878569844101
6125,113791,0.8518169553081362
6125,6234,0.9206206107366356
6125,106635684,0.935556955672914
6125,9349,0.9730896483267102
6125,689,0.9040336399778811
6125,6168,0.9788492316413824
6125,6229,0.8817131103042547
6125,106635533,0.9627601971827499
6125,6146,0.9887562006288604
6125,54543,0.9268453313209442
6125,6227,0.9638887252616216
6125,1350,0.9085940362199421
6125,6157,0.9561908671062371
6125,4869,0.9690617103580571
6125,60674,0.9554181101136349
6125,6173,0.9566284555155071
6125,6158,0.9137594655374431
6125,100526842,0.9758105961765314
6125,50854,0.9714324498222525
6125,3646,0.9415155282883321
6125,1975,0.907029880230941
6125,100131205,0.9311280946120093
6125,2091,0.9256215879147783
6125,6138,0.9499639834314795
6125,100529239,0.9688751256175488
6125,6167,0.9693522720674728
6125,51386,0.8717403789679962
6125,664709,0.8829595807454002
6125,10541,0.8851769458065454
6125,9045,0.9736926284097869
6125,100093630,0.9110014041697323
6136,6205,0.9447753330430159
6136,6207,0.9059065211561265
6136,6130,0.9598896797007855
6136,6218,0.9634627340338606
6136,10399,0.9386614898501237
6136,11224,0.978524259280065
6136,100616345,0.8714500648901391
6136,6176,0.9494056670139317
6136,6175,0.9548209100000487
6136,4736,0.9352963386030883
6136,6154,0.9524508845230474
6136,3921,0.9370758668601291
6136,6124,0.9301480119149469
6136,6147,0.9725470546101367
6136,6193,0.94333705869654
6136,6134,0.9144058571328958
6136,6201,0.9495506864133688
6136,6152,0.9109562787205028
6136,6209,0.9632189382656929
6136,6155,0.9495652523119232
6136,6133,0.8918760145333618
6136,6189,0.89442125644549
6136,6159,0.9560989791125032
6136,6188,0.9053329327652129
6136,6161,0.9646491543905278
6136,29997,0.9211815157402958
6136,1933,0.955203452648692
6136,25873,0.9587196577275671
6136,6164,0.88130075261759
6136,2197,0.9156379156608857
6136,6233,0.8964089155269902
6136,6224,0.9529057742225387
6136,728658,0.966849864940821
6136,6137,0.9447263859890392
6136,6165,0.9277922603809668
6136,6171,0.9707014806057145
6136,6208,0.8943338201364563
6136,6160,0.8973628751249345
6136,6169,0.9507747029682664
6136,6210,0.9035102501231175
6136,6204,0.9528181369719606
6136,6129,0.9411669724936157
6136,6223,0.9397359906613947
6136,6144,0.9470164700670047
6136,6228,0.9435463552095812
6136,6128,0.9469880394131721
6136,6139,0.9549463130698088
6136,6234,0.8866953904350312
6136,106635684,0.8677316081934844
6136,9349,0.9439680882793974
6136,689,0.8789666416375835
6136,6168,0.9414055346785012
6136,6229,0.9016602658364334
6136,106635533,0.8617107680832873
6136,6146,0.9457014714435741
6136,54543,0.8763175110610186
6136,6227,0.8869349056033764
6136,6157,0.9654159831012812
6136,4869,0.8832394293703203
6136,60674,0.8646344010748662
6136,6173,0.9453503985902368
6136,6158,0.9363810432457317
6136,100526842,0.9522570791362784
6136,50854,0.9074583786107788
6136,3646,0.8537265398734147
6136,100131205,0.9174233059110642
6136,2091,0.9133389390726151
6136,6138,0.9424334739317828
6136,100529239,0.9541735548812763
6136,6167,0.9677174911552018
6136,9045,0.9220529696872964
6136,100093630,0.8974579275272623
6207,6205,0.8664035513220636
6207,6130,0.9493416883552448
6207,6218,0.9560108363693229
6207,10399,0.9222846704835614
6207,11224,0.9331709065765529
6207,100616345,0.949547895249907
6207,6176,0.937060993856477
6207,6175,0.9305138378249599
6207,4736,0.955481513301142
6207,6154,0.9533498159842687
6207,3921,0.9276047274667456
6207,6124,0.9569667988627281
6207,6147,0.928550700982571
6207,6193,0.9342303403190573
6207,6134,0.9474462414825904
6207,6201,0.9662181826908829
6207,7178,0.9357385959619017
6207,6152,0.9818759218877939
6207,6209,0.9505031362851117
6207,6155,0.9730645080588791
6207,6133,0.9452618345972115
6207,6189,0.9648325533170754
6207,6159,0.9712868355180265
6207,6188,0.9334540240916162
6207,6161,0.9541890646913904
6207,29997,0.9001547754239735
6207,1933,0.9582452633709861
6207,25873,0.9331794326481948
6207,6164,0.9765107179070475
6207,2197,0.9315641551760779
6207,6233,0.9573130980283817
6207,6224,0.9564170988488127
6207,728658,0.9054969991920557
6207,6137,0.9274668957514273
6207,6203,0.888649541854027
6207,6165,0.9852666773119952
6207,6171,0.9216103158103479
6207,6208,0.9595662443863037
6207,6160,0.9733685608286491
6207,6169,0.9674286035275199
6207,6210,0.9561135003521232
6207,6204,0.960260192685468
6207,6129,0.9684682901010853
6207,6223,0.9396981313612143
6207,6144,0.9432801190602224
6207,6228,0.9552665713486762
6207,6128,0.9509597222925007
6207,6139,0.9587860965840379
6207,6234,0.911753967678213
6207,106635684,0.9155882019154165
6207,9349,0.9821516055365747
6207,689,0.9170359928510962
6207,6168,0.9739967593904304
6207,6229,0.9100726986737151
6207,106635533,0.9377939073428718
6207,6146,0.974993231921234
6207,54543,0.928805876885639
6207,6227,0.9654108937970656
6207,1350,0.9506194372401897
6207,6157,0.9394420238547442
6207,4869,0.9201311756940165
6207,60674,0.924128691643473
6207,6173,0.955711011546693
6207,6158,0.8976733295508884
6207,100526842,0.9586131762712582
6207,50854,0.9570231576157855
6207,3646,0.9603797950618693
6207,1975,0.8551486597238829
6207,100131205,0.9366789769049646
6207,1327,0.863413169020689
6207,2091,0.8740184049218966
6207,6138,0.9481779644406784
6207,100529239,0.9661582555785968
6207,6167,0.9597889472988059
6207,51386,0.8887503510293511
6207,10541,0.872215904790733
6207,9045,0.9384061656598404
6207,100093630,0.8859046016562406
6130,6205,0.9229335077224462
6130,6218,0.9784113657097967
6130,10399,0.9553936256766224
6130,11224,0.9782302343626509
6130,100616345,0.9177742085307217
6130,6176,0.9722406021011138
6130,6175,0.9714651793700819
6130,4736,0.980921237407183
6130,6154,0.9738718745925152
6130,3921,0.96676070836523
6130,6124,0.9610877169743418
6130,6147,0.983127652823086
6130,1938,0.8654735280628254
6130,6193,0.9536184253885928
6130,6134,0.9743728013569155
6130,6201,0.9854353956400609
6130,7178,0.8768062355199735
6130,6152,0.9589944371262351
6130,6209,0.9778689391237374
6130,6155,0.9639342592078236
6130,6133,0.9286542810964447
6130,6189,0.9433153861589297
6130,6159,0.9831947756211752
6130,6188,0.9510224120886398
6130,6161,0.9603142546467804
6130,29997,0.9585995544413832
6130,1933,0.9765176961280921
6130,25873,0.9535015659014288
6130,6164,0.934121591662222
6130,2197,0.9381402597617134
6130,6233,0.9454354186540785
6130,6224,0.9683446254344468
6130,728658,0.9697138234664278
6130,6137,0.9550921828527003
6130,6165,0.9614573124248027
6130,6171,0.9690897601998408
6130,6208,0.9378410964218236
6130,6160,0.9395876730147431
6130,6169,0.9583529299053865
6130,6210,0.9439973010029847
6130,6204,0.9610557417853262
6130,6129,0.9724809075167463
6130,6223,0.9707537183785272
6130,6144,0.9612318441939349
6130,6228,0.9680135110081387
6130,6128,0.9757720818059077
6130,6139,0.9804529608233451
6130,6234,0.908991022154561
6130,106635684,0.9405069879065635
6130,9349,0.9708839327358983
6130,689,0.9196607580847473
6130,6168,0.9841284798908657
6130,6229,0.9136254688586888
6130,106635533,0.9173783111286608
6130,6146,0.9747458046550476
6130,54543,0.9099638083305719
6130,6227,0.9402074497812548
6130,1350,0.8982525247843706
6130,6157,0.9725786530917638
6130,4869,0.9410830489237818
6130,60674,0.9174322957290062
6130,6173,0.9511905114356043
6130,6158,0.9333068807787391
6130,100526842,0.9742353466427015
6130,50854,0.9417235925342426
6130,3646,0.9005185502987589
6130,1975,0.9027525593811114
6130,100131205,0.9250498896079866
6130,1327,0.8652674095371625
6130,2091,0.9435738908666556
6130,6138,0.9788578539673255
6130,100529239,0.9650997608556338
6130,6167,0.9728489481306085
6130,51386,0.866178767270689
6130,664709,0.8958567514741499
6130,9045,0.9647045897953396
6130,100093630,0.9201318387728566
6218,6205,0.9112272280440685
6218,10399,0.9220148477226559
6218,11224,0.984676595634665
6218,100616345,0.9521219005732238
6218,6176,0.9557657602372839
6218,6175,0.9635880347347484
6218,4736,0.974635674496947
6218,6154,0.9627840578289719
6218,3921,0.9670181348135792
6218,6124,0.9607980269514977
6218,6147,0.9784270583658192
6218,6193,0.9658059339053502
6218,6134,0.9596756106195429
6218,6201,0.98425922644088
6218,7178,0.8873575596313426
6218,6152,0.9678751847337559
6218,6209,0.9769020857298537
6218,6155,0.978638515267064
6218,6133,0.9418687778052317
6218,6189,0.9638174690794094
6218,6159,0.9715187107949277
6218,6188,0.9562254827623198
6218,6161,0.9792461725400763
6218,29997,0.9535570099199921
6218,1933,0.9847395949631577
6218,25873,0.9643216760603531
6218,6164,0.9467197986444431
6218,2197,0.939230521971631
6218,6233,0.9666191404588179
6218,6224,0.9841508651316458
6218,728658,0.9629305941460844
6218,6137,0.9606686250745399
6218,6165,0.9708444338398399
6218,6171,0.9686544007453717
6218,6208,0.9536881724987865
6218,6160,0.9519121210475338
6218,6169,0.9722949279331138
6218,6210,0.9656961988394841
6218,6204,0.9792851600191446
6218,6129,0.9675449720045249
6218,6223,0.9708933563595423
6218,6144,0.9710043890858306
6218,6228,0.9694934728531757
6218,6128,0.9638110838740037
6218,6139,0.987543908404155
6218,6234,0.9165548392098476
6218,106635684,0.8985254256026765
6218,9349,0.967144913438436
6218,689,0.8833893672871634
6218,6168,0.9835092875285744
6218,6229,0.8891375681662376
6218,106635533,0.9393442219210962
6218,6146,0.9754019470103251
6218,54543,0.9146445127130195
6218,6227,0.9533320927394825
6218,1350,0.8780879202206722
6218,6157,0.9728918974135294
6218,4869,0.9369436098207413
6218,60674,0.9359372895782403
6218,6173,0.9627514793800834
6218,6158,0.9285170299731931
6218,100526842,0.9867158383491095
6218,50854,0.9581765331923223
6218,3646,0.8970410292287782
6218,1975,0.8554034443131442
6218,100131205,0.9415079201746077
6218,2091,0.9288138833383511
6218,6138,0.9466007487318585
6218,100529239,0.980672519780644
6218,6167,0.9897301081812863
6218,664709,0.8524406310361704
6218,9045,0.9515276651001519
6218,100093630,0.9400268762132127
10399,6205,0.9082882016726685
10399,11224,0.9316664815606405
10399,6176,0.9581072334655919
10399,6175,0.9540231395962919
10399,4736,0.9361413681512515
10399,6154,0.9452837863947586
10399,3921,0.9046558832310541
10399,6124,0.9473482318531001
10399,6147,0.9345481225434237
10399,1938,0.9273891341119589
10399,6193,0.9177753365067011
10399,6134,0.9231234816983533
10399,6201,0.9291403950992362
10399,6152,0.9034857574736624
10399,6209,0.9499500236699584
10399,6155,0.9157255733712251
10399,6133,0.8737042914956755
10399,6189,0.8668451460406539
10399,6159,0.9674987599936132
10399,6188,0.877605815061125
10399,6161,0.9248700237491227
10399,29997,0.9280791272746122
10399,1933,0.9240776377612059
10399,25873,0.9277597448527518
10399,6164,0.8706540737102033
10399,2197,0.8924163094171641
10399,6233,0.8518211432566436
10399,6224,0.9066492072832693
10399,728658,0.9365182086376466
10399,6137,0.9319039533808029
10399,6203,0.854686812077318
10399,6165,0.9173374627775034
10399,6171,0.9203795924949929
10399,6208,0.8658643716878566
10399,6160,0.882208341724353
10399,6169,0.9261982466658476
10399,6210,0.8657494952438616
10399,6204,0.9132781817973296
10399,6129,0.9476874283459487
10399,6223,0.9170689025580796
10399,6144,0.9010980667792929
10399,6228,0.9279476708460562
10399,6128,0.9505029569130206
10399,6139,0.921840979505019
10399,6234,0.8893322056769692
10399,106635684,0.9154564544782207
10399,9349,0.9499469091002389
10399,689,0.9410608614161983
10399,6168,0.9322685186499617
10399,6229,0.933650413199459
10399,6146,0.9462608185144352
10399,54543,0.8591706400483673
10399,6227,0.8658002387573951
10399,1350,0.8880406374106621
10399,6157,0.9255890960573584
10399,4869,0.8879803127618118
10399,6173,0.9168816354453624
10399,6158,0.918306002267984
10399,27335,0.8835795016400462
10399,100526842,0.9122629530532347
10399,50854,0.9086209641028402
10399,3646,0.9098807897566501
10399,1975,0.8828107389571814
10399,100131205,0.8746008101289524
10399,1327,0.9040279102352486
10399,2091,0.8988903862369794
10399,6138,0.9791839035114899
10399,100529239,0.9211970218859541
10399,6167,0.9187503269671791
10399,51386,0.927979454394351
10399,10541,0.8706356445528871
10399,9045,0.9241192623300782
11224,6205,0.9284560444685265
11224,100616345,0.9224670580687896
11224,6176,0.9576773013489391
11224,6175,0.9632105210194817
11224,4736,0.9634672153378753
11224,6154,0.9600036297706657
11224,3921,0.9656370197745977
11224,6124,0.9478341652638782
11224,6147,0.9822495154282985
11224,6193,0.9585791869970169
11224,6134,0.9448916823387626
11224,6201,0.9765204950420202
11224,7178,0.8668541832720719
11224,6152,0.9516434737146048
11224,6209,0.9827075759659695
11224,6155,0.9757762852264361
11224,6133,0.9295688363197665
11224,6189,0.9301264480431711
11224,6159,0.9692012728495922
11224,6188,0.9497990559223507
11224,6161,0.979214117939872
11224,29997,0.9528825978753974
11224,1933,0.972968142578422
11224,25873,0.9752942507477346
11224,6164,0.9261018579787602
11224,2197,0.9374183903011196
11224,6233,0.9438515878254602
11224,6224,0.9847302990966998
11224,728658,0.9805938246072339
11224,6137,0.965823203578235
11224,6165,0.9564458717867163
11224,6171,0.983971530084314
11224,6208,0.9371022140102582
11224,6160,0.9346319425890017
11224,6169,0.9716214132467793
11224,6210,0.946601587206137
11224,6204,0.9790694544420246
11224,6129,0.9589952646390653
11224,6223,0.9682053488473424
11224,6144,0.9704307800074118
11224,6228,0.9559425588164853
11224,6128,0.963501078019472
11224,6139,0.9812136112861352
11224,6234,0.9154883783426384
11224,106635684,0.889987228981894
11224,9349,0.9618070537045107
11224,689,0.8804724567632389
11224,6168,0.9704082073913818
11224,6229,0.8901939621955318
11224,106635533,0.9124105570978591
11224,6146,0.9629861039120764
11224,54543,0.9110553836363264
11224,6227,0.935534725323478
11224,1350,0.8665073676854315
11224,6157,0.9853685044137254
11224,4869,0.9148698748261848
11224,60674,0.9119376688075167
11224,6173,0.9621259853381099
11224,6158,0.9390667101559775
11224,100526842,0.9795909677033449
11224,50854,0.9310627595646368
11224,3646,0.868842022912809
11224,100131205,0.9438374024729755
11224,2091,0.9268489473503129
11224,6138,0.9460346063032131
11224,100529239,0.9790504621574041
11224,6167,0.9839052575013952
11224,9045,0.9508188894138775
11224,100093630,0.9147161012261579
100616345,6176,0.8811527714708504
100616345,6175,0.8940344054084816
100616345,4736,0.9324251940526224
100616345,6154,0.8940085483956594
100616345,3921,0.9424549013815801
100616345,6124,0.9105269419310692
100616345,6147,0.9124229483363683
100616345,6193,0.9228940582036178
100616345,6134,0.9321103719190628
100616345,6201,0.9407236921476045
100616345,7178,0.8989480932364593
100616345,6152,0.969236904510298
100616345,6209,0.9248841609562075
100616345,6155,0.9501868335138529
100616345,6133,0.929942972709099
100616345,6189,0.9730690478891926
100616345,6159,0.923286608204461
100616345,6188,0.9454929165472513
100616345,6161,0.9381905450521183
100616345,29997,0.8862664424943603
100616345,1933,0.9431170649305911
100616345,25873,0.9088243672375977
100616345,6164,0.9758661082275283
100616345,2197,0.8918155325368572
100616345,6233,0.9891887622822131
100616345,6224,0.9545794271488302
100616345,728658,0.8801997299380572
100616345,6137,0.9060215896015709
100616345,6165,0.9676346109076726
100616345,6171,0.9220109413763136
100616345,6208,0.9606780933208183
100616345,6160,0.9740098982663995
100616345,6169,0.9493090705180524
100616345,6210,0.9571527086754915
100616345,6204,0.9565220253358228
100616345,6129,0.9333337479247081
100616345,6223,0.939060465375279
100616345,6144,0.9529959711319417
100616345,6228,0.9354958951681138
100616345,6128,0.9170528492340737
100616345,6139,0.9462107171841138
100616345,6234,0.8932882363677442
100616345,9349,0.9301083272977295
100616345,387066,0.8571193737397591
100616345,6168,0.9601575620429146
100616345,106635533,0.9496353227989179
100616345,6146,0.9336238418297544
100616345,54543,0.9315891642745477
100616345,6227,0.9653352643107335
100616345,1350,0.9006748710180615
100616345,6157,0.9219411267165725
100616345,4869,0.9036955808504041
100616345,60674,0.9357207587802888
100616345,6173,0.9306771533889442
100616345,100526842,0.9504910374173502
100616345,50854,0.9313804281805917
100616345,3646,0.86978952885217
100616345,100131205,0.950816897067562
100616345,2091,0.8638578342241877
100616345,6138,0.8691618991650737
100616345,100529239,0.9556004104117302
100616345,6167,0.947936204351407
100616345,9045,0.9080314860030431
100616345,100093630,0.896922316776128
6176,6205,0.8827229262664009
6176,6175,0.9784911971960522
6176,4736,0.9690178748123882
6176,6154,0.9527258476917567
6176,3921,0.943431611636669
6176,6124,0.9744539945640149
6176,6147,0.9670145429691268
6176,1938,0.8692079829276371
6176,6193,0.9399540591286583
6176,6134,0.9608698628181129
6176,6201,0.9559840520188666
6176,7178,0.8948720433399858
6176,6152,0.9395763978393457
6176,6209,0.9779045359586709
6176,6155,0.9469210233922482
6176,6133,0.9011746259856203
6176,6189,0.9233679970791053
6176,6159,0.9723747366301937
6176,6188,0.9497655440475895
6176,6161,0.960546956517633
6176,29997,0.9524465153671765
6176,1933,0.962366194865944
6176,25873,0.9661042897717169
6176,6164,0.9139951872747315
6176,2197,0.9062400708368192
6176,6233,0.9124073231220625
6176,6224,0.9516006106454585
6176,728658,0.9664083302053481
6176,6137,0.965172844950038
6176,6203,0.8566964442544087
6176,6165,0.9510510328356249
6176,6171,0.9525233382116589
6176,6208,0.9302123698541328
6176,6160,0.9264114802576997
6176,6169,0.957748942892286
6176,6210,0.9285434239387333
6176,6204,0.9518685249108323
6176,6129,0.9679218580644268
6176,6223,0.9546401083522251
6176,6144,0.9339718403572543
6176,6228,0.9400696968329765
6176,6128,0.9652389360627038
6176,6139,0.9624509804766436
6176,6234,0.9185367508411081
6176,106635684,0.9316442699265992
6176,9349,0.9522537441774384
6176,689,0.9302347707295859
6176,6168,0.9582825503418002
6176,6229,0.9088239970736467
6176,106635533,0.9067648590310429
6176,6146,0.9698045023879311
6176,54543,0.8984322237057609
6176,6227,0.9214186257289726
6176,1350,0.8851976288830964
6176,6157,0.9664538371512472
6176,4869,0.9378504389870013
6176,60674,0.9081627322922399
6176,6173,0.9564178686938417
6176,6158,0.95974141295642
6176,27335,0.8573192599498648
6176,100526842,0.9559683963797326
6176,50854,0.9319958335479162
6176,3646,0.9046855455982377
6176,1975,0.8920730338732922
6176,100131205,0.9064862986708044
6176,1327,0.8653122789585822
6176,2091,0.9426948837493745
6176,6138,0.9556046999679552
6176,100529239,0.9540031735289431
6176,6167,0.9568450020857325
6176,51386,0.8755757314468223
6176,664709,0.8703310004460658
6176,10541,0.8775560955139471
6176,9045,0.9696996675209415
6176,100093630,0.9101249464362602
6175,6205,0.8925005107132763
6175,4736,0.9789339328028088
6175,6154,0.9329782423377802
6175,3921,0.9627433430382862
6175,6124,0.9718077991096461
6175,6147,0.9728253709954324
6175,1938,0.8593814821860372
6175,6193,0.964308738988508
6175,6134,0.9539238411222887
6175,6201,0.9527916998271121
6175,7178,0.8741059360221822
6175,6152,0.9276527356190799
6175,6209,0.9725670250025664
6175,6155,0.939846940559427
6175,6133,0.9071939544314103
6175,6189,0.9276245159080697
6175,6159,0.9759733325615326
6175,6188,0.9449778014213486
6175,6161,0.9664176943844012
6175,29997,0.9719407764646776
6175,1933,0.9747166175982547
6175,25873,0.9629427829408947
6175,6164,0.9171889921228784
6175,2197,0.9045986858413037
6175,6233,0.9187524407070183
6175,6224,0.9544053907040743
6175,728658,0.9729175004733982
6175,6137,0.9740675101980034
6175,6165,0.9446323115223139
6175,6171,0.9576186956993124
6175,6208,0.9166419672757582
6175,6160,0.9275539554438101
6175,6169,0.9592454669247631
6175,6210,0.9207867956162414
6175,6204,0.9578588657000853
6175,6129,0.9642536072262266
6175,6223,0.9708016531266533
6175,6144,0.9449645740640603
6175,6228,0.9589691130175435
6175,6128,0.9634483676653188
6175,6139,0.9591108490360661
6175,6234,0.9125293364704455
6175,106635684,0.9223030294495146
6175,9349,0.94948399762604
6175,689,0.8962286491000306
6175,6168,0.9603398165368056
6175,6229,0.8780148553373806
6175,106635533,0.9174411124469496
6175,6146,0.9652076562424383
6175,54543,0.8907820010590168
6175,6227,0.9231749367417721
6175,1350,0.8715648236921487
6175,6157,0.9582850367835166
6175,4869,0.9382347017498612
6175,60674,0.9171324595864794
6175,6173,0.9435720549598303
6175,6158,0.9404044654609899
6175,100526842,0.9560697726968467
6175,50854,0.9309560889276668
6175,3646,0.8924580867639834
6175,1975,0.8860574651219222
6175,100131205,0.9199833780072337
6175,2091,0.937627958580398
6175,6138,0.948906721911212
6175,100529239,0.9592370927933991
6175,6167,0.9533143643370371
6175,51386,0.8523850912397531
6175,10541,0.8512960439872278
6175,9045,0.9635635865857937
6175,100093630,0.9090847627330226
4736,6205,0.8819669082159982
4736,6154,0.9399550522692387
4736,3921,0.9793605664943499
4736,6124,0.9723343489920384
4736,6147,0.9756868119210047
4736,1938,0.8521128262672385
4736,6193,0.9693101357462229
4736,6134,0.9812641054802379
4736,6201,0.973314355972663
4736,7178,0.89103831056204
4736,6152,0.9580000432352476
4736,6209,0.9708913298829424
4736,6155,0.9529122000886159
4736,6133,0.9383162331232643
4736,6189,0.9628497312167775
4736,6159,0.9783035988554515
4736,6188,0.965532474972086
4736,6161,0.9698700427573752
4736,29997,0.9711342578462578
4736,1933,0.9857074055030686
4736,25873,0.9594856329755838
4736,6164,0.9553626124788298
4736,2197,0.9186516182745764
4736,6233,0.9561599552221429
4736,6224,0.9673553003208861
4736,728658,0.962882993315511
4736,6137,0.9723937040848933
4736,6165,0.9681051647473609
4736,6171,0.9568472668105058
4736,6208,0.9460674648231958
4736,6160,0.9557933899595041
4736,6169,0.9646477163124266
4736,6210,0.9529123641969581
4736,6204,0.9629941213036217
4736,6129,0.9709330557273342
4736,6223,0.9801380565748221
4736,6144,0.9590064315747086
4736,6228,0.9724884110782962
4736,6128,0.9598436226405911
4736,6139,0.9722950493072757
4736,6234,0.9206820373897031
4736,106635684,0.9343130243192921
4736,9349,0.9632339927829262
4736,689,0.8858827772788697
4736,6168,0.9807653878610297
4736,6229,0.8665731480174461
4736,106635533,0.9600447882082873
4736,6146,0.9790136020204211
4736,54543,0.9171005790633611
4736,6227,0.9629594956791877
4736,1350,0.8887406160422182
4736,6157,0.959473994206603
4736,4869,0.9685024897031276
4736,60674,0.9594107552198078
4736,6173,0.9460819521369629
4736,6158,0.9305139364979019
4736,100526842,0.9685804138564278
4736,50854,0.962478867827191
4736,3646,0.900635867434576
4736,1975,0.8982348427795135
4736,100131205,0.9293160546142115
4736,2091,0.9430009557363735
4736,6138,0.9517938281556737
4736,100529239,0.9640815205665958
4736,6167,0.9638573535595216
4736,664709,0.8871476189699568
4736,10541,0.8540390492023108
4736,9045,0.9737281489335979
4736,100093630,0.9367798264927693
6154,6205,0.9154035053627563
6154,3921,0.9078318773139255
6154,6124,0.9445313233764379
6154,6147,0.954262238893158
6154,6193,0.9102142319946644
6154,6134,0.9322767525295028
6154,6201,0.9783554135954521
6154,7178,0.8926214475724626
6154,6152,0.9540248633297974
6154,6209,0.9508951079490912
6154,6155,0.9679659495993305
6154,6133,0.9222131452110318
6154,6189,0.9244461687309522
6154,6159,0.9594042018674687
6154,6188,0.9165641228038783
6154,6161,0.9446826331941648
6154,29997,0.9021126491967978
6154,1933,0.9519860112196824
6154,25873,0.9364941409409624
6154,6164,0.9078854671488085
6154,2197,0.9394594465466997
6154,6233,0.9185231084903501
6154,6224,0.954184500702906
6154,728658,0.9428075923052796
6154,6137,0.9114409913027254
6154,6165,0.9480006508281704
6154,6171,0.9414233931031651
6154,6208,0.9293545561720854
6154,6160,0.9141299651029655
6154,6169,0.9446936874375915
6154,6210,0.9406617757481663
6154,6204,0.9473587038908075
6154,6129,0.959345863878935
6154,6223,0.9187067646002298
6154,6144,0.932651483841243
6154,6228,0.9343087373209589
6154,6128,0.9618432880300583
6154,6139,0.974242155054057
6154,6234,0.8739361595027825
6154,106635684,0.917941054243477
6154,9349,0.9733710774896239
6154,689,0.9411524132609641
6154,6168,0.956558406970239
6154,6229,0.9533153401510986
6154,106635533,0.885866409979679
6154,6146,0.9644173674723674
6154,54543,0.8850852844133403
6154,6227,0.9091889055122432
6154,1350,0.8900011855155542
6154,6157,0.960760452279503
6154,4869,0.9034566474128031
6154,60674,0.8797445238661153
6154,6173,0.9528983786354203
6154,6158,0.9186813239014409
6154,27335,0.8649928601783664
6154,100526842,0.9694884562767688
6154,50854,0.919408749582844
6154,3646,0.9328694656704128
6154,1975,0.8783819284413977
6154,100131205,0.8929983599208116
6154,1327,0.9042906050535593
6154,2091,0.8931638782228437
6154,6138,0.9740761504663757
6154,100529239,0.9550692236019569
6154,6167,0.970263513428797
6154,51386,0.8926823245414637
6154,664709,0.8684856673937155
6154,9045,0.9376635465388462
6154,100093630,0.8909456819212074
3921,6205,0.881444744552949
3921,6124,0.94806998564262
3921,6147,0.9733656346518932
3921,6193,0.9674555541933937
3921,6134,0.9728952644928129
3921,6201,0.9560330013618528
3921,7178,0.8588754545283541
3921,6152,0.9472595059587925
3921,6209,0.9678312564576688
3921,6155,0.9455634253990968
3921,6133,0.9240906171675751
3921,6189,0.9460386129262416
3921,6159,0.9636525713439796
3921,6188,0.9607553812546336
3921,6161,0.9668652622871843
3921,29997,0.9613673348554447
3921,1933,0.9731411416306011
3921,25873,0.9550932209608606
3921,6164,0.9528746608680834
3921,2197,0.8952372841863655
3921,6233,0.9592793539309553
3921,6224,0.965067762145164
3921,728658,0.9555338128428009
3921,6137,0.9696509663921362
3921,6165,0.961678006529998
3921,6171,0.9709405833943835
3921,6208,0.9384063036945867
3921,6160,0.9562121723782046
3921,6169,0.9631469516085184
3921,6210,0.9395201127977907
3921,6204,0.9619931372250079
3921,6129,0.956141008872782
3921,6223,0.9842118874890738
3921,6144,0.9683407000812005
3921,6228,0.967463912444559
3921,6128,0.9479523923844243
3921,6139,0.9584961117344891
3921,6234,0.9206220029146645
3921,106635684,0.9044638419823664
3921,9349,0.94056797676237
3921,6168,0.9717107970271187
3921,106635533,0.946751713575156
3921,6146,0.9600600410815832
3921,54543,0.9247702134368884
3921,6227,0.957799107071776
3921,1350,0.8796019438942275
3921,6157,0.9600380728583015
3921,4869,0.9483963593098561
3921,60674,0.9473732150540353
3921,6173,0.9414179100335096
3921,6158,0.9157153683022706
3921,100526842,0.9557213618088451
3921,50854,0.9420517133502534
3921,100131205,0.9492295751277011
3921,2091,0.9448512425189507
3921,6138,0.9222692064051081
3921,100529239,0.9590912245774422
3921,6167,0.9568096125135149
3921,9045,0.95500000448853
3921,100093630,0.9246912009746505
6124,6147,0.9576327750602154
6124,1938,0.8573922018891954
6124,6193,0.9400289848837667
6124,6134,0.9651618706059392
6124,6201,0.9614377767331947
6124,7178,0.9375290890517346
6124,6152,0.9584753896972297
6124,6209,0.9693087462176871
6124,6155,0.9547165855670909
6124,6133,0.9288202237196207
6124,6189,0.9475749344612743
6124,6159,0.9701259210710707
6124,6188,0.9638902127723564
6124,6161,0.9747029510597528
6124,29997,0.9509697257212311
6124,1933,0.9731305006629936
6124,25873,0.9702272962349726
6124,6164,0.9398813301252508
6124,2197,0.8902245865977426
6124,6233,0.9325520390292465
6124,6224,0.9543953333736394
6124,728658,0.9485676706479134
6124,6137,0.9709121447788067
6124,6203,0.8554044572654959
6124,6165,0.9698934198491104
6124,6171,0.946465571923375
6124,6208,0.9584992233701336
6124,6160,0.9545383572640251
6124,6169,0.9738964193313648
6124,6210,0.948515005257661
6124,6204,0.9610327927000679
6124,6129,0.9883330575734481
6124,6223,0.9462861293517449
6124,6144,0.9432207356330612
6124,6228,0.9411711539365486
6124,6128,0.9775119814761711
6124,6139,0.9706696100689223
6124,6234,0.9262417000920989
6124,106635684,0.9431911464393186
6124,9349,0.9659118612039023
6124,3945,0.8691889179908471
6124,689,0.9342562333706664
6124,6168,0.958010092179084
6124,6229,0.9058360836865875
6124,106635533,0.932897790684693
6124,6146,0.9893644600486576
6124,54543,0.9245223358426419
6124,6227,0.9325107133698057
6124,1350,0.904484374674095
6124,6157,0.9644436624200182
6124,4869,0.9610966506973545
6124,60674,0.9273425553513835
6124,6173,0.9716426405696892
6124,6158,0.9410899860902555
6124,27335,0.8541604983294883
6124,100526842,0.9686350389228469
6124,50854,0.9568257574488951
6124,3646,0.9412378963561617
6124,1975,0.9076399124644708
6124,100131205,0.9211148938154529
6124,2091,0.9464940229664541
6124,6138,0.9473457388019435
6124,100529239,0.9624650986814383
6124,6167,0.960333948331368
6124,51386,0.8934430251847643
6124,664709,0.872145787704778
6124,10541,0.911168766719558
6124,9045,0.980477028642995
6124,100093630,0.8896525497352711
6147,6205,0.9152325535757396
6147,6193,0.9616865093391688
6147,6134,0.9612170478386086
6147,6201,0.9748962456419298
6147,7178,0.8626612852844321
6147,6152,0.9401280539220889
6147,6209,0.9745890014090434
6147,6155,0.956866859823955
6147,6133,0.9320348136766323
6147,6189,0.9392960330750663
6147,6159,0.9678928472041516
6147,6188,0.9559703093979177
6147,6161,0.9755203190354405
6147,29997,0.9617926220479146
6147,1933,0.980624096791441
6147,25873,0.9719953727637891
6147,6164,0.9227307960912527
6147,2197,0.9184771916073443
6147,6233,0.9428003665906103
6147,6224,0.972865256124648
6147,728658,0.9825179107522874
6147,6137,0.9663508768725834
6147,6165,0.9523618992685091
6147,6171,0.9779591937481623
6147,6208,0.9315840257867718
6147,6160,0.929369942930643
6147,6169,0.9636569622557638
6147,6210,0.9470791622052452
6147,6204,0.9668039767846719
6147,6129,0.9648473951055665
6147,6223,0.9741351765175875
6147,6144,0.9648060505239061
6147,6228,0.9648585920461542
6147,6128,0.9590579840870725
6147,6139,0.9783701447093536
6147,6234,0.8986982687722734
6147,106635684,0.9128103530614352
6147,9349,0.9527217943061943
6147,689,0.8803911546557376
6147,6168,0.9675352084180534
6147,6229,0.8739330892884164
6147,106635533,0.9257324764590089
6147,6146,0.968397809990065
6147,54543,0.9026679667233566
6147,6227,0.9361193643427085
6147,1350,0.8536661261259768
6147,6157,0.9793364864037378
6147,4869,0.948329287707273
6147,60674,0.9298310333941101
6147,6173,0.9504192691889796
6147,6158,0.9434180804398238
6147,100526842,0.9740057807706325
6147,50854,0.9316035197670379
6147,3646,0.8707398346471643
6147,1975,0.8774654672298108
6147,100131205,0.9264011514324751
6147,2091,0.9467350371096303
6147,6138,0.9495890824374751
6147,100529239,0.9663503531823607
6147,6167,0.9766330684861646
6147,664709,0.8588400923700534
6147,9045,0.966443807239606
6147,100093630,0.9257429703454387
1938,6134,0.8502816038506763
1938,26986,0.8877220848011286
1938,6159,0.871493274300425
1938,29997,0.8538646532319973
1938,106635684,0.8808744334464829
1938,689,0.8547132068591069
1938,3646,0.8542253419463538
1938,1975,0.913676567031133
1938,6138,0.9103060947422371
1938,51386,0.9209831506221364
1938,664709,0.858128962336694
6193,6205,0.9194210543623199
6193,6134,0.9425588779073809
6193,6201,0.9488739406525262
6193,6152,0.9281132264107702
6193,6209,0.9615423705194872
6193,6155,0.9434819580502304
6193,6133,0.9052696282530404
6193,6189,0.9300562458087365
6193,6159,0.9673036381383608
6193,6188,0.9274308340749873
6193,6161,0.9628990830900729
6193,29997,0.9550940852601447
6193,1933,0.9740020665330775
6193,25873,0.9452115659307977
6193,6164,0.9340319774248025
6193,2197,0.9237157374142206
6193,6233,0.9318824796429371
6193,6224,0.9515975118418424
6193,728658,0.9526800309448085
6193,6137,0.9566686902334335
6193,6165,0.9498299138024334
6193,6171,0.9519896896143213
6193,6208,0.9114025046718092
6193,6160,0.933375458056027
6193,6169,0.9538460916554565
6193,6210,0.9163089575874153
6193,6204,0.9543689808546777
6193,6129,0.9377006435953075
6193,6223,0.9709673607784877
6193,6144,0.9500687443638773
6193,6228,0.9793751628253843
6193,6128,0.9275841443987012
6193,6139,0.9417736071925134
6193,6234,0.9211836501642764
6193,106635684,0.8643958557050474
6193,9349,0.9437178162629946
6193,6168,0.9639551397434155
6193,106635533,0.9235448004039698
6193,6146,0.9541886462553595
6193,54543,0.8778922323199808
6193,6227,0.9405714067858171
6193,1350,0.8561207816502646
6193,6157,0.939438556476844
6193,4869,0.9164436536487821
6193,60674,0.9206284614320037
6193,6173,0.9269980617870559
6193,6158,0.8951199429730037
6193,100526842,0.9408463075131605
6193,50854,0.9524289944591116
6193,3646,0.8587929322837157
6193,100131205,0.9338531386794547
6193,2091,0.9026493237980103
6193,6138,0.9269966040196123
6193,100529239,0.9548152157754468
6193,6167,0.9536933162489768
6193,9045,0.9240789486784272
6193,100093630,0.9158492553932808
6134,6205,0.851842404897871
6134,6201,0.9622222605622335
6134,7178,0.8958463273611967
6134,6152,0.9652850209435796
6134,6209,0.9660672921146042
6134,6155,0.9418550231506596
6134,6133,0.9174128770393446
6134,6189,0.9569195370134311
6134,6159,0.9680141220874978
6134,6188,0.9642546878339059
6134,6161,0.9529146539360557
6134,29997,0.9559978829893191
6134,1933,0.9647994139385393
6134,25873,0.9438260649136615
6134,6164,0.952251336208442
6134,2197,0.8939067486450701
6134,6233,0.9560891732820457
6134,6224,0.9489607737909402
6134,728658,0.9355544634027496
6134,6137,0.9539450218964786
6134,6165,0.9681269933394661
6134,6171,0.951347631099736
6134,6208,0.9517676711316121
6134,6160,0.9571705053322735
6134,6169,0.9535036396353076
6134,6210,0.9465713432949892
6134,6204,0.9478692968849896
6134,6129,0.9693538604488243
6134,6223,0.9664620416464382
6134,6144,0.9510669573977123
6134,6228,0.9527675057031473
6134,6128,0.9590843317389822
6134,6139,0.9648183833659908
6134,6234,0.9292714328346219
6134,106635684,0.940195162273236
6134,9349,0.9466522539166815
6134,689,0.9005987620339881
6134,6168,0.9761099249440947
6134,6229,0.8763989530277818
6134,106635533,0.947551481601755
6134,3178,0.8509300902489677
6134,6146,0.9725121166635666
6134,54543,0.9233851408405381
6134,6227,0.9533543993090713
6134,1350,0.9094213170193096
6134,3326,0.8527320470540974
6134,6157,0.9515513671625626
6134,4869,0.9713311576111111
6134,60674,0.9495154948116835
6134,6173,0.9405295566492653
6134,6158,0.9234283106963687
6134,100526842,0.9575540150863432
6134,50854,0.9554061719463322
6134,3646,0.8987445746689804
6134,1975,0.9068356433055383
6134,100131205,0.9217950951038049
6134,2091,0.9553202155362112
6134,6138,0.947703876488191
6134,100529239,0.948674400216116
6134,6167,0.9541909631263523
6134,664709,0.9150820191982766
6134,10541,0.8814423216259013
6134,9045,0.9734258332419954
6134,100093630,0.9177369161893734
6201,6205,0.9028926638843119
6201,7178,0.9034130691707775
6201,6152,0.9744809753240552
6201,6209,0.9682007657697952
6201,6155,0.9826935493437088
6201,6133,0.9593217694079794
6201,6189,0.962178059632446
6201,6159,0.9720904159361596
6201,6188,0.9577140922765731
6201,6161,0.9691349684194303
6201,29997,0.9365026236806344
6201,1933,0.9806481872858941
6201,25873,0.9574666077365062
6201,6164,0.9498285086637158
6201,2197,0.9424011184462447
6201,6233,0.9630830491228382
6201,6224,0.9799183578391459
6201,728658,0.9566128384870377
6201,6137,0.9451732396735972
6201,6165,0.9721137504311237
6201,6171,0.9627050533154851
6201,6208,0.9594046688047501
6201,6160,0.9523266349181617
6201,6169,0.9651288819358194
6201,6210,0.9709723453564394
6201,6204,0.9716670183085262
6201,6129,0.9735009725169789
6201,6223,0.9601723505353353
6201,6144,0.9657567985029882
6201,6228,0.9603941818920585
6201,6128,0.9698569477595913
6201,6139,0.9907576464790326
6201,6234,0.895160976013267
6201,106635684,0.9235280302192975
6201,9349,0.9785867527706393
6201,689,0.9080824760365869
6201,6168,0.9801926682832892
6201,6229,0.9081101107864543
6201,106635533,0.9367037901597696
6201,6146,0.9795970000710594
6201,54543,0.9182871860666525
6201,6227,0.9552877595666975
6201,1350,0.8943104896058193
6201,6157,0.974559841454723
6201,4869,0.9423182193820577
6201,60674,0.9320086455532839
6201,6173,0.960306682493318
6201,6158,0.9186325346088924
6201,100526842,0.9878503465898416
6201,50854,0.9509462744796474
6201,3646,0.9173044236227987
6201,1975,0.8837391779931746
6201,100131205,0.9300718913800143
6201,2091,0.9245300956026029
6201,6138,0.9647111482027416
6201,100529239,0.9750075575952413
6201,6167,0.9843527438292275
6201,51386,0.8529364686807464
6201,664709,0.88064450116331
6201,9045,0.9611933562980335
6201,100093630,0.9107676707058558
7178,6152,0.9449361891582705
7178,6209,0.8947515781234581
7178,6155,0.9236367073798605
7178,6133,0.9018602553879401
7178,6189,0.920953298905717
7178,6159,0.8939948057683533
7178,6188,0.9321597831012415
7178,6161,0.9124371700340881
7178,1933,0.8986592676531435
7178,25873,0.9088299601298915
7178,6164,0.928747053933734
7178,6233,0.9147525960226417
7178,6224,0.9068226510221925
7178,728658,0.8516374599029181
7178,6137,0.8947658579344825
7178,6165,0.9391395360588163
7178,6171,0.8644144693061856
7178,6208,0.9564834182005646
7178,6160,0.9395387907363105
7178,6169,0.930897930944485
7178,6210,0.9400103511775462
7178,6204,0.9217168555311059
7178,6129,0.9416948605045421
7178,6223,0.8630472881321049
7178,6144,0.8837127625220736
7178,6128,0.9193718078391313
7178,6139,0.9217000585352508
7178,6234,0.8624300326842813
7178,3575,0.8691317965989777
7178,106635684,0.9067784876350251
7178,9349,0.918792848716346
7178,3945,0.9127247517931699
7178,689,0.8994306849820868
7178,6168,0.8945711669761885
7178,6229,0.8576017596571529
7178,106635533,0.8981832991996642
7178,6146,0.9301322115203666
7178,54543,0.9295618955709023
7178,6227,0.9100423851060643
7178,1350,0.9100941837671722
7178,6157,0.9060942220179277
7178,4869,0.8942438029165165
7178,60674,0.8835141404438714
7178,6173,0.9342014334090574
7178,6158,0.8690888187410909
7178,6166,0.8502675738251478
7178,100526842,0.9262866407211695
7178,50854,0.8848872478028452
7178,3646,0.9421696607913073
7178,1606,0.8621267925155595
7178,100131205,0.8853240866858392
7178,962,0.8639489586677801
7178,6138,0.8566322948939534
7178,100529239,0.9236537366624343
7178,6167,0.9009628859489884
7178,10541,0.9130231029249581
7178,9045,0.9289377415810534
6152,6209,0.9635518043081214
6152,6155,0.98214955979208
6152,6133,0.9429619745781135
6152,6189,0.9689330822427449
6152,6159,0.9625464220681137
6152,6188,0.964833472776623
6152,6161,0.9632046763057492
6152,29997,0.9144192293883132
6152,1933,0.9601979705434504
6152,25873,0.9462421907026997
6152,6164,0.9808529017697493
6152,2197,0.9204711752316114
6152,6233,0.9789645380084065
6152,6224,0.9714091529441645
6152,728658,0.9159380219045072
6152,6137,0.9386859723007455
6152,6165,0.9911398137398423
6152,6171,0.9479766527714892
6152,6208,0.983896914684101
6152,6160,0.9838669689339598
6152,6169,0.974208636992756
6152,6210,0.9762525887994231
6152,6204,0.9720593108423148
6152,6129,0.9738627522977483
6152,6223,0.947791524915878
6152,6144,0.964195535874981
6152,6228,0.9422228570724467
6152,6128,0.9636247895027026
6152,6139,0.977680710325443
6152,6234,0.92750336102943
6152,106635684,0.9182468337200868
6152,9349,0.9723155118275062
6152,387066,0.8684568804716102
6152,689,0.9137774180861897
6152,6168,0.9792270805723666
6152,6229,0.9051087427896194
6152,106635533,0.946773154657805
6152,6146,0.9760056013262665
6152,54543,0.9494151935693386
6152,6227,0.9707198910267647
6152,1350,0.94590377010777
6152,6157,0.9617729498438456
6152,4869,0.936619755844448
6152,60674,0.937760280515333
6152,6173,0.9702628404438949
6152,6158,0.9069170785593366
6152,6166,0.8551868229573126
6152,100526842,0.9770078976677303
6152,50854,0.9598046751796929
6152,3646,0.9352470443772167
6152,1975,0.8546750838509809
6152,100131205,0.9523739792542929
6152,2091,0.9095114816606036
6152,6138,0.9367358352754247
6152,100529239,0.9743112604829524
6152,6167,0.9704920757114074
6152,664709,0.860253791874814
6152,10541,0.8779953823450598
6152,9045,0.9562456623871676
6152,100093630,0.8973589341791208
6209,6205,0.9005877473052425
6209,6155,0.9730901349653777
6209,6133,0.9243431521870314
6209,6189,0.9345166964239767
6209,6159,0.9838694140570247
6209,6188,0.9630595489476532
6209,6161,0.9810256253732478
6209,29997,0.9615812239503503
6209,1933,0.9689626115961285
6209,25873,0.9803243032781933
6209,6164,0.9428558535890064
6209,2197,0.9276966958182249
6209,6233,0.944244498832725
6209,6224,0.9727367602351086
6209,728658,0.9681724097014116
6209,6137,0.9814571594136053
6209,6203,0.8522678186558272
6209,6165,0.9722101355988808
6209,6171,0.9753829228596037
6209,6208,0.9520809064795184
6209,6160,0.9552295951325833
6209,6169,0.9822154210375496
6209,6210,0.9426468856435661
6209,6204,0.979757052634497
6209,6129,0.9742430146732615
6209,6223,0.977858554394968
6209,6144,0.9684009790038259
6209,6228,0.9549647591072219
6209,6128,0.9749133483813548
6209,6139,0.9739661620160991
6209,6234,0.9464812419128815
6209,106635684,0.9115694510226293
6209,9349,0.963912523766302
6209,689,0.9138950212362824
6209,6168,0.9782754247116238
6209,6229,0.9058684115747597
6209,106635533,0.9162114318258022
6209,6146,0.9740954419298793
6209,54543,0.928176803884925
6209,6227,0.9462846836174738
6209,1350,0.9111873780235507
6209,6157,0.9838896635953969
6209,4869,0.9276154653779761
6209,60674,0.9149568649447408
6209,6173,0.9701514722058991
6209,6158,0.9574429268800576
6209,27335,0.8546748653360662
6209,100526842,0.9704680633899244
6209,50854,0.9490401155429278
6209,3646,0.8935320522100226
6209,1975,0.8525577242672092
6209,100131205,0.9535076022192388
6209,1327,0.8630611342361963
6209,2091,0.9468515821396387
6209,6138,0.9528164014775916
6209,100529239,0.9799032250681825
6209,6167,0.9760339587609081
6209,10541,0.8561415102971294
6209,9045,0.964487981302867
6209,100093630,0.9053901593573965
6155,6205,0.8941670716070086
6155,6133,0.9496520678359499
6155,6189,0.9508676171904678
6155,6159,0.9688600754192374
6155,6188,0.9544679295467873
6155,6161,0.9774353068820714
6155,29997,0.9159484308861665
6155,1933,0.9689268412829729
6155,25873,0.9628273898258808
6155,6164,0.9611443385154356
6155,2197,0.9401804368123124
6155,6233,0.963808132423895
6155,6224,0.9839469432926284
6155,728658,0.9452168214967881
6155,6137,0.9498100612053325
6155,6165,0.9815326639589228
6155,6171,0.9632031521691672
6155,6208,0.9701445381715784
6155,6160,0.9660062723122187
6155,6169,0.9805870676135914
6155,6210,0.9711038318367524
6155,6204,0.9854572767070787
6155,6129,0.9707414334265464
6155,6223,0.9529474979772944
6155,6144,0.9721229384638052
6155,6228,0.9478562351890274
6155,6128,0.9661259720698281
6155,6139,0.9826705334629277
6155,6234,0.9146234966445207
6155,106635684,0.9006687532329927
6155,9349,0.9782964176598855
6155,689,0.9069482931502846
6155,6168,0.9737328605608694
6155,6229,0.9130851852231268
6155,106635533,0.9262257556512971
6155,6146,0.9736514849246045
6155,54543,0.9342109954079846
6155,6227,0.9612602150485128
6155,1350,0.9164988245069201
6155,6157,0.9794109056031649
6155,4869,0.9104108654676758
6155,60674,0.9180610137830574
6155,6173,0.9766561616132958
6155,6158,0.9207718989601126
6155,100526842,0.983574163737788
6155,50854,0.9467654368873836
6155,3646,0.9162728840765262
6155,100131205,0.9596479848739653
6155,1327,0.8615357374384216
6155,2091,0.90771645382907
6155,6138,0.9417914959408727
6155,100529239,0.9874041247233888
6155,6167,0.9833178328312127
6155,9045,0.9451110500076066
6155,100093630,0.8975044608167213
6133,6189,0.9457467897921694
6133,6159,0.9279080331828111
6133,6188,0.9342068661188752
6133,6161,0.9471901168321731
6133,29997,0.8910445000263577
6133,1933,0.9482726467063777
6133,25873,0.9307351449366612
6133,6164,0.9352219211151512
6133,2197,0.8891715265181552
6133,6233,0.9460197573625351
6133,6224,0.9498358548523199
6133,728658,0.9090850257722833
6133,6137,0.9173588618024783
6133,6165,0.9462265922798501
6133,6171,0.9119938608798817
6133,6208,0.9365295032343698
6133,6160,0.9371271115537858
6133,6169,0.9476090349040929
6133,6210,0.9555456708568205
6133,6204,0.9533205511814198
6133,6129,0.9459253149255498
6133,6223,0.9277547924329004
6133,6144,0.9388939328421381
6133,6228,0.9161344340231009
6133,6128,0.9263583699471886
6133,6139,0.9546587361920164
6133,106635684,0.8675308845683488
6133,9349,0.9433857286092432
6133,689,0.8512346702327878
6133,6168,0.9407160216262161
6133,106635533,0.9331833153881609
6133,6146,0.9452734594786132
6133,54543,0.8954703216689254
6133,6227,0.9399943143730068
6133,1350,0.86639212648671
6133,6157,0.9396968047439914
6133,4869,0.912419340837679
6133,60674,0.9213988718764221
6133,6173,0.9220950714311807
6133,6158,0.8734850623085233
6133,100526842,0.9550526688832387
6133,50854,0.91581551729669
6133,3646,0.8903895687879169
6133,100131205,0.9109357510525262
6133,2091,0.8782169042969211
6133,6138,0.8993591169940717
6133,100529239,0.953789326820863
6133,6167,0.9501567924367665
6133,9045,0.929476019363376
6133,100093630,0.8561531330883219
6189,6159,0.9437837136893114
6189,6188,0.9597005319864249
6189,6161,0.9527565522423416
6189,29997,0.9109660117159045
6189,1933,0.9686959441604462
6189,25873,0.933011071129399
6189,6164,0.9708155533450505
6189,2197,0.9000182929766168
6189,6233,0.9846937394572006
6189,6224,0.9631456070651705
6189,728658,0.908407011225703
6189,6137,0.9261938388854611
6189,6165,0.972093261398197
6189,6171,0.9219773656677196
6189,6208,0.9644809486954583
6189,6160,0.9701954502678987
6189,6169,0.9541726855146581
6189,6210,0.9729744321093331
6189,6204,0.9585014172196055
6189,6129,0.9569265832060957
6189,6223,0.9469404974902125
6189,6144,0.9487497805560599
6189,6228,0.9532028875585602
6189,6128,0.9331137424624527
6189,6139,0.9654619329020826
6189,113791,0.8661376934496806
6189,6234,0.8924164043974535
6189,106635684,0.8988592424712034
6189,9349,0.9482012554679478
6189,387066,0.8706639916677095
6189,689,0.8514725081286053
6189,6168,0.9684121640887021
6189,106635533,0.9714216045705505
6189,6146,0.9609760730721318
6189,54543,0.9342314559973955
6189,6227,0.9683742903250614
6189,1350,0.8880233584966277
6189,6157,0.9327368437128312
6189,4869,0.9491520807835971
6189,60674,0.9630686036947973
6189,6173,0.9385012061562152
6189,6158,0.8834185917467299
6189,100526842,0.9662786360808647
6189,50854,0.9472792447804831
6189,3646,0.9105018222982495
6189,1975,0.8572082670715696
6189,100131205,0.9267133731637234
6189,2091,0.8888795160549323
6189,6138,0.9037761831604384
6189,100529239,0.9596664721952635
6189,6167,0.9644125195416527
6189,664709,0.8535735839081996
6189,9045,0.9443424453297388
6189,100093630,0.9228231082754328
6159,6205,0.9210992905919204
6159,6188,0.9415355610168785
6159,6161,0.9700357978639312
6159,29997,0.9532520660455833
6159,1933,0.973408408719849
6159,25873,0.9603251769414061
6159,6164,0.9535061860227827
6159,2197,0.9423213640754432
6159,6233,0.942569186749452
6159,6224,0.9651029910768991
6159,728658,0.9571936605461872
6159,6137,0.9670601480907636
6159,6203,0.8802291951097868
6159,6165,0.9756030723085676
6159,6171,0.958749678625438
6159,6208,0.9394336420030751
6159,6160,0.956210832770082
6159,6169,0.9743509140296177
6159,6210,0.9356053567387975
6159,6204,0.9688231295801164
6159,6129,0.9764040561272501
6159,6223,0.973019390157939
6159,6144,0.95621711092045
6159,6228,0.9765004865912418
6159,6128,0.9729179190605486
6159,6139,0.965863936275633
6159,6234,0.9341639090796808
6159,106635684,0.9340672953539687
6159,9349,0.9805340280968209
6159,689,0.921375479143286
6159,6168,0.9848716012642346
6159,6229,0.9137299441413461
6159,106635533,0.918711435267941
6159,6146,0.9800578410660933
6159,54543,0.9244731218537013
6159,6227,0.9501679486335887
6159,1350,0.9295944232926159
6159,6157,0.9631885015297565
6159,4869,0.9276964432719347
6159,60674,0.9127500691284087
6159,6173,0.9567477714549122
6159,6158,0.9358797155114483
6159,100526842,0.9622566063199862
6159,50854,0.9546591403859602
6159,3646,0.924007352872682
6159,1975,0.8733878849291257
6159,100131205,0.9450508443442597
6159,1327,0.8732017960369439
6159,2091,0.923151360737818
6159,6138,0.9751434096838545
6159,100529239,0.9733669375163152
6159,6167,0.9682461851068163
6159,51386,0.890126665992413
6159,10541,0.8655073505857966
6159,9045,0.9563319922463139
6159,100093630,0.8995608934597583
6188,28638,0.8757976337225621
6188,6161,0.9688939730444778
6188,29997,0.940858564046048
6188,1933,0.9641727730003722
6188,25873,0.9659152289442459
6188,6164,0.9547366314448946
6188,2197,0.8796375925607276
6188,6233,0.9680425141260223
6188,6224,0.9646239934446319
6188,728658,0.9423986754213802
6188,6137,0.964762660838243
6188,6165,0.9666882882780031
6188,6171,0.952031018391551
6188,6208,0.9803071819781383
6188,6160,0.9666288564296435
6188,6169,0.9681520844335038
6188,6210,0.9707080143312947
6188,6204,0.9715082548699511
6188,6129,0.9673399717179589
6188,6223,0.960825566084355
6188,6144,0.9602834912139486
6188,6228,0.9190499889399181
6188,6128,0.9544566780251063
6188,6139,0.9734782133683684
6188,113791,0.8950109774332773
6188,6234,0.9191638429584149
6188,106635684,0.9164490599627814
6188,9349,0.9347445714432047
6188,3945,0.8883692249413049
6188,689,0.8745695982542944
6188,6168,0.9547371240907156
6188,106635533,0.954707059017805
6188,915,0.8520202965986913
6188,6146,0.9627239728560012
6188,54543,0.9441454158352894
6188,6227,0.9596177098630135
6188,1350,0.8842469159676402
6188,6157,0.9712155153309809
6188,4869,0.9577783220097501
6188,60674,0.9525581969822552
6188,6173,0.960166716353126
6188,6158,0.9271786669832804
6188,100526842,0.9732015249097259
6188,50854,0.9325389885938917
6188,3646,0.8808664240676464
6188,1975,0.8701916409519337
6188,1606,0.8635184030303291
6188,100131205,0.9392837077940877
6188,2091,0.9447664846019618
6188,6138,0.8965492896175822
6188,100529239,0.9674862602889234
6188,6167,0.9584832544902498
6188,664709,0.8530885352183174
6188,10541,0.8629273900387853
6188,9045,0.9801890090600827
6188,100093630,0.8976466773260608
6161,6205,0.8787075648546064
6161,29997,0.9446779148316665
6161,1933,0.9825945474663219
6161,25873,0.9898346012361029
6161,6164,0.9507502718240016
6161,2197,0.9110753559874902
6161,6233,0.9550207311827025
6161,6224,0.9805739105641664
6161,728658,0.9642856725229418
6161,6137,0.9800337912115583
6161,6165,0.977148767530461
6161,6171,0.9749697746827948
6161,6208,0.9638902991202369
6161,6160,0.9635623767783508
6161,6169,0.9929263389721882
6161,6210,0.9623747497165229
6161,6204,0.9895741710113124
6161,6129,0.9778566178876584
6161,6223,0.9652858715912865
6161,6144,0.9745567489316949
6161,6228,0.9533995906318515
6161,6128,0.9666011963818604
6161,6139,0.9811761900519164
6161,113791,0.8505250587621561
6161,6234,0.9289165052597658
6161,106635684,0.8972621246168248
6161,9349,0.966899751292394
6161,3945,0.8569686376627424
6161,689,0.8883746422530902
6161,6168,0.966059966093965
6161,6229,0.8862273586391212
6161,106635533,0.9418772231723836
6161,6146,0.9819963644174386
6161,54543,0.9334647707892305
6161,6227,0.9505533018688845
6161,1350,0.8858813083552837
6161,6157,0.9848973018636376
6161,4869,0.9414433940638878
6161,60674,0.9383175170456394
6161,6173,0.9792098815386999
6161,6158,0.9462302619162594
6161,100526842,0.9822291088443686
6161,50854,0.9556718500203913
6161,3646,0.902899944509965
6161,100131205,0.957930886515993
6161,2091,0.9356816888307173
6161,1236,0.8864896709220879
6161,6138,0.9294285028532174
6161,100529239,0.9875328934151831
6161,6167,0.9858851669750829
6161,9045,0.9677621153646099
6161,100093630,0.9093343520599034
29997,6205,0.8649554229432785
29997,1933,0.9520776029434085
29997,25873,0.9472878296415891
29997,6164,0.900141837867492
29997,2197,0.8868037773196854
29997,6233,0.9131735391712476
29997,6224,0.9417455555287453
29997,728658,0.9629570304331015
29997,6137,0.9686372049325411
29997,6165,0.9237005996391751
29997,6171,0.9422118121962705
29997,6208,0.9003356189015453
29997,6160,0.9038925598887385
29997,6169,0.9350971103370714
29997,6210,0.9133880895011862
29997,6204,0.9350306391056423
29997,6129,0.9369518187184521
29997,6223,0.9656319057212582
29997,6144,0.933359679698951
29997,6228,0.9424392520683363
29997,6128,0.9348945743341706
29997,6139,0.9428147377595987
29997,6234,0.9131504455839786
29997,106635684,0.8984874555054608
29997,9349,0.9140047960174431
29997,689,0.8528148685602299
29997,6168,0.9468731008556412
29997,106635533,0.9177536650999297
29997,6146,0.9446045937588958
29997,54543,0.8699557376921231
29997,6227,0.9173844350154007
29997,6157,0.9387246422116143
29997,4869,0.9443054592225346
29997,60674,0.9236454892706335
29997,6173,0.9079009582017016
29997,6158,0.9208222931069658
29997,100526842,0.9367822359430044
29997,50854,0.9323262211475671
29997,1975,0.8931553575877649
29997,100131205,0.8990030129360079
29997,2091,0.94227627292636
29997,6138,0.9231191122794912
29997,100529239,0.9342057031614157
29997,6167,0.9331736500548686
29997,664709,0.8665456761095935
29997,9045,0.9537116713528425
29997,100093630,0.9050546656940804
1933,6205,0.8981544046647121
1933,25873,0.9692161512550711
1933,6164,0.9524826369798088
1933,2197,0.9273283753597129
1933,6233,0.9618682926317895
1933,6224,0.9784549695068129
1933,728658,0.9696851486910945
1933,6137,0.9635533433228974
1933,6165,0.972274018437951
1933,6171,0.9681431997906818
1933,6208,0.9546159393246271
1933,6160,0.9582779149877989
1933,6169,0.9757100546029213
1933,6210,0.962700003635002
1933,6204,0.9745580912385182
1933,6129,0.9757297976254627
1933,6223,0.9683122811739556
1933,6144,0.9667997954604166
1933,6228,0.9759018660121813
1933,6128,0.9628538140046349
1933,6139,0.9824524680636119
1933,6234,0.9130147369626582
1933,106635684,0.9153336239769313
1933,9349,0.9723052309786254
1933,689,0.8799052270213937
1933,6168,0.9785820875833813
1933,6229,0.875945614788869
1933,106635533,0.9532777821364968
1933,6146,0.9849769247870186
1933,54543,0.9176817080404976
1933,6227,0.9549070266936848
1933,1350,0.878649914347816
1933,6157,0.9708089271993887
1933,4869,0.9552868031019534
1933,60674,0.9489615863060661
1933,6173,0.9626596488668818
1933,6158,0.9234282806633978
1933,100526842,0.9824057911430171
1933,50854,0.9585481165199289
1933,3646,0.9099595277312026
1933,1975,0.874545327926255
1933,100131205,0.9370221954978618
1933,2091,0.92793798930806
1933,6138,0.9438491025258836
1933,100529239,0.9753314246549806
1933,6167,0.9820132174478153
1933,664709,0.852435035131504
1933,9045,0.9662769627720348
1933,100093630,0.933858840635614
25873,6205,0.8651971676963732
25873,6164,0.9266923506656909
25873,2197,0.8980357956685464
25873,6233,0.9324348133914325
25873,6224,0.9727343798339828
25873,728658,0.9699893039217448
25873,6137,0.980763660860603
25873,6165,0.9608801267832103
25873,6171,0.9691326538764288
25873,6208,0.9498419050036394
25873,6160,0.9409810606517558
25873,6169,0.9826943474202994
25873,6210,0.951165097955306
25873,6204,0.9778087062722436
25873,6129,0.9676412055880186
25873,6223,0.9549435821629662
25873,6144,0.9557322844170648
25873,6228,0.933498958672505
25873,6128,0.956428302410283
25873,6139,0.9714672868209727
25873,113791,0.8527395216088266
25873,6234,0.928892906370274
25873,106635684,0.8942850405428864
25873,9349,0.9529669485369321
25873,3945,0.8629639377039017
25873,689,0.8843519565749066
25873,6168,0.9494314729501742
25873,6229,0.8703809210356303
25873,106635533,0.9249243775615464
25873,6146,0.9709228035505706
25873,54543,0.9285253654538379
25873,6227,0.9335453329769471
25873,1350,0.8651843038184164
25873,6157,0.9824264691778029
25873,4869,0.9345952770630833
25873,60674,0.9254624664061423
25873,6173,0.970708713336265
25873,6158,0.959871000516209
25873,100526842,0.9704735452548099
25873,50854,0.9346046893133456
25873,3646,0.8898310993099294
25873,1606,0.8551910012247769
25873,100131205,0.9345591172213358
25873,2091,0.9310322167701021
25873,1236,0.8877817372201948
25873,6138,0.9198693482638913
25873,100529239,0.9749342803781642
25873,6167,0.9742348010804042
25873,10541,0.853239446744246
25873,9045,0.9689078254650966
25873,100093630,0.8917826133972648
6164,2197,0.9090386988366508
6164,6233,0.982513568058196
6164,6224,0.9598171666165772
6164,728658,0.8933141421533575
6164,6137,0.935966206711443
6164,6203,0.8669856227788175
6164,6165,0.9865498715820639
6164,6171,0.9272326631174738
6164,6208,0.9729413158664271
6164,6160,0.9921447962680402
6164,6169,0.9652010751919224
6164,6210,0.9584152286620258
6164,6204,0.9604710059501599
6164,6129,0.9547506972538481
6164,6223,0.9524722054021817
6164,6144,0.9539746600941039
6164,6228,0.94955454512636
6164,6128,0.9352714789692441
6164,6139,0.948240316845526
6164,6234,0.9230232289686352
6164,106635684,0.9059780241906487
6164,9349,0.9566191145256414
6164,3945,0.8508711219555044
6164,387066,0.8513352921751923
6164,689,0.862004967805465
6164,6168,0.9697576964456427
6164,106635533,0.9568785720149346
6164,6146,0.9579510426128707
6164,54543,0.9571427571651621
6164,6227,0.9859089091948243
6164,1350,0.9410856410427839
6164,6157,0.9348195656087421
6164,4869,0.924692272140494
6164,60674,0.946175109063643
6164,6173,0.948376894095879
6164,6158,0.8792510310939967
6164,100526842,0.9510909455910266
6164,50854,0.9495974830881598
6164,3646,0.9059775543328074
6164,100131205,0.9620285726728887
6164,2091,0.8837994494770347
6164,6138,0.9036530830097601
6164,100529239,0.9607440723946533
6164,6167,0.9454264220854429
6164,9045,0.93563547315484
6164,100093630,0.887451876947677
2197,6205,0.9260165965090432
2197,6233,0.9092213296160225
2197,6224,0.9330779463508525
2197,728658,0.9157711296951653
2197,6137,0.8924190476084963
2197,6165,0.9221362031616003
2197,6171,0.9111643058429351
2197,6208,0.8917544393415107
2197,6160,0.8965031166202141
2197,6169,0.9170893548530797
2197,6210,0.9010256480597111
2197,6204,0.9237214922453141
2197,6129,0.9030307362444757
2197,6223,0.9166342624425377
2197,6144,0.9029703440716242
2197,6228,0.9365130349149999
2197,6128,0.9055022203955156
2197,6139,0.9271220329212597
2197,6234,0.8686488834668636
2197,106635684,0.8614251776286939
2197,9349,0.9436508204395051
2197,6168,0.9429068966191642
2197,6229,0.8653835666837617
2197,106635533,0.8688971984877795
2197,6146,0.9187162098488938
2197,54543,0.8650068842106761
2197,6227,0.9149166892136583
2197,1350,0.8585818038903122
2197,6157,0.9145932984093874
2197,60674,0.8564449109008307
2197,6173,0.9031716416163446
2197,6158,0.8661701708710523
2197,100526842,0.9307216352894251
2197,50854,0.8945153501818741
2197,3646,0.8705568634732551
2197,100131205,0.8899154393423097
2197,6138,0.9255054521143147
2197,100529239,0.9305418896959897
2197,6167,0.9367697835324111
2197,9045,0.8811893925247819
2197,100093630,0.8674797042992903
6233,6224,0.9724971696898237
6233,728658,0.9121325877339536
6233,6137,0.9314191832731106
6233,6165,0.9760870955357539
6233,6171,0.9396269102480614
6233,6208,0.9743727559467462
6233,6160,0.9794562274703037
6233,6169,0.9607440147683528
6233,6210,0.976161681930674
6233,6204,0.9687523983726597
6233,6129,0.952508593098594
6233,6223,0.957966361261875
6233,6144,0.9664689197310846
6233,6228,0.9474668561869563
6233,6128,0.9366524717472899
6233,6139,0.9682904838648565
6233,113791,0.8536942553139484
6233,6234,0.8984229155997656
6233,106635684,0.8919320484856194
6233,9349,0.9430376757173007
6233,387066,0.857743248881913
6233,6168,0.973267375070497
6233,106635533,0.9633442467745235
6233,6146,0.9522423166606956
6233,54543,0.9463356833799715
6233,6227,0.979569501870613
6233,1350,0.9013310046140652
6233,6157,0.9462548625450866
6233,4869,0.9345440032204458
6233,60674,0.9556228487408369
6233,6173,0.9430660012130319
6233,6158,0.8771110534093427
6233,100526842,0.9705093409773868
6233,50854,0.9399414821487911
6233,3646,0.8830601224759814
6233,100131205,0.9560453781951413
6233,2091,0.897014749183095
6233,6138,0.8947366215742568
6233,100529239,0.9674735260410235
6233,6167,0.9641057568370868
6233,9045,0.9413896089461159
6233,100093630,0.9127406284917006
6224,6205,0.8959749281898168
6224,728658,0.9623590667210834
6224,6137,0.96039013835544
6224,6165,0.9746405520475454
6224,6171,0.9725989176562854
6224,6208,0.9638324967636824
6224,6160,0.9598054864486408
6224,6169,0.9777710392855891
6224,6210,0.9745139779077332
6224,6204,0.9840420929520106
6224,6129,0.9634223345889652
6224,6223,0.9677598443036727
6224,6144,0.9746300098276753
6224,6228,0.9603722285484577
6224,6128,0.9570967059894545
6224,6139,0.9848743759578824
6224,6234,0.9201443730065082
6224,106635684,0.8976768091202141
6224,9349,0.9666609019296225
6224,689,0.8734013632979895
6224,6168,0.9756593530962546
6224,6229,0.8698145762937883
6224,106635533,0.9486868601135571
6224,6146,0.9689279984510639
6224,54543,0.9332069460395933
6224,6227,0.965866103243605
6224,1350,0.882648315299526
6224,6157,0.9801130859264261
6224,4869,0.9298927061133325
6224,60674,0.9464985808709984
6224,6173,0.9676350937872102
6224,6158,0.9295697489004872
6224,100526842,0.985554960102367
6224,50854,0.9459036628059175
6224,3646,0.8905424555987752
6224,100131205,0.9547689452813454
6224,2091,0.9136831988441848
6224,6138,0.9288848222594583
6224,100529239,0.9834208281069075
6224,6167,0.9855731068201983
6224,9045,0.9555127042695897
6224,100093630,0.9228081083845103
728658,6205,0.9158254827321599
728658,6137,0.9631172566919243
728658,6165,0.928293170122254
728658,6171,0.9687113753002196
728658,6208,0.9076776997358665
728658,6160,0.9032068350347123
728658,6169,0.9539624094728555
728658,6210,0.924538466393702
728658,6204,0.9578767377055407
728658,6129,0.9505992671316004
728658,6223,0.9579072821399338
728658,6144,0.9449334873572258
728658,6228,0.9445483832161967
728658,6128,0.9496221429944233
728658,6139,0.9626580939645252
728658,6234,0.8872249511024438
728658,106635684,0.8986414511102708
728658,9349,0.9399780548893609
728658,689,0.8680143870050231
728658,6168,0.9465901976091072
728658,6229,0.8641336045966204
728658,106635533,0.900712074248634
728658,6146,0.9521754432875746
728658,54543,0.8819991481900021
728658,6227,0.91017970368135
728658,6157,0.9726715044340074
728658,4869,0.9189112038654454
728658,60674,0.9013896720319274
728658,6173,0.9385414606282705
728658,6158,0.9330532438392198
728658,100526842,0.9595380285765869
728658,50854,0.9059720877216911
728658,3646,0.8552363395381433
728658,1975,0.8614681523688338
728658,100131205,0.9112952792796347
728658,2091,0.9226883419202817
728658,6138,0.9337880737877972
728658,100529239,0.9574110242276902
728658,6167,0.9597241121037792
728658,9045,0.9541468967514898
728658,100093630,0.9099374371558197
6137,6205,0.8569670467366406
6137,6165,0.9580301371992374
6137,6171,0.9610191253978447
6137,6208,0.9403022156233073
6137,6160,0.9469356205068176
6137,6169,0.9741353675517168
6137,6210,0.93390447760518
6137,6204,0.9700479159828476
6137,6129,0.9654176745683555
6137,6223,0.9735478664850767
6137,6144,0.9562787145169611
6137,6228,0.9405260298943595
6137,6128,0.9570852729283625
6137,6139,0.9566365936823544
6137,6234,0.9391734892037493
6137,106635684,0.9105041655661482
6137,9349,0.9418436533624673
6137,3945,0.8602162330605926
6137,689,0.8766025880220221
6137,6168,0.9537831892879212
6137,6229,0.8520820477754536
6137,106635533,0.9221403801925678
6137,6146,0.9638868779603388
6137,54543,0.9294100054321608
6137,6227,0.9427193504291913
6137,1350,0.8731793383326534
6137,6157,0.9683171332921732
6137,4869,0.9359677722865707
6137,60674,0.9252657547362761
6137,6173,0.9547065052644786
6137,6158,0.9529029978802591
6137,100526842,0.9554622017587784
6137,50854,0.9405975817354154
6137,3646,0.8672508267416676
6137,100131205,0.9462660021292031
6137,2091,0.9527908580621742
6137,1236,0.8835678094783553
6137,6138,0.9201635326571886
6137,100529239,0.9665741520333725
6137,6167,0.9529463023418284
6137,9045,0.9641773899251214
6137,100093630,0.895667755620931
6203,6165,0.8667931290068173
6203,6160,0.8625391710460777
6203,6169,0.8537668362112534
6203,6129,0.8539414741468992
6203,9349,0.8735368799381077
6203,689,0.8523904765608357
6203,6146,0.8518683611542854
6203,1350,0.902712612321938
6203,3646,0.8638838620633467
6203,51386,0.8570752519459982
6165,6205,0.8664305141935853
6165,6171,0.9580770662047238
6165,6208,0.9797602635316256
6165,6160,0.9907211779485043
6165,6169,0.9868759429439916
6165,6210,0.9674650443644164
6165,6204,0.9798089285997597
6165,6129,0.9820016558663943
6165,6223,0.9600802444501186
6165,6144,0.9699831165368256
6165,6228,0.9613705237838543
6165,6128,0.967697026067298
6165,6139,0.9747852611453595
6165,6234,0.9396534610617243
6165,106635684,0.9175622278299201
6165,9349,0.9794300546801125
6165,3945,0.8556709802948225
6165,387066,0.8503443139975667
6165,689,0.9100135012949865
6165,6168,0.9830567145042758
6165,6229,0.8981943404717232
6165,106635533,0.9481585900907135
6165,6146,0.9845192436281136
6165,54543,0.9608049567324543
6165,6227,0.9732828385902424
6165,1350,0.9450834405208827
6165,6157,0.9662493807481582
6165,4869,0.9376472955364111
6165,60674,0.9391914613488792
6165,6173,0.9777601313011359
6165,6158,0.9176951936745795
6165,100526842,0.974902040030103
6165,50854,0.9667501838076201
6165,3646,0.9311961913834521
6165,100131205,0.965063868556289
6165,2091,0.9173729134864954
6165,6138,0.9395407953913367
6165,100529239,0.9811512725783
6165,6167,0.9747721480746271
6165,51386,0.8534000531216096
6165,10541,0.8681870452687868
6165,9045,0.9585395665829946
6165,100093630,0.9014933486086701
6171,6205,0.9092948324903001
6171,6208,0.9351018695683346
6171,6160,0.9415331965906815
6171,6169,0.9699512077959184
6171,6210,0.9331453546593481
6171,6204,0.969148345309713
6171,6129,0.962477772344018
6171,6223,0.9622031754456214
6171,6144,0.9785502936688879
6171,6228,0.9497383552600666
6171,6128,0.9663491267600424
6171,6139,0.9718331175259476
6171,6234,0.9243048760526823
6171,106635684,0.8846491266608381
6171,9349,0.9515156853579886
6171,689,0.8851526302112682
6171,6168,0.96216775223323
6171,6229,0.8876462992887022
6171,106635533,0.9063377581139687
6171,6146,0.9603256634750386
6171,54543,0.9184713806406721
6171,6227,0.9266145226744026
6171,1350,0.8742924254221404
6171,6157,0.9829534268662581
6171,4869,0.9202132031745905
6171,60674,0.9105933496341505
6171,6173,0.96356600348075
6171,6158,0.9274364187351967
6171,100526842,0.96965059545037
6171,50854,0.9276848841538107
6171,3646,0.8531742985449409
6171,100131205,0.9539574555844262
6171,2091,0.9451883790213135
6171,6138,0.9358171759469639
6171,100529239,0.9666735503886662
6171,6167,0.971047917306967
6171,9045,0.9517311026994015
6171,100093630,0.9052838250324197
6208,6160,0.9809317992337538
6208,6169,0.9704888119629186
6208,6210,0.9786439526103706
6208,6204,0.96946652785819
6208,6129,0.9647446093662588
6208,6223,0.936399606482837
6208,6144,0.9532364229012122
6208,6228,0.9134320337887136
6208,6128,0.9518874443966167
6208,6139,0.9707272549223716
6208,113791,0.8763001749689519
6208,6234,0.9215212230939303
6208,106635684,0.9170684336130933
6208,9349,0.95069046117357
6208,3945,0.8832778443585619
6208,387066,0.8590285376486839
6208,689,0.8911034134905741
6208,6168,0.9545187965222688
6208,6229,0.8721660100548357
6208,106635533,0.9506631826157087
6208,6146,0.9662365510651499
6208,54543,0.9529318728811577
6208,6227,0.9662681194049957
6208,1350,0.916916260922808
6208,6157,0.9629338781986628
6208,4869,0.9370239533558389
6208,60674,0.9424367304409028
6208,6173,0.9730270835821867
6208,6158,0.9122776314065691
6208,6166,0.8638485737810402
6208,100526842,0.9733079361751948
6208,50854,0.9444452440014615
6208,3646,0.9156795802399794
6208,100131205,0.9441503985895289
6208,2091,0.9140798250160862
6208,6138,0.8981578396427925
6208,100529239,0.9680402607026798
6208,6167,0.9614993399835552
6208,10541,0.8667983502379204
6208,9045,0.9601941743320849
6208,100093630,0.886872045523691
6160,6169,0.9779324585044978
6160,6210,0.9573923656990843
6160,6204,0.9716465157658317
6160,6129,0.9707132666242546
6160,6223,0.9536705703599172
6160,6144,0.9667482143838121
6160,6228,0.942824682781595
6160,6128,0.9563649520932506
6160,6139,0.9584380546587268
6160,6234,0.9285558961220669
6160,106635684,0.9072794861185814
6160,9349,0.9599591370297617
6160,3945,0.8721607579105408
6160,387066,0.8514108350937706
6160,689,0.886405713449944
6160,6168,0.9705995890913758
6160,6229,0.871566479889701
6160,106635533,0.9490774180248301
6160,6146,0.9658288691297207
6160,54543,0.963349357959977
6160,6227,0.9736088318639162
6160,1350,0.9483218111741096
6160,6157,0.9496275200031035
6160,4869,0.9283638180839964
6160,60674,0.9380801991166909
6160,6173,0.9661083364318905
6160,6158,0.8921962071139135
6160,100526842,0.9611084625384768
6160,50854,0.951593827636131
6160,3646,0.9110780536636356
6160,100131205,0.9730574330239637
6160,2091,0.907165202926693
6160,6138,0.9089537087557856
6160,100529239,0.9708861837014139
6160,6167,0.9547448084907431
6160,10541,0.856907228366881
6160,9045,0.9477944900937008
6160,100093630,0.8849323061187185
6169,6205,0.8736549247002079
6169,6210,0.9590437672658343
6169,6204,0.9902036532524298
6169,6129,0.9837765428275156
6169,6223,0.9629107294731692
6169,6144,0.9743587116266365
6169,6228,0.9530703832302004
6169,6128,0.9731848726146919
6169,6139,0.9770632521045047
6169,6234,0.9341279215304603
6169,106635684,0.903993047939201
6169,9349,0.9744481956244874
6169,3945,0.8656240702732478
6169,689,0.9045565210947522
6169,6168,0.9720644581705342
6169,6229,0.8982790523099428
6169,106635533,0.93796762452338
6169,6146,0.9821486682941549
6169,54543,0.9508508380876739
6169,6227,0.9555029337077914
6169,1350,0.922411834564832
6169,6157,0.9820268871060539
6169,4869,0.9297435272395141
6169,60674,0.9279865191197014
6169,6173,0.9844507755531816
6169,6158,0.9370339027587328
6169,100526842,0.9790488269118942
6169,50854,0.9520768153417876
6169,3646,0.9168285434002716
6169,100131205,0.9699439830185269
6169,2091,0.9231401601395736
6169,1236,0.8581857482221409
6169,6138,0.9312639524598043
6169,100529239,0.9893080041147048
6169,6167,0.9803156865626762
6169,10541,0.8620575021528407
6169,9045,0.9649796068015165
6169,100093630,0.8956193688012178
6210,6204,0.9672533466244927
6210,6129,0.9550462025043488
6210,6223,0.9395763547253039
6210,6144,0.950740456275988
6210,6228,0.9223999694598168
6210,6128,0.9336998109116373
6210,6139,0.9774282354200211
6210,113791,0.8844340851558895
6210,6234,0.8892398276501479
6210,106635684,0.904794901388382
6210,9349,0.9467659286822773
6210,3945,0.8527798501873665
6210,689,0.8653519753092325
6210,6168,0.9545561564939502
6210,106635533,0.9657682147265725
6210,6146,0.9633988538401451
6210,54543,0.923321528522888
6210,6227,0.9725684818599942
6210,1350,0.8760062966995924
6210,6157,0.9580589243859079
6210,4869,0.950329938975934
6210,60674,0.9618104507874314
6210,6173,0.9509683860908347
6210,6158,0.9104942912582388
6210,100526842,0.9779189968214047
6210,50854,0.9393288867763803
6210,3646,0.9108886905231628
6210,1975,0.8596824670556332
6210,1606,0.8582106420210482
6210,100131205,0.9221207761740823
6210,2091,0.9004816595878707
6210,6138,0.9002503652478104
6210,100529239,0.9668844998903978
6210,6167,0.9687154080443383
6210,664709,0.8563324105377633
6210,10541,0.8537633724125783
6210,9045,0.9572273806849307
6210,100093630,0.9120090306169618
6204,6205,0.879698250283443
6204,6129,0.9744629342786514
6204,6223,0.9688312157704342
6204,6144,0.9782410572432491
6204,6228,0.9479524577282171
6204,6128,0.9673101298073238
6204,6139,0.982473769218228
6204,6234,0.9184445848063956
6204,106635684,0.8944692386836258
6204,9349,0.9663182129171393
6204,689,0.88736285367361
6204,6168,0.9715629655766619
6204,6229,0.8856446207115495
6204,106635533,0.9387220575898507
6204,6146,0.9696103857165148
6204,54543,0.9394141812164464
6204,6227,0.9609413305243398
6204,1350,0.9036031154208024
6204,6157,0.9822545508501686
6204,4869,0.9208976590203573
6204,60674,0.9306801666302708
6204,6173,0.9766295940084682
6204,6158,0.9278975918946821
6204,100526842,0.9843653473397521
6204,50854,0.9390800505382098
6204,3646,0.9009241036495383
6204,100131205,0.9688391348312275
6204,2091,0.9189156092106655
6204,1236,0.8508926969727549
6204,6138,0.9261943313605291
6204,100529239,0.999117778583807
6204,6167,0.9835323621100045
6204,9045,0.9569918445584835
6204,100093630,0.9022903686461851
6129,6205,0.8631980725203449
6129,6223,0.9551719473015429
6129,6144,0.9658085312126152
6129,6228,0.9501136847421785
6129,6128,0.9897776741693456
6129,6139,0.9807218048538388
6129,6234,0.9180486133209224
6129,106635684,0.9411291610184281
6129,9349,0.9783228511295188
6129,3945,0.8577673368688926
6129,689,0.9420838617349776
6129,6168,0.9729992140040387
6129,6229,0.9264651821428085
6129,106635533,0.9280534861889528
6129,6146,0.9895539819968668
6129,54543,0.9461824330977138
6129,6227,0.9425217231089327
6129,1350,0.9302932571411152
6129,6157,0.9755385769827256
6129,4869,0.9497142165386155
6129,60674,0.9204387860116888
6129,6173,0.9776611317136654
6129,6158,0.9305928318481096
6129,27335,0.8701052838625563
6129,100526842,0.9786654855215681
6129,50854,0.9490541112148779
6129,3646,0.9380374498002996
6129,1975,0.8919589427984281
6129,100131205,0.9479497513011315
6129,1327,0.8678421235529571
6129,2091,0.9449214132910583
6129,6138,0.9576455814653825
6129,100529239,0.9762647151372162
6129,6167,0.9706364178517695
6129,51386,0.8874057775708475
6129,664709,0.866439386778626
6129,10541,0.8991586391247159
6129,9045,0.9772692579232612
6129,100093630,0.8882222090107083
6223,6205,0.8923398565289067
6223,6144,0.9696257577803339
6223,6228,0.9672365735072649
6223,6128,0.9495170913346185
6223,6139,0.9592742987566553
6223,6234,0.9251374684869277
6223,106635684,0.9026169206850211
6223,9349,0.9418111848685838
6223,689,0.8600756119871854
6223,6168,0.9777090245024574
6223,106635533,0.9396986493193028
6223,6146,0.9540436767392537
6223,54543,0.9150129623099611
6223,6227,0.9655290457045121
6223,1350,0.8862338124468415
6223,6157,0.9609821749229337
6223,4869,0.9354156275819971
6223,60674,0.9415970112207415
6223,6173,0.9362497912555021
6223,6158,0.9320826877169188
6223,100526842,0.9563066686368745
6223,50854,0.9357723813417413
6223,3646,0.8542024937199463
6223,100131205,0.9538840037232609
6223,2091,0.9390266557425232
6223,6138,0.9326223697313798
6223,100529239,0.9674286964308932
6223,6167,0.9590569669202978
6223,9045,0.9537321115918542
6223,100093630,0.9193419681177409
6144,6205,0.882516646037673
6144,6228,0.950271501930917
6144,6128,0.963874985685523
6144,6139,0.9721616306490709
6144,6234,0.9136841483779323
6144,106635684,0.8802247875283791
6144,9349,0.9503322834338315
6144,689,0.8804025083122242
6144,6168,0.9697748408596818
6144,6229,0.8790015848297547
6144,106635533,0.9303393756256024
6144,6146,0.9583992748358948
6144,54543,0.9281296171783078
6144,6227,0.9519085336454292
6144,1350,0.8953909126320365
6144,6157,0.9736359913948476
6144,4869,0.9238756306704677
6144,60674,0.9312380793925653
6144,6173,0.959460231995744
6144,6158,0.9062301633715196
6144,100526842,0.9711954918139182
6144,50854,0.9405272466983488
6144,3646,0.8626975158232584
6144,100131205,0.9801288293147608
6144,2091,0.9386233530672246
6144,6138,0.9237471053970395
6144,100529239,0.975763953250771
6144,6167,0.9706327372987767
6144,9045,0.9473297556788439
6144,100093630,0.9039663862439264
6228,6205,0.9383802902934192
6228,6128,0.9385233101672854
6228,6139,0.949646249877966
6228,6234,0.9096472849925277
6228,106635684,0.8927674980243522
6228,9349,0.9630324502594979
6228,689,0.8553897291060502
6228,6168,0.9804535924123793
6228,6229,0.8609216834111693
6228,106635533,0.9286832109164708
6228,6146,0.9626721896828221
6228,54543,0.9025681825331933
6228,6227,0.9466195032178861
6228,1350,0.8856608100777982
6228,6157,0.9367948827604665
6228,4869,0.9216222385141183
6228,60674,0.9227532604169919
6228,6173,0.929566015141013
6228,6158,0.8909206146475577
6228,100526842,0.9474312959388426
6228,50854,0.9499551943557792
6228,3646,0.8834910794336905
6228,100131205,0.9323949497598752
6228,2091,0.893232987716224
6228,6138,0.94917985415693
6228,100529239,0.9516758783987301
6228,6167,0.9605276683464484
6228,9045,0.9248449465420907
6228,100093630,0.9245463596502975
6128,6205,0.8741172786124122
6128,6139,0.9772988650260003
6128,6234,0.912164748390206
6128,106635684,0.9358692131847471
6128,9349,0.97198313397707
6128,689,0.9547682383447944
6128,6168,0.9678602420448881
6128,6229,0.9438377774146424
6128,106635533,0.8988926839982352
6128,6146,0.9770439186384676
6128,54543,0.9293437849528466
6128,6227,0.9195576901077068
6128,1350,0.9269107119965557
6128,6157,0.9750609251221148
6128,4869,0.9265741147056847
6128,60674,0.8906414047166051
6128,6173,0.9754509546785389
6128,6158,0.9253812526727566
6128,6166,0.8664568280587627
6128,27335,0.8933711285977239
6128,100526842,0.9750280939290756
6128,50854,0.9332487180472255
6128,3646,0.9188592853858486
6128,1975,0.8809944518462325
6128,100131205,0.9457782860224584
6128,1327,0.8911165388706678
6128,2091,0.951062871886436
6128,6138,0.9641679809049766
6128,100529239,0.9695777343413867
6128,6167,0.9648678215666959
6128,51386,0.8887491428016523
6128,664709,0.8626630211551907
6128,10541,0.8800965594611814
6128,9045,0.9664950959294549
6128,100093630,0.8751020777227657
6139,6205,0.8813720483348906
6139,113791,0.8502627263460305
6139,6234,0.905488542223
6139,106635684,0.920558547515187
6139,9349,0.9728049713041058
6139,689,0.9116241623831575
6139,6168,0.9773475646140269
6139,6229,0.9070799733630922
6139,106635533,0.9435198377738114
6139,6146,0.9822140650502006
6139,54543,0.9283201180294558
6139,6227,0.9506039704267947
6139,1350,0.8923928618183244
6139,6157,0.9854133129545547
6139,4869,0.9505448314545384
6139,60674,0.9394345830449614
6139,6173,0.9757568093391233
6139,6158,0.9340757556532355
6139,100526842,0.9986856093654699
6139,50854,0.9478053645921417
6139,3646,0.917896352120651
6139,1975,0.8811556912667436
6139,100131205,0.9379405938853421
6139,2091,0.9375924487116892
6139,6138,0.9498997460896501
6139,100529239,0.9836115011936725
6139,6167,0.9907920110549945
6139,664709,0.8741784166727385
6139,10541,0.8537948228812812
6139,9045,0.9749532373781743
6139,100093630,0.9204088676763116
6234,106635684,0.8662432189835433
6234,9349,0.912890286017104
6234,689,0.8583430386788666
6234,6168,0.9267851977884778
6234,106635533,0.8848849634222854
6234,6146,0.9283477838222333
6234,54543,0.9089606078128998
6234,6227,0.9161465853671836
6234,1350,0.8880033522633181
6234,6157,0.9166429070738255
6234,4869,0.8886873598467535
6234,60674,0.8885496107473632
6234,6173,0.9295560471667692
6234,6158,0.9173128202886126
6234,100526842,0.9037511611859813
6234,50854,0.9283015076249929
6234,3646,0.8552359645942268
6234,100131205,0.9155428705969848
6234,2091,0.8932745294325627
6234,6138,0.8876656501694645
6234,100529239,0.9171229552533346
6234,6167,0.9106508932514309
6234,9045,0.9114978912203205
6234,100093630,0.8549418335346093
106635684,9349,0.9231922788320911
106635684,689,0.9188501194832113
106635684,6168,0.9150862839120817
106635684,6229,0.8790936526451176
106635684,106635533,0.8820694742573358
106635684,6146,0.9383899168372345
106635684,54543,0.8967541788386071
106635684,6227,0.900315145896696
106635684,1350,0.8954975000738483
106635684,6157,0.9094286764972395
106635684,4869,0.9304149278910557
106635684,60674,0.8806489719441417
106635684,6173,0.9096061947796996
106635684,6158,0.8975452567384549
106635684,100526842,0.9146780490470102
106635684,50854,0.8873617693568071
106635684,3646,0.9107798307868917
106635684,1975,0.9178787047229018
106635684,100131205,0.8573003734211943
106635684,2091,0.906169530853312
106635684,6138,0.9328116394012049
106635684,100529239,0.8996378282960878
106635684,6167,0.8934485019468091
106635684,51386,0.8857436501084882
106635684,664709,0.8896465393378296
106635684,10541,0.8991690621883018
106635684,9045,0.9474900199193532
9349,6205,0.9065788576915237
9349,689,0.9282552714198529
9349,6168,0.9773461537512341
9349,6229,0.9318596801447825
9349,106635533,0.9192891899461371
9349,6146,0.9846364608989983
9349,54543,0.9306019153237192
9349,6227,0.9442637972757587
9349,1350,0.9333383819380145
9349,6157,0.9620940890840451
9349,4869,0.9175385826213608
9349,60674,0.9073812409100218
9349,6173,0.9719104172944816
9349,6158,0.9162265288797948
9349,100526842,0.9722728186155172
9349,50854,0.9513123316353227
9349,3646,0.9481062987641905
9349,1975,0.8618112861292038
9349,100131205,0.9339633539759982
9349,1327,0.8837709129352626
9349,2091,0.8938169045468888
9349,6138,0.9701495918256696
9349,100529239,0.9722348776350478
9349,6167,0.9718147226373635
9349,51386,0.8967082252974283
9349,10541,0.8597864311621977
9349,9045,0.94769829735321
9349,100093630,0.8905950713315939
689,6168,0.8998376776385654
689,6229,0.9743362248887308
689,6146,0.9283484926868462
689,54543,0.8556857105567484
689,1350,0.9236731337661058
689,6157,0.9105695054266557
689,4869,0.8675327371027131
689,6173,0.9256959219536692
689,6158,0.8922679479423077
689,6166,0.8516495927673106
689,27335,0.9587726952107674
689,100526842,0.9042364719940105
689,50854,0.8764958390253801
689,3646,0.9320092523919263
689,1975,0.8811642587407832
689,100131205,0.8571326370142034
689,962,0.8647951867232568
689,1327,0.9447466573524558
689,2091,0.8922444468735773
689,6138,0.9493170470455313
689,100529239,0.8959243640120329
689,6167,0.8926882220459647
689,51386,0.943062252948106
689,664709,0.8622943581687911
689,10541,0.9098047233247543
689,9045,0.9152207651780596
6168,6205,0.9112446957215206
6168,6229,0.897094620066225
6168,106635533,0.9414634029336121
6168,6146,0.9770545602887587
6168,54543,0.9325989279867061
6168,6227,0.9663619856994584
6168,1350,0.9280708906269246
6168,6157,0.9629347057479327
6168,4869,0.93581694953584
6168,60674,0.9351965785784231
6168,6173,0.9566381418349795
6168,6158,0.9184951500602088
6168,100526842,0.9746168120642825
6168,50854,0.961322237287886
6168,3646,0.910208313706398
6168,1975,0.8665245163012295
6168,100131205,0.9513703285476255
6168,2091,0.9219283097226763
6168,6138,0.9599100988210972
6168,100529239,0.9748412037632148
6168,6167,0.9774160003064517
6168,51386,0.8501115446683797
6168,664709,0.8676322025154816
6168,9045,0.9534087258388414
6168,100093630,0.9286769264779322
6229,6205,0.8548950966212526
6229,5204,0.8817765302447683
6229,6146,0.9163272547576098
6229,1350,0.9050151904469153
6229,6157,0.9075373592907986
6229,6173,0.9222284990134035
6229,6158,0.8723710845970559
6229,27335,0.9466856188861684
6229,100526842,0.9009002145818215
6229,50854,0.8660997135425739
6229,3646,0.9134436981193389
6229,100131205,0.8558669314329241
6229,1327,0.9635771028201198
6229,2091,0.8621467914043123
6229,6138,0.949855541108895
6229,100529239,0.8956330341534748
6229,6167,0.9020620876706703
6229,51386,0.9222085842076325
6229,9045,0.8802239710117241
106635533,113791,0.9034953373885045
106635533,387066,0.8579754089255891
106635533,6146,0.9439969528886787
106635533,54543,0.8959611424104743
106635533,6227,0.9686720229549587
106635533,1350,0.8534353054510271
106635533,6157,0.9190670492122238
106635533,4869,0.9610591927354677
106635533,60674,0.9921108419222533
106635533,6173,0.916399118664176
106635533,6158,0.8812379083692964
106635533,100526842,0.9437891753530769
106635533,50854,0.9390312660039664
106635533,3646,0.8791342082616365
106635533,1975,0.8506503876347434
106635533,1606,0.8615676250074742
106635533,100131205,0.9022081969911021
106635533,2091,0.883882983175117
106635533,6138,0.871093442896175
106635533,692227,0.8520672327433185
106635533,100529239,0.936482459333853
106635533,6167,0.9368916744559111
106635533,9045,0.9429871053820628
106635533,100093630,0.9249533442473683
6146,6205,0.8762346049827497
6146,54543,0.9340418246576538
6146,6227,0.9504712376443151
6146,1350,0.9182957099425638
6146,6157,0.9729063726414956
6146,4869,0.9615829391596167
6146,60674,0.9377898587620693
6146,6173,0.977364696261415
6146,6158,0.9388231886877181
6146,100526842,0.9800850242941371
6146,50854,0.969990610279481
6146,3646,0.9459156067202364
6146,1975,0.8944424814695431
6146,100131205,0.9331038332358151
6146,1327,0.8563809473814871
6146,2091,0.9370076713024639
6146,6138,0.9608085313032582
6146,100529239,0.9721705374045034
6146,6167,0.9787463686425969
6146,51386,0.8844822132022674
6146,664709,0.8772225371652703
6146,10541,0.8912185066184956
6146,9045,0.977130248648222
6146,100093630,0.9107979058026552
54543,3945,0.8786339088841778
54543,6227,0.9334474515794994
54543,1350,0.9186616611945748
54543,6157,0.9294848441040428
54543,4869,0.8884391388842288
54543,60674,0.8861229346307673
54543,6173,0.9410669224543964
54543,6158,0.8826697480468519
54543,6166,0.8668306624573748
54543,100526842,0.9313630559025371
54543,50854,0.9034411523697161
54543,3646,0.87261688667671
54543,100131205,0.9419222568271327
54543,2091,0.8777775940888893
54543,6138,0.8697430985091219
54543,100529239,0.937496910794362
54543,6167,0.921401779023685
54543,9045,0.9249627076774198
6227,1350,0.9044938964745848
6227,6157,0.9394573764188101
6227,4869,0.9330803683642719
6227,60674,0.9650396608399973
6227,6173,0.9336488565744431
6227,6158,0.8973202546758332
6227,100526842,0.9509963895774431
6227,50854,0.9426887573657664
6227,3646,0.8843473186074242
6227,100131205,0.9465088778955605
6227,2091,0.8896477504749942
6227,6138,0.8998654315990848
6227,100529239,0.9602455498885244
6227,6167,0.947297280860378
6227,9045,0.9385696528885605
6227,100093630,0.9101260038745238
1350,6157,0.8892796608887713
1350,6173,0.9170366826613702
1350,27335,0.8932976861408991
1350,100526842,0.8904293788435719
1350,50854,0.889159604230471
1350,3646,0.9208250913116462
1350,100131205,0.9150902490084685
1350,962,0.8656446782070797
1350,1327,0.8898233095188357
1350,6138,0.9083044907322816
1350,100529239,0.9107383389912704
1350,6167,0.8833579238986471
1350,51386,0.8829248831931248
1350,10541,0.8836097717304779
1350,9045,0.8907122766696003
6157,6205,0.8855035757724574
6157,4869,0.9286637423858977
6157,60674,0.9179620762767637
6157,6173,0.9802394017415197
6157,6158,0.9531221982176555
6157,100526842,0.9838578741360848
6157,50854,0.9299934134237078
6157,3646,0.8865621877936641
6157,100131205,0.9490178265794622
6157,1327,0.8508593433934647
6157,2091,0.9465692464942684
6157,6138,0.9383056691809554
6157,100529239,0.980719269508683
6157,6167,0.9815345693393293
6157,9045,0.9704494689923093
6157,100093630,0.900723921124915
4869,113791,0.8931905144383185
4869,3945,0.8565162227240596
4869,2113,0.8720978300928235
4869,3178,0.8600212447829263
4869,3326,0.8554570962760298
4869,60674,0.9673146336407717
4869,6173,0.9184546221865558
4869,6158,0.9102922192004351
4869,100526842,0.944595997069163
4869,50854,0.9421616533065512
4869,3646,0.893773597313624
4869,1975,0.9255051999799806
4869,1606,0.8649815709202227
4869,100131205,0.8768943463860331
4869,23642,0.8542772791849608
4869,2091,0.9418986801340227
4869,6138,0.9096729672448632
4869,692227,0.8530589998712371
4869,100529239,0.9196561728592402
4869,6167,0.9332404483235592
4869,664709,0.922525992768266
4869,10541,0.8920697166742148
4869,9045,0.9767592405983199
4869,100093630,0.9094798665370253
60674,113791,0.9113430137793457
60674,387066,0.8546631569110937
60674,9298,0.8565322144053775
60674,6173,0.9083146521165143
60674,6158,0.8918611420592284
60674,100526842,0.9372903132350546
60674,50854,0.9372409518206152
60674,3646,0.8605213412802358
60674,1975,0.8523938376239232
60674,1606,0.8649627556089055
60674,100131205,0.8954392015424345
60674,23642,0.878599265287163
60674,2091,0.8971315480109419
60674,6138,0.8685679430847343
60674,692227,0.8846916427117566
60674,9304,0.8590027485893605
60674,100529239,0.9272574693995034
60674,6167,0.9325159428711758
60674,664709,0.8601738562516421
60674,9045,0.9441547710441784
60674,100093630,0.932013898066451
6173,6205,0.8562167116675302
6173,3945,0.8514235466331217
6173,6158,0.9376704844168062
6173,6166,0.8580484736927269
6173,27335,0.861330964543149
6173,100526842,0.9771593407644429
6173,50854,0.9374724209402424
6173,3646,0.918059820547584
6173,100131205,0.9477436009382044
6173,1327,0.861298314578529
6173,2091,0.92305723888276
6173,6138,0.9303384396477916
6173,100529239,0.976796075633915
6173,6167,0.9734284095019745
6173,10541,0.8562832870500285
6173,9045,0.957993164108939
6173,100093630,0.8904831718503757
6158,100526842,0.9281566088652864
6158,50854,0.8991796174873314
6158,3646,0.8650183561225119
6158,100131205,0.8764764577083715
6158,2091,0.9256094422149445
6158,6138,0.9105538641300972
6158,100529239,0.9268810606134006
6158,6167,0.9346918470827621
6158,10541,0.8540290192774281
6158,9045,0.9483646552577257
6158,100093630,0.8816961422985955
27335,9168,0.8756792468316557
27335,5204,0.9029790756943343
27335,6166,0.8604657258508386
27335,3646,0.8634549472617742
27335,53827,0.8594146749396325
27335,962,0.8763024141741521
27335,1327,0.95232267367381
27335,6138,0.8720247456721787
27335,8666,0.8548611341365684
27335,51386,0.9027904138189242
27335,10541,0.8705724838894884
100526842,6205,0.8761169819509835
100526842,113791,0.8515327493277304
100526842,50854,0.9455934238085548
100526842,3646,0.9172842287181955
100526842,1975,0.8684733126092486
100526842,100131205,0.9417721954714815
100526842,2091,0.9293607735597281
100526842,6138,0.941109772703192
100526842,100529239,0.9851748083186979
100526842,6167,0.9904489662517576
100526842,664709,0.8568521021516332
100526842,9045,0.9711575314269238
100526842,100093630,0.9168536707015452
50854,3646,0.909872297833792
50854,100131205,0.9190153015020023
50854,2091,0.9122837299948374
50854,6138,0.9251910356976922
50854,100529239,0.9409840161800404
50854,6167,0.9512857529653147
50854,664709,0.8593202852088946
50854,10541,0.8514956737322779
50854,9045,0.9345697483548144
50854,100093630,0.9163939473781503
3646,26986,0.868613076665721
3646,1975,0.8864756430536724
3646,1327,0.8622484244010179
3646,6138,0.9237250819307886
3646,100529239,0.9115166839660422
3646,6167,0.9074639403322172
3646,51386,0.9358002179020295
3646,10541,0.9182901453383482
3646,9045,0.9162000592551317
1975,26986,0.8736803268144566
1975,3178,0.8610064407122148
1975,3326,0.8556924291650675
1975,2091,0.8700786440889803
1975,6138,0.9023269061274781
1975,51386,0.8778242481706011
1975,664709,0.944943873818904
1975,10541,0.8914868531551553
1975,9987,0.8595933215767692
1975,9045,0.9201789122720916
100131205,6205,0.8569895339667488
100131205,2091,0.9005241120739775
100131205,6138,0.8888935936010566
100131205,100529239,0.9651901822834937
100131205,6167,0.9413425036365558
100131205,9045,0.9149945369009359
100131205,100093630,0.8579426560402539
2091,6138,0.9098111738337215
2091,100529239,0.9143276584577015
2091,6167,0.9200182002893358
2091,664709,0.8878039878236067
2091,1731,0.8667009298148793
2091,9045,0.952953981641416
2091,100093630,0.8766800375839725
6138,6205,0.923780088764513
6138,1327,0.9123385659687705
6138,100529239,0.9352240532246234
6138,6167,0.943522630909617
6138,51386,0.9254216636890693
6138,664709,0.8893367205206735
6138,10541,0.8582865195262322
6138,9045,0.9342150406673537
6138,100093630,0.8728985215727115
100529239,6205,0.8875850272106177
100529239,6167,0.9847045645959495
100529239,9045,0.9561592928484907
100529239,100093630,0.9028461466078739
6167,6205,0.9059507686202412
6167,9045,0.9563608970259908
6167,100093630,0.927702988294962
51386,26986,0.8935756172999371
51386,293,0.887712916748287
51386,1327,0.9133818109994173
51386,10541,0.8766737401348148
664709,3187,0.8587347138404764
664709,1974,0.8895342072848027
664709,3178,0.9547839019016225
664709,3326,0.9102537972630383
664709,606500,0.8682102066134816
664709,51119,0.8545510473721757
664709,10541,0.8613609382780496
664709,9987,0.9442201129254897
664709,9045,0.8938344165045327
10541,26986,0.8682709659926228
10541,3945,0.8752100855845706
10541,962,0.8647383073174917
10541,9045,0.9088885431527707
9045,113791,0.8690828502849919
9045,3945,0.8755031964144045
9045,1606,0.8564070455203103
9045,100093630,0.8914271385265525
100093630,6205,0.8549475128646103
100093630,23642,0.8875458587210905
100093630,692227,0.8542592696518221
972,3122,0.9473904721382694
972,3123,0.871153339892598
972,3113,0.9319582952024053
972,3108,0.9823199604168781
972,3109,0.9815910760147819
972,9308,0.896620603125149
972,3115,0.9583976992875181
972,3394,0.9277522243350682
972,256236,0.8634901123172254
972,100616164,0.8582815604452538
100616374,5026,0.8834343976083194
100616374,8115,0.9469247736719621
100616374,28485,0.9092274773154216
3394,3122,0.8516096052849574
3394,3108,0.9049677444916029
3394,3109,0.9255914583901227
3394,3115,0.9071345784559322
3394,5026,0.8885143584247662
3394,28485,0.8633346672929866
3394,100616164,0.8719894781584194
5026,8115,0.8931168584129537
5026,28485,0.9196259336374505
8115,28485,0.9175106893612432
1843,50486,0.8852544880678881
1843,2353,0.9068492241974366
1843,6303,0.8562309295357591
1843,5997,0.8662433495003145
1843,3576,0.9289672332988556
1843,7832,0.9186324264610287
1843,5743,0.8879395833558003
1843,10957,0.8601307327850618
1843,5008,0.8757886948519126
1843,8347,0.8787995469947044
50486,3576,0.9314563876853932
50486,7832,0.8929244195826671
50486,5743,0.8976239770536918
50486,5008,0.9712458564449858
50486,8347,0.924430814551416
6303,5997,0.8970925249300853
6303,723790,0.8580932319859066
6303,8337,0.8594087256878973
6303,2752,0.8886370722740654
6303,5743,0.8772640016419366
6303,8349,0.8543405818721078
6303,8347,0.8549561023420355
6303,54210,0.8771507676014993
5997,5552,0.8944615944817356
5997,723790,0.9077376002527124
5997,8337,0.9084761633885775
5997,7832,0.8816812604226532
5997,7846,0.8783422713586052
5997,4814,0.8589615988417661
5997,2752,0.9107159589487221
5997,5743,0.8865569948649596
5997,8349,0.8931774877454651
5997,10957,0.8923825828875004
5997,8347,0.8700560859627363
5997,54210,0.929730043472285
5997,8338,0.9034753328250051
5997,8843,0.8934332618902809
5997,338442,0.885571403802942
3576,7832,0.8592422098996236
3576,5743,0.8884093724784122
3576,5008,0.9205314614779031
3576,8347,0.871035115348037
7832,5743,0.9250425364943204
7832,5008,0.8561750264195235
5743,5008,0.8679625960795525
10957,3726,0.9318541675154448
10957,723790,0.9242123714032375
10957,8337,0.9243717080909157
10957,3021,0.8529618313425393
10957,2752,0.880095453158134
10957,8349,0.889979712697182
10957,8347,0.872864821743487
10957,54210,0.91293510222724
10957,1955,0.8514292139671991
10957,8338,0.9197341100629087
5008,8347,0.9213217906900969
8347,723790,0.9116004145813602
8347,8337,0.9134054603855087
8347,8338,0.8979908924405791
6205,1043,0.8860016466993448
113791,916,0.8514386046808237
113791,3575,0.8571832595945892
113791,3945,0.8515879980071207
113791,51669,0.8745769631262976
113791,3337,0.8761813396074859
113791,28634,0.8548391218526019
113791,9806,0.8577431446651079
113791,923,0.8726278789901155
113791,1606,0.9207004238697325
113791,3702,0.914216245066815
113791,8718,0.8977702807800577
23770,3043,0.8574690727813945
23770,51629,0.8833938290965199
23770,2995,0.915700603247101
23770,3042,0.9107923819250118
4558,4569,0.8805872518675166
4558,4563,0.9179379019704547
4558,4572,0.9015100190795108
4558,4568,0.8956109282914297
4563,4568,0.9160560174424869
2995,3043,0.8548350343742002
2995,7311,0.9263015340198347
2995,51629,0.9233463317756123
2995,25793,0.8949249759880712
2995,3042,0.900283940930169
2995,2987,0.8797818775578856
3945,28638,0.9026110072399923
3945,28639,0.9041302402361449
3945,28755,0.8924144044751361
3945,916,0.8860079686874948
3945,3575,0.9290654541195088
3945,915,0.8919106546558263
3945,28635,0.911233816567484
3945,28637,0.8686022800744992
3945,28634,0.8991259972600498
3945,923,0.9111757953183519
3945,28632,0.864368261580966
3945,1606,0.9319212445100156
3945,3702,0.8717554362930219
3945,27040,0.8529710794002895
3945,4118,0.9530193831417538
3945,8718,0.8908479268438154
3945,28567,0.8912641902101701
2495,5552,0.8828206432370072
2495,1520,0.8577725374271029
2495,7127,0.8924328113171662
2495,7846,0.8702991033854951
2495,7439,0.9943368929561296
2495,4814,0.9007136850679305
2495,5341,0.8828142487966897
2495,2752,0.8664864078106642
2495,5093,0.8662666324211749
2495,64581,0.9133926926756193
2495,9802,0.8890602440662169
2495,9473,0.8548202380724207
2495,271,0.8651066628709528
2495,10376,0.8663995199132072
2495,54210,0.8602752341946641
2495,427,0.8944524905385961
2495,5175,0.8868664383222383
2495,54918,0.864967911016483
2495,8843,0.8502077317845865
2495,5878,0.879880905688059
2495,4082,0.8853863880428829
5552,3936,0.9143994589642058
5552,7127,0.8672783228581686
5552,7846,0.9349088023685864
5552,7439,0.9065649130957061
5552,8031,0.8653387443449575
5552,4814,0.9191099430968315
5552,290,0.868460636608968
5552,5341,0.8671229071565215
5552,2752,0.959174870740715
5552,5093,0.9056111879792794
5552,677,0.8889950285489394
5552,64581,0.9090014271284619
5552,10487,0.8987655203082507
5552,9802,0.9289601840713952
5552,9473,0.9096939316227485
5552,271,0.8959823288312165
5552,4615,0.8856826322308035
5552,8826,0.8782658689486758
5552,2885,0.8788005880562253
5552,140885,0.8814670592487034
5552,54210,0.9299441552198231
5552,1955,0.9316266403035708
5552,5175,0.9049134811295025
5552,54918,0.9562077994258738
5552,8843,0.9060295180762711
5552,7009,0.8595648653562623
5552,5878,0.9071767913727711
5552,338442,0.9021359573622811
1520,7439,0.8579091234477285
1520,5341,0.8732975373932436
1520,10875,0.9097958865887575
1520,10221,0.8903608222769592
1520,1475,0.9039671309095856
1520,1230,0.863326265680409
1520,427,0.9083275473597785
1520,4082,0.8865972502822376
7127,7846,0.8655819665351544
7127,7439,0.9069335579117314
7127,8031,0.8827668827492141
7127,4814,0.9420855671405429
7127,5341,0.8556354592365664
7127,2752,0.8623599130170085
7127,10875,0.9071460948183664
7127,5093,0.8912437214636083
7127,677,0.8667638879985928
7127,64581,0.9585743969773783
7127,9802,0.8731830976442374
7127,9473,0.8670041236118564
7127,271,0.912132243153135
7127,2885,0.8521781041529797
7127,53917,0.8683468161533341
7127,54210,0.8853699348914922
7127,1955,0.8572069828753394
7127,5175,0.9151467280335768
7127,54918,0.8825511942950288
7127,8843,0.8820358995058897
7127,5878,0.9003738620687375
7127,338442,0.8983998570456521
7846,7439,0.8871581157376764
7846,8031,0.8509496575868195
7846,4814,0.8947189696066016
7846,2752,0.9424138223887492
7846,677,0.9219112072547853
7846,64581,0.8995629686824946
7846,9802,0.9074857226017893
7846,271,0.8958236287877231
7846,4615,0.8514716659971315
7846,54210,0.9198909970831949
7846,1955,0.9084951164703451
7846,5175,0.8626378810621514
7846,54918,0.8789080431445143
7846,8843,0.8955551657487217
7846,5878,0.8766833717314824
7846,338442,0.8921577083928821
7439,4814,0.9106690310678336
7439,5341,0.8898117159095376
7439,2752,0.8833863086721694
7439,10875,0.8507405757699759
7439,5093,0.8819038738899356
7439,64581,0.9257621295465379
7439,9802,0.8928467351879368
7439,9473,0.8679362476453191
7439,271,0.8741816139724775
7439,10376,0.8806608221300158
7439,54210,0.880439619108217
7439,427,0.8979879756140295
7439,5175,0.9000503838948833
7439,54918,0.8862261419012628
7439,8843,0.8762255994663946
7439,5878,0.8836540282064144
7439,338442,0.8628711240484418
7439,4082,0.8923843053843831
4814,8031,0.919610545555451
4814,290,0.8694025896109757
4814,2752,0.9101274519884175
4814,5093,0.908908812565858
4814,677,0.8562102944615098
4814,64581,0.9346604269080913
4814,9802,0.9217671201743927
4814,9473,0.869847105395849
4814,271,0.9581284534835653
4814,2885,0.8601795009033412
4814,54210,0.9322708281204877
4814,1955,0.9138785487894661
4814,6778,0.8647696747007102
4814,5175,0.9249265662124523
4814,54918,0.9083463781691815
4814,8843,0.8920036157037218
4814,389541,0.8641413075412984
4814,5878,0.9176673496346253
4814,338442,0.9117173657519693
5341,2752,0.8532648242454387
5341,10875,0.8575792990863214
5341,64581,0.8948767052680627
5341,9473,0.8932278855087197
5341,4615,0.8642819359834368
5341,10376,0.9093877831076826
5341,1230,0.8711451707970367
5341,427,0.8912213507018724
5341,5878,0.8897383401600342
5341,4082,0.8686608321493648
2752,3936,0.8710807546815051
2752,723790,0.8852841312151388
2752,8337,0.8850876250721326
2752,8031,0.86164318549806
2752,5093,0.8814087502853343
2752,677,0.9237422639962175
2752,64581,0.9215036294059389
2752,9802,0.9164792654847422
2752,9473,0.8794838358859439
2752,8349,0.8818960719369857
2752,271,0.9287163757101053
2752,4615,0.8604611918395494
2752,8826,0.8514312012480709
2752,90007,0.870366045896385
2752,2885,0.8557290142885383
2752,54210,0.9596953100290772
2752,1955,0.9155521530659919
2752,5175,0.8732480209358843
2752,54918,0.9076151619888303
2752,8338,0.8790448127517675
2752,8843,0.8898515143618622
2752,5878,0.9055832148326938
2752,338442,0.8895104560652269
5093,3936,0.8962249172572515
5093,8031,0.8803917373368306
5093,290,0.8652375555624423
5093,677,0.8766987292942571
5093,64581,0.9060656759150515
5093,10487,0.898644079194722
5093,9802,0.8884917002189376
5093,9473,0.875754861902982
5093,271,0.8792061943459151
5093,4615,0.8530349250516007
5093,2885,0.8938830889734234
5093,54210,0.8616802954601869
5093,1955,0.9069701416472324
5093,6778,0.8722464036893388
5093,5175,0.9175779235633299
5093,54918,0.9401979777421982
5093,3927,0.8631514229920016
5093,8843,0.874345499802691
5093,7009,0.9289513577781191
5093,5878,0.8975751529396995
5093,338442,0.8809055113717563
64581,8031,0.8718920011041094
64581,10875,0.9112208296554999
64581,677,0.8864866974612676
64581,9802,0.8991439655894132
64581,9473,0.897775789679883
64581,271,0.9301148800301068
64581,4615,0.8609771542648893
64581,10376,0.8588717569973606
64581,2885,0.8713272754962872
64581,53917,0.8631754962693929
64581,54210,0.9234125515162758
64581,1955,0.8778613051343175
64581,5175,0.9092763515215185
64581,54918,0.9134806230745129
64581,8843,0.8885572633633043
64581,5878,0.9104090147937643
64581,338442,0.8921181956718517
64581,4082,0.8509919664903375
9802,3936,0.8885629070872535
9802,677,0.852299476251875
9802,10487,0.8650548468656224
9802,9473,0.8691912007067236
9802,271,0.9206613686446131
9802,90007,0.8519925087716255
9802,140885,0.8572080727060273
9802,54210,0.8964757111854867
9802,1955,0.9367262216534069
9802,6778,0.8518598054741677
9802,5175,0.9160899301253457
9802,54918,0.9187716226571684
9802,7009,0.855220258719024
9802,5878,0.9551668229488771
9473,3936,0.9079349786022278
9473,10487,0.8651628890438774
9473,4615,0.9163611980644166
9473,10376,0.855447321320941
9473,7462,0.8593228668624543
9473,2885,0.8783832854467215
9473,140885,0.8604480750196708
9473,53917,0.8672371215008607
9473,427,0.8671609761842771
9473,1955,0.8502924549691092
9473,5175,0.9002395394254924
9473,54918,0.910612389005201
9473,7009,0.8623137487847855
9473,5878,0.9097915405326529
271,8031,0.9090337192388223
271,677,0.859083384143124
271,1116,0.8544548758966424
271,90007,0.8583765766580738
271,54210,0.9536504200340824
271,1955,0.8960863195421624
271,6778,0.8581458080349171
271,5175,0.8818958207321008
271,54918,0.8726410127944628
271,8843,0.8598511875093023
271,5878,0.9205251575789388
271,338442,0.8790123193162056
10376,10875,0.8518669171022465
10376,427,0.8675444370012418
10376,7009,0.8531821548925005
10376,5878,0.8653956472512205
54210,723790,0.9056062981421523
54210,8337,0.9053023353104909
54210,8031,0.8890371701530915
54210,677,0.891784962100622
54210,8349,0.8901636264390654
54210,1955,0.8947711216970776
54210,5175,0.8527096136881861
54210,54918,0.8795331437929726
54210,8338,0.9007184515644927
54210,8843,0.9283346834001125
54210,5878,0.885786076032662
54210,338442,0.9311308414622524
427,4615,0.8763873783289282
427,10221,0.8785939559082133
427,1475,0.8758256470951716
427,2885,0.8634881594503028
427,1230,0.8518805295027445
427,5175,0.8988842512001988
427,54918,0.869692233003206
427,7009,0.8538521594500008
427,4082,0.8780413026251191
5175,3936,0.8989808273540573
5175,8031,0.8723029484261053
5175,290,0.8977159955286164
5175,10875,0.8660709181499798
5175,677,0.8544347847903124
5175,10487,0.8855582895804857
5175,4615,0.8847256457390443
5175,2885,0.9332190916918384
5175,140885,0.8993088772507868
5175,1955,0.918121775059937
5175,6778,0.8617430063934994
5175,54918,0.9489203034642332
5175,7009,0.9044598994265548
5175,5878,0.9187457071351138
54918,3936,0.9363419128796681
54918,8031,0.8755542140580259
54918,290,0.8910835165731151
54918,240,0.8619911313391643
54918,5777,0.8555149497329785
54918,677,0.8774011764362896
54918,10487,0.936936786223681
54918,4615,0.9078827639302299
54918,8826,0.8910654393483632
54918,7462,0.8795893577186108
54918,11240,0.8527475274537449
54918,2885,0.9423848087135589
54918,140885,0.9219515682683359
54918,1955,0.9369636276821153
54918,6778,0.8578485720560066
54918,3927,0.8532385491452643
54918,829,0.8884377084008234
54918,8843,0.875937506994963
54918,7009,0.9219224196685665
54918,5878,0.9104511398482054
54918,338442,0.879187494991185
8843,723790,0.8532821255392938
8843,8337,0.853657363637321
8843,8031,0.8613935567362757
8843,677,0.8816141466645818
8843,1955,0.8514340173760832
8843,338442,0.9915824588163064
5878,3936,0.9018872847463649
5878,677,0.8507261195745386
5878,10487,0.8697922019942945
5878,4615,0.8585412472018898
5878,8826,0.8599891969643965
5878,90007,0.897479093309942
5878,10109,0.9026218331125007
5878,1955,0.9136855848430057
5878,6778,0.8519409587215174
5878,3927,0.9068693623536518
5878,7009,0.8803917957387798
5878,375,0.8600309164842526
4082,10875,0.857897162360062
1327,5204,0.9152744979961499
723790,3726,0.8914122826928215
723790,8337,0.9999389149725899
723790,3021,0.8508598993945532
723790,8349,0.9737950150112391
723790,8338,0.9962149100909268
723790,338442,0.8644483052313259
8337,3726,0.891194779021278
8337,3021,0.8515165938444833
8337,8349,0.97305864303208
8337,8338,0.9955227191088521
8337,338442,0.8648316450100287
8031,677,0.8510682359567386
8031,1116,0.8527967934340058
8031,55196,0.8538144511467707
8031,162466,0.8983463119210369
8031,1955,0.9055023283941411
8031,6778,0.879052557774904
8031,389541,0.8687697430056088
8031,338442,0.8914098353454109
8349,3726,0.8572547194726472
8349,8338,0.9746311124400472
8349,338442,0.8583273693309215
57153,55196,0.8889592412835708
57153,9750,0.9039238355982133
55196,23347,0.9183660077395254
55196,9750,0.9295015762217193
51246,8519,0.933001786141944
51246,3437,0.8580461876775005
51246,8743,0.9002187359421485
51246,4600,0.9250166345002014
51246,3557,0.9254724786054249
51246,9246,0.8509346443921806
51246,8638,0.8529143965351007
51246,53917,0.8527348542199641
51246,23347,0.850742507127274
51246,3428,0.895195467942541
162466,1116,0.9067991418681531
162466,389541,0.9154264892607069
53917,200315,0.8833891734171457
53917,338442,0.865624556757206
23347,4600,0.8859990811011945
23347,9750,0.8715042184032123
23347,3428,0.8583210282896745
9750,5788,0.8529095410503035
1955,3936,0.9211654508057023
1955,290,0.9171268276106144
1955,677,0.9071078184276388
1955,10487,0.9210226887289724
1955,4615,0.8634654959831873
1955,8826,0.9174546208032084
1955,2885,0.8917754471345193
1955,140885,0.8992034969647605
1955,6778,0.912754306398365
1955,3927,0.8696019513054823
1955,7009,0.8516240477898565
1955,23569,0.8767321505934942
1955,338442,0.8603554742837787
8338,3726,0.9005444874523779
8338,338442,0.8545020104525024
338442,677,0.8810419054947731
4318,3934,0.8683293823630693
4318,109729184,0.97507345973989
706,7076,0.9323493618162761
109729184,56729,0.8627128902211109
109729184,3934,0.8987001001850453
3122,3123,0.9288844223301915
3122,3113,0.9723725272590293
3122,3108,0.975344328258142
3122,3109,0.9654215436509667
3122,9308,0.8562866778016609
3122,3115,0.9391597790420022
3122,256236,0.8969793010253039
3123,3113,0.9209995104334587
3123,3127,0.9408719278028662
3123,3108,0.9025856397762865
3123,3109,0.8789281146067134
3123,256236,0.8617517931173994
3113,3108,0.9521294492607937
3113,3109,0.9478840259229957
3113,3115,0.9564119840512991
3113,256236,0.8907727345997267
3108,3109,0.9876608908659933
3108,9308,0.8838700234463265
3108,3115,0.9526352906228474
3108,256236,0.8665947387997638
3108,100616164,0.8525993929834148
3109,9308,0.8827462376860166
3109,3115,0.9697669214183663
3109,256236,0.8633420467304165
3109,100616164,0.8680013427743929
9308,3115,0.8501062971617201
3115,256236,0.8553218901719067
1731,28638,0.8526448535838003
1731,166,0.9402349899803433
1731,28629,0.8978708245589001
1731,28622,0.9165394734788225
1731,2113,0.9026643502480417
1731,3932,0.9051262581816379
1731,4302,0.8893941345851809
1731,9806,0.8813769202440439
1731,10235,0.8509961572127481
1731,147138,0.9206077417607718
1731,28624,0.8988906954023442
1731,27040,0.89180518848951
1731,1153,0.8613160042359598
1731,51466,0.9346503870115169
10578,4818,0.9077576324041292
10578,5551,0.9049642613983659
10578,3002,0.9332456527310035
10578,1521,0.8825555791302421
10578,83888,0.8624841840225443
10578,3560,0.9182332649494954
10578,10417,0.8692004767848545
10578,28522,0.9097948805709114
10578,919,0.8875559261842433
10578,3001,0.8746353069769426
10578,3683,0.8662021546481704
10578,864,0.8575443996067267
10578,28526,0.9201928640986574
10578,51348,0.9038677576667858
10578,81926,0.9169323609263309
10578,53637,0.8912995085476745
10578,28523,0.9179440403364822
10578,9289,0.9298326696042195
10578,30009,0.9029702423218658
10578,4145,0.8964340908995921
10578,343413,0.8966586760677402
10578,924,0.8588130548089473
4818,5551,0.9472249526435852
4818,3002,0.9619780845725753
4818,1521,0.9457562554593577
4818,83888,0.937234341830334
4818,3560,0.9437847289998978
4818,10417,0.9156295190968896
4818,10123,0.8647865430206818
4818,28522,0.9260697512279094
4818,919,0.9320845643100136
4818,2999,0.9059471465775248
4818,3001,0.95870582365284
4818,3683,0.9285754163554224
4818,28627,0.8802911763415239
4818,864,0.9506019485198082
4818,3004,0.9246346578279981
4818,28526,0.9235468487076894
4818,25777,0.8569018409668723
4818,51348,0.9334040211833368
4818,3820,0.8710592183245844
4818,7535,0.8703067481430494
4818,81926,0.9659944114183315
4818,53637,0.9635322182904111
4818,286257,0.8504312428031445
4818,28523,0.8917123388329472
4818,9289,0.9671302446679303
4818,30009,0.9751179299987688
4818,4145,0.9788003307872475
4818,343413,0.974825666607606
4818,924,0.9124484816484782
4818,6351,0.8564728644799269
5551,3002,0.9791246786836609
5551,1521,0.8765334736712794
5551,83888,0.9146803653511032
5551,3560,0.9329685053891115
5551,10417,0.9429550853776981
5551,28522,0.9166084474238373
5551,919,0.9316373944312913
5551,3001,0.9252385546531399
5551,2316,0.8535125933023001
5551,3683,0.8972271045604513
5551,28627,0.8716757525485095
5551,864,0.8774620188923811
5551,28526,0.9079611024751346
5551,51348,0.9342367045689813
5551,81926,0.9248149405919801
5551,53637,0.941035083737768
5551,28523,0.8948733312043505
5551,9289,0.9785171339649854
5551,30009,0.9499491709311826
5551,4145,0.9301155762136459
5551,343413,0.9428731627165201
5551,924,0.8787792614457113
3002,1521,0.9102410437194053
3002,83888,0.9522568113851045
3002,3560,0.9515626087407021
3002,10417,0.9580835971468917
3002,28522,0.9513826433302748
3002,919,0.9500337968791215
3002,3001,0.9155580406383766
3002,3683,0.901096173198803
3002,28627,0.8848338832969267
3002,864,0.9015432574988635
3002,28526,0.9430165215114175
3002,51348,0.9584268357761836
3002,81926,0.9523742007841499
3002,53637,0.9540770567950663
3002,28523,0.9287733059255905
3002,9289,0.9837031246466668
3002,30009,0.950672293607873
3002,4145,0.946437690594381
3002,343413,0.9544251793799193
3002,924,0.8831523861402403
3002,6351,0.8581648270240986
1521,83888,0.896642205421349
1521,3560,0.9052113386264163
1521,10123,0.8585562888946641
1521,28522,0.8862442448408826
1521,919,0.8995098470486442
1521,2999,0.884526320793264
1521,3001,0.9037857057304091
1521,3683,0.8703944243488723
1521,864,0.9332694865189276
1521,3004,0.9214273351735759
1521,28526,0.8918116691127084
1521,51348,0.88066410317773
1521,7535,0.8508753512625462
1521,81926,0.9326780872315675
1521,53637,0.9174042262946662
1521,9289,0.9010103999875987
1521,30009,0.9178777293736035
1521,4145,0.9335669974439309
1521,343413,0.9098641706500068
1521,924,0.890066438574923
83888,3560,0.8651726052475822
83888,10417,0.9150706623896397
83888,28522,0.9140326557665556
83888,919,0.9380538563783547
83888,2999,0.8844108836537069
83888,3001,0.8810413472072395
83888,3683,0.8860504970739835
83888,28627,0.8550015402951697
83888,864,0.8888532992348864
83888,28526,0.9110269424179794
83888,51348,0.8885393164647948
83888,81926,0.9158074291433319
83888,53637,0.9300819084719709
83888,9289,0.9461339906316496
83888,30009,0.9476513876401218
83888,4145,0.9030303921546099
83888,343413,0.9571949437979718
3560,10417,0.9338180228868552
3560,28522,0.9509040592686255
3560,919,0.9128370078977848
3560,3001,0.8945664993629786
3560,3683,0.8779368427453286
3560,28627,0.8928043939060202
3560,864,0.9172261435332355
3560,3004,0.8567916357913506
3560,28526,0.9361729936129636
3560,51348,0.9750421415252971
3560,81926,0.9565024143361234
3560,53637,0.9562256098415279
3560,28523,0.9472597894064605
3560,9289,0.9463104339427956
3560,30009,0.9158792661832026
3560,4145,0.9713691815408514
3560,343413,0.905081195305576
3560,924,0.9350526002739538
3560,6351,0.8508470168415979
10417,28522,0.9255082533027048
10417,919,0.9131186657040695
10417,3683,0.8577390283286134
10417,864,0.8597819512562571
10417,28526,0.9080024470914492
10417,51348,0.9515126665224282
10417,81926,0.9351471834011337
10417,53637,0.9474240137693388
10417,28523,0.8978960422036312
10417,9289,0.9527047301375932
10417,30009,0.9057923593257581
10417,4145,0.9172058252430202
10417,343413,0.9121845822237382
10417,924,0.8680797200853426
28522,919,0.9289356067717669
28522,3001,0.8690049868463234
28522,28627,0.8708933263277561
28522,864,0.8846180649940235
28522,28526,0.9903921386759768
28522,51348,0.9527812378140683
28522,81926,0.9147717815659038
28522,53637,0.962696494495098
28522,28523,0.9525478590913451
28522,9289,0.9300268756213286
28522,30009,0.9143625433567003
28522,4145,0.9309602624950146
28522,343413,0.904488689603932
28522,924,0.8746806649217215
919,10123,0.8854687300454265
919,28626,0.8671195180542862
919,3001,0.9086096641171053
919,3683,0.8927728405996339
919,28627,0.9127678425278463
919,864,0.9144513023099851
919,3004,0.8914441987217773
919,28526,0.928890883035182
919,25777,0.90339300813741
919,51348,0.9137299706334842
919,3820,0.8726098677202664
919,7535,0.9122439469050936
919,81926,0.9448108723922077
919,28623,0.8617242106537534
919,53637,0.9323903267692824
919,28625,0.8965621691641151
919,28523,0.8892650366405517
919,9289,0.9402347103847478
919,84958,0.8583772551405816
919,30009,0.9430820306056079
919,4145,0.9284539760293552
919,343413,0.931884587458086
919,924,0.9285999210610342
3001,6352,0.8510413934213972
3001,10123,0.8620193861258089
3001,2999,0.8855189188671896
3001,3683,0.8969465267000871
3001,864,0.9201934936439692
3001,3004,0.9271801678797662
3001,28526,0.8719745933008448
3001,25777,0.8636765117328116
3001,51348,0.8961209546110205
3001,3820,0.8737124326305188
3001,7535,0.8715191328863127
3001,81926,0.9165063503250974
3001,53637,0.9188505616742088
3001,286257,0.8657484848261976
3001,9289,0.9175199091975762
3001,30009,0.9592222431532318
3001,4145,0.9462772906461362
3001,343413,0.9444939393207158
3001,22914,0.8568366895001
3001,924,0.8882099467547719
3001,100528032,0.8601821100971964
3683,10123,0.858996946748221
3683,2999,0.8888863032788684
3683,2316,0.9197431668248737
3683,864,0.8881235628709687
3683,3004,0.8776090567630591
3683,25777,0.8673915316908355
3683,7535,0.8696127399911919
3683,81926,0.9246519558940237
3683,53637,0.8900131886339284
3683,9289,0.9311305486991531
3683,30009,0.935520900516222
3683,4145,0.9162898952433722
3683,343413,0.9429954644846611
3683,924,0.8837900733550196
864,10123,0.9409269719099637
864,28626,0.851401270467661
864,2999,0.8703807409189005
864,28627,0.9150215347799782
864,3004,0.9425912681733115
864,28526,0.8667815932867561
864,25777,0.9141071520867975
864,51348,0.8919199370228823
864,3820,0.8988518178988664
864,7535,0.9142147976123617
864,81926,0.9534839754373104
864,28623,0.8592005612001655
864,53637,0.927625124145064
864,286257,0.9197053617962857
864,28625,0.8901304390423894
864,9289,0.9058608965875589
864,84958,0.8506942829374601
864,30009,0.9380107804690444
864,4145,0.9602899452454647
864,343413,0.9360605441972897
864,801,0.8568542054635433
864,924,0.9247431639331873
864,6351,0.8595065227190865
28526,28627,0.8546684100626448
28526,51348,0.9345802534050376
28526,81926,0.9084964874176263
28526,53637,0.9532677511568666
28526,28523,0.9508263263128982
28526,9289,0.925136780089405
28526,30009,0.9141119292335343
28526,4145,0.9212059982715691
28526,343413,0.9000921883777281
28526,924,0.8681739167033781
51348,28627,0.8681502528896038
51348,81926,0.9421381593811594
51348,53637,0.9502523086966219
51348,28523,0.9450558158693325
51348,9289,0.9337901906300784
51348,30009,0.9053715713573374
51348,4145,0.9508053442346875
51348,343413,0.9000243054299372
51348,924,0.9004627178611911
51348,6351,0.8657547329958699
81926,10123,0.9003437584336311
81926,2999,0.8578151417602244
81926,28627,0.8984808715381194
81926,3004,0.9214445505559069
81926,25777,0.8880527702999854
81926,3820,0.8764438893193394
81926,7535,0.9233247324998032
81926,53637,0.9481687656608423
81926,286257,0.8773530831201451
81926,28625,0.866057487018816
81926,28523,0.8987306248751931
81926,9289,0.9587722987844939
81926,84958,0.8523641771209296
81926,30009,0.9466495794850879
81926,4145,0.972071148009959
81926,343413,0.9486553308173388
81926,924,0.9468254021644256
53637,28627,0.8829789649042936
53637,3004,0.8819933309288801
53637,28523,0.911182391702801
53637,9289,0.955146918302638
53637,30009,0.9537564895700312
53637,4145,0.9602777923247564
53637,343413,0.9447900402379064
53637,924,0.8976878487837112
28523,9289,0.9110797302493618
28523,30009,0.8756062098989353
28523,4145,0.911648040589776
28523,343413,0.8701636917214578
28523,924,0.8649663835947399
9289,2999,0.8715276175886553
9289,2316,0.8629859406674705
9289,28627,0.8871030668323997
9289,3004,0.863467436319304
9289,30009,0.9710723581938505
9289,4145,0.9542634506388262
9289,343413,0.9736954232777224
9289,924,0.8901865720374114
30009,6352,0.8585827391857993
30009,10123,0.8666871254280004
30009,2999,0.9143291416532403
30009,2316,0.8576236012423725
30009,28627,0.8899568019259421
30009,3004,0.911997944455787
30009,25777,0.8748741139288896
30009,7535,0.8761720902295335
30009,4145,0.963448034668493
30009,343413,0.9889812834868009
30009,924,0.8895936005942611
4145,10123,0.8761702191174496
4145,2999,0.8540720896164652
4145,28627,0.9037919545609587
4145,3004,0.9288895176881569
4145,25777,0.8734526378573181
4145,3820,0.8899916193700087
4145,7535,0.8886976410891112
4145,286257,0.8645590280468599
4145,343413,0.9564242494712882
4145,924,0.946183006198738
4145,6351,0.8504851719117728
343413,10123,0.8644481990871626
343413,2999,0.9286380812380487
343413,2316,0.8592409272028938
343413,28627,0.8777714340037258
343413,3004,0.8982897450439367
343413,25777,0.8651346616853146
343413,7535,0.872015019602573
343413,924,0.8760522978219544
924,10123,0.898809482739338
924,28627,0.8700175244345578
924,3004,0.9308598979071374
924,25777,0.9088194065590596
924,3820,0.8786479270222105
924,7535,0.9395317415219476
924,59307,0.8753526176428728
924,286257,0.8880247226837952
924,28625,0.8575911791885308
3936,290,0.9031102699912037
3936,5788,0.861312340938327
3936,240,0.863309589726366
3936,10487,0.9751881649638756
3936,4615,0.9384011576888811
3936,8291,0.8679149494300705
3936,604,0.870724261264901
3936,8826,0.95708519142907
3936,7462,0.8523017798488961
3936,11240,0.8776481381292428
3936,102465513,0.9256506280277784
3936,2885,0.8873983202430705
3936,140885,0.9445947028530695
3936,7094,0.9324897571253999
3936,10097,0.9156696840501918
3936,10109,0.8866502300469175
3936,3927,0.9022886493516767
3936,829,0.9009424311506744
3936,257106,0.8787949758550947
3936,7009,0.9136643521060083
290,240,0.8879624204701607
290,10487,0.9183432525176851
290,4615,0.861931198031819
290,8291,0.868173943892525
290,604,0.8691023828137174
290,8826,0.8717450488731198
290,11240,0.8548994047900256
290,2885,0.8981153669394415
290,140885,0.9392112832545174
290,6778,0.8760528598751761
290,829,0.8517125707162624
290,23569,0.9318070915129762
240,5777,0.9327641956627843
240,10487,0.8795486490486296
240,4615,0.8708513491710308
240,8291,0.9236808574876673
240,604,0.890339653280961
240,8826,0.853676862310428
240,7462,0.8943102841217713
240,11240,0.9118541141529916
240,2885,0.919939822331517
240,140885,0.9329676978865854
240,8972,0.8717996484449126
240,829,0.865345391237382
240,23569,0.8567877160500001
5777,677,0.8552924777567953
5777,7462,0.9283740967233443
5777,2885,0.9261737817178981
5777,140885,0.85589532391264
5777,829,0.867443625756583
10487,5788,0.8680846664964152
10487,4627,0.8500602558221199
10487,4615,0.8950431469663773
10487,8291,0.890327727898683
10487,604,0.8906332617256654
10487,8826,0.9470749466124861
10487,7462,0.8554686811310239
10487,11240,0.9108339898246924
10487,102465513,0.9053576452244834
10487,2885,0.8853312520068446
10487,140885,0.9465925383732929
10487,7094,0.9252654121388364
10487,10097,0.8652398756412751
10487,10109,0.8917652033920611
10487,6778,0.8557063953552507
10487,8972,0.8731370093481303
10487,3927,0.9111219679364329
10487,829,0.9347287430277209
10487,257106,0.9029297649354184
10487,7009,0.8990287124385329
10487,23569,0.890365448658532
8291,4615,0.8508784660489623
8291,604,0.9440757504295675
8291,8826,0.8773244182831099
8291,11240,0.9346293951700125
8291,140885,0.9078585374975356
8291,7094,0.8558523760749334
8291,306,0.9444103115679356
8291,8972,0.9520160526426246
8291,829,0.8933303132252104
8291,1378,0.8537158379741939
11240,604,0.8841818694722001
11240,8826,0.8996699236080357
11240,140885,0.924912270138569
11240,306,0.8682351133065493
11240,8972,0.9055789585259667
11240,829,0.890971435872378
2885,7805,0.8900531995933965
2885,677,0.8855276421024555
2885,4615,0.9030323018211284
2885,7462,0.9020669156779497
2885,140885,0.9198610689172324
2885,6778,0.8711941790207749
2885,829,0.8643755152197669
140885,4615,0.9114737655998408
140885,604,0.9122666810160739
140885,8826,0.9056938896259035
140885,7094,0.8559305572623264
140885,8972,0.8713535153513223
140885,829,0.8848214469748962
140885,23569,0.8795334454194417
829,4615,0.8829912572147399
829,8826,0.8712548246030205
829,7094,0.8785639480787955
829,257106,0.8561255708171386
4502,4501,0.9269690893442412
4501,4493,0.8542605323658042
677,4615,0.8508664758447274
677,6778,0.8704126955739697
389541,1116,0.8538492889680765
3726,3021,0.8671492730476719
7462,8826,0.8510687388459941
7462,6778,0.8702713867494084
8972,604,0.9533900066141173
8972,8826,0.8804201843958456
8972,306,0.9301759508667519
8972,1378,0.8878350386888816
3553,6348,0.8812377475194787
929,6275,0.852019423972138
929,2597,0.8923444005619284
929,1509,0.8639070612045693
929,2896,0.9626215400543572
929,100616211,0.888216827489273
929,79887,0.8725620926945273
929,1475,0.9208160257681351
929,527,0.9327505740921683
929,4048,0.8628944833991791
929,3162,0.9148395942878174
929,59342,0.8770346597001778
2896,6275,0.8658219151198653
2896,2597,0.8703805142702299
2896,1509,0.8737643596737572
2896,100616211,0.8880121282719399
2896,1475,0.9042770051802053
2896,527,0.915373203652134
2896,3162,0.8908991916091591
2896,59342,0.853430245765413
100616211,1475,0.8739854327128088
100616211,7453,0.889088172052555
100616211,3958,0.8832938248419666
1475,6275,0.8628021627117205
1475,527,0.8721590178022232
527,2597,0.8605469610722227
527,1509,0.8645744372035391
527,3162,0.8743950966055417
7453,9997,0.8576263628490439
3958,6281,0.8884576092024358
3958,2876,0.8771509336006339
3958,2014,0.8849854071490456
23642,3187,0.8559398984891148
23642,1974,0.9395482496025104
23642,3178,0.9125303463614811
23642,9298,0.9780180277211794
23642,3326,0.8727233774828943
23642,6625,0.8957058299092718
23642,10235,0.9281471011297309
23642,606500,0.8976115932225711
23642,692227,0.9401468814676389
23642,9304,0.9551353104481729
23642,9297,0.9547032115215554
23642,1153,0.9264380774377572
23642,26815,0.9037633621616238
23642,51119,0.8513205567902359
23642,9302,0.9590417837599846
23642,9987,0.8639645151350364
23642,5252,0.9005681867850545
23642,9301,0.9508339013380885
1606,28638,0.8548429649378514
1606,28639,0.8500943800882385
1606,916,0.8661185829000025
1606,3575,0.9236378063124663
1606,2113,0.8695346511650147
1606,28635,0.8720303655821922
1606,51669,0.8788974543993692
1606,28634,0.894926756139641
1606,923,0.9248769299465487
1606,28632,0.8716119305877681
1606,3702,0.9155374744684265
1606,4118,0.9533516032957281
1606,8718,0.9432696545172561
1606,28633,0.8569686942189843
1606,28567,0.8645505337543633
3043,3040,0.9715784282125781
3043,3039,0.9658399805250037
3043,3042,0.8570641883894584
3043,3045,0.977897509574544
3040,3039,0.9984666290169538
3040,3042,0.8664680707644172
3040,3045,0.9302036206342259
3039,3042,0.8524831253190633
3039,3045,0.9270003848680879
3042,51629,0.885936332402474
3042,2987,0.8503385936611388
9636,3433,0.8985810983400383
9636,3437,0.9249134784368611
9636,2537,0.976269556561436
9636,91543,0.9506512502311527
9636,4599,0.949001654299314
9636,3434,0.9719793261428876
9636,10346,0.8833361739779404
9636,8743,0.9111520773014299
9636,3665,0.9522471898908769
9636,4600,0.892606549194403
9636,3557,0.874566262501835
9636,4940,0.9497886284120799
9636,9246,0.925059753792181
9636,51191,0.9475760620427601
9636,8638,0.9824952770592824
9636,10589,0.919774900751858
9636,3428,0.8808357276500441
9636,3430,0.9541328303330884
9636,23586,0.9288428545202108
9636,10561,0.9148464685304823
3433,3437,0.9901871758473251
3433,2537,0.8536872498736835
3433,91543,0.963611565347874
3433,4599,0.9404655346756352
3433,3434,0.9612349953772807
3433,10346,0.8758250914559459
3433,8743,0.9288475781328135
3433,3665,0.8989399105815306
3433,4600,0.9284290608579919
3433,3557,0.9144815028762673
3433,4940,0.90896886477415
3433,9246,0.8594903568690333
3433,51191,0.9675940886997445
3433,8638,0.9232699360035088
3433,3428,0.9346937340373891
3433,23586,0.9761306466736008
3433,54625,0.9067214715745204
3437,2537,0.8901742211121786
3437,91543,0.9686883996146073
3437,4599,0.9302841220843033
3437,3434,0.9784447895385157
3437,10346,0.8771361277945267
3437,8743,0.9254731623091944
3437,3665,0.9169960470201499
3437,4600,0.9388771384453409
3437,3557,0.9292076344849544
3437,4940,0.9240232050430311
3437,9246,0.8919804871158888
3437,51191,0.9599195146776996
3437,8638,0.9480316250546074
3437,3428,0.9348470769079386
3437,3430,0.8607481836726326
3437,23586,0.967309721216
3437,54625,0.8776200302387193
2537,91543,0.9055117916719934
2537,4599,0.9210077083370479
2537,3434,0.9354044543212879
2537,10346,0.8538106492312081
2537,8743,0.8927672150386462
2537,3665,0.9617533094319045
2537,4600,0.8954269987493052
2537,4940,0.9475576916895956
2537,9246,0.9581003877242458
2537,51191,0.9032614792532156
2537,8638,0.9761192651725173
2537,10589,0.9187006634715553
2537,3430,0.975267843267216
2537,23586,0.883473023629846
2537,10561,0.9268104999034571
91543,4599,0.9570935313019076
91543,3434,0.9883347699852302
91543,10346,0.9153583188406286
91543,8743,0.9237578350805494
91543,3665,0.9323950262840255
91543,4600,0.9033880504795719
91543,3557,0.9181885944279707
91543,4940,0.9373809480587543
91543,9246,0.8834629900010039
91543,51191,0.9905386753458725
91543,8638,0.9660078916274266
91543,10589,0.8744592978435541
91543,3428,0.9287273517206329
91543,3430,0.8981744026849908
91543,84875,0.8534048342504965
91543,23586,0.9733231897448167
91543,54625,0.8880086718678477
91543,10561,0.8823778569815649
4599,3434,0.951212895128371
4599,10346,0.9231253064942551
4599,8743,0.9375551085905844
4599,3665,0.9546040639993031
4599,4600,0.911900216772843
4599,3557,0.86062138594371
4599,4940,0.9374327273947114
4599,9246,0.8944776985007087
4599,51191,0.9813635577853881
4599,8638,0.9486591548411021
4599,10589,0.8822102616869887
4599,3428,0.9169331109979211
4599,3430,0.926313913293109
4599,84875,0.8891458491904938
4599,23586,0.9687644820188674
4599,54625,0.9456992103285126
4599,10561,0.9121034274395963
3434,10346,0.899009535338827
3434,8743,0.934252515184974
3434,3665,0.9410972570059102
3434,4600,0.9276118995926395
3434,3557,0.9284912613359929
3434,4940,0.9506903813007589
3434,9246,0.9064997099053707
3434,51191,0.9791047097993893
3434,8638,0.9803317584184623
3434,10589,0.8836878446818439
3434,3428,0.9343992755489229
3434,3430,0.9086389503896644
3434,23586,0.9725261001950914
3434,54625,0.8661974393421792
3434,10561,0.8877353005298918
10346,3665,0.9037574624021983
10346,4940,0.9218635807837477
10346,51191,0.9234026882306934
10346,8638,0.884778915913277
10346,3428,0.8742620507244535
10346,84875,0.8714589781071606
10346,23586,0.910903026464752
10346,54625,0.9045815976350571
10346,10561,0.9405503059055906
8743,3665,0.9282556920225544
8743,4600,0.9651417518716511
8743,3557,0.9525458304353702
8743,4940,0.8763388867704184
8743,9246,0.904170415217376
8743,51191,0.9401559565836741
8743,8638,0.9390772542416852
8743,3428,0.9543950088709823
8743,3430,0.8918446082300204
8743,23586,0.9536186756006809
8743,54625,0.8734952284088964
3665,4600,0.9360569408246877
3665,3557,0.8941830076895334
3665,4940,0.9473863463901957
3665,9246,0.9575446113152697
3665,51191,0.9385615488180608
3665,8638,0.9679796477318071
3665,10589,0.9104073717836557
3665,3428,0.9104783408762334
3665,3430,0.9696890495582368
3665,23586,0.9262156277020357
3665,54625,0.8948527638580458
3665,10561,0.9359286831171048
4600,200315,0.8623558207618601
4600,3557,0.950014522859929
4600,4940,0.8983289268563743
4600,9246,0.9161746760686743
4600,51191,0.9150391364375828
4600,8638,0.9341147016343947
4600,3428,0.953157400763716
4600,3430,0.8696221321146864
4600,23586,0.9456061736162926
4600,54625,0.8669606025931822
3557,4940,0.8562894329777012
3557,9246,0.8672507897090272
3557,51191,0.9031311512131931
3557,8638,0.9191460328792931
3557,3428,0.9315237759250989
3557,23586,0.9214948569177801
4940,9246,0.9095066118086194
4940,51191,0.9391208467725329
4940,8638,0.9566644710840809
4940,10589,0.8892470055731029
4940,3428,0.8646007980903078
4940,3430,0.9113090639186373
4940,23586,0.9274475197401033
4940,54625,0.8590130140903373
4940,10561,0.9549730243893348
9246,51191,0.8790068250424002
9246,8638,0.9514582760922891
9246,10589,0.8996381898714121
9246,3428,0.8746666578460048
9246,3430,0.9596246748406123
9246,23586,0.8730268254153072
9246,10561,0.8842861119049283
51191,8638,0.9584702548939918
51191,10589,0.8732319565042628
51191,3428,0.9382285619577715
51191,3430,0.9004403085317452
51191,84875,0.8760715177587913
51191,23586,0.9877931991344981
51191,54625,0.9230189064267502
51191,10561,0.8888169381924858
8638,10589,0.9110119160070483
8638,3428,0.9169037977715564
8638,3430,0.9579263981841617
8638,23586,0.9448688600067953
8638,54625,0.8542326193470031
8638,10561,0.9087666330686964
10589,3430,0.9392863894300281
10589,84875,0.8663456859399239
10589,10561,0.9154752140562047
3428,23586,0.9645423119294649
3428,54625,0.8948904041910789
3430,23586,0.8696712185763642
3430,10561,0.9159015243887109
23586,84875,0.8549419996597928
23586,54625,0.9211124465866859
23586,10561,0.86818167660602
4615,8826,0.8729754155600397
4615,10097,0.8584538364556498
4615,1230,0.8534400876619734
4615,7009,0.8531790574995516
10123,28626,0.8666457707240762
10123,28627,0.863967180534809
10123,3004,0.9294973233895363
10123,25777,0.9677468932409269
10123,3820,0.8942905568378774
10123,7535,0.9555183179758004
10123,4302,0.8954402836749761
10123,28628,0.9014171899451835
10123,59307,0.9037306278061052
10123,6427,0.8695839018111369
10123,28623,0.9134088871764316
10123,286257,0.938768033733213
10123,28625,0.8993207255770962
10123,84958,0.862251128431623
10123,801,0.9494696501086908
10123,693221,0.8593287144377367
2999,6352,0.9307816332367786
2999,3004,0.8846020079583797
28627,28626,0.9392129651659556
28627,25777,0.8771115780802481
28627,7535,0.854401148107602
28627,28623,0.8977798146177779
28627,28625,0.9183772990083532
28627,84958,0.9009267906060173
3004,6352,0.8711500483218657
3004,25777,0.9321055150162026
3004,3820,0.8936218624584971
3004,7535,0.9398167854863866
3004,59307,0.8617520290591307
3004,286257,0.9463469082603354
3004,28625,0.8715118787745435
3004,22914,0.896024480338781
3004,801,0.8975518210953215
3004,100528032,0.8991662077043774
25777,28626,0.8898219148072549
25777,28631,0.8978135478579957
25777,28629,0.8851479328788447
25777,9138,0.8555708199755668
25777,3820,0.8824896764706894
25777,7535,0.9678796309835658
25777,4302,0.9111695126917265
25777,28628,0.9368835731303828
25777,28624,0.8727275926504886
25777,59307,0.9424760494836184
25777,28623,0.9356431397988583
25777,286257,0.9315645714643676
25777,28625,0.921155817655877
25777,51466,0.8705257898352198
25777,84958,0.895657170950272
25777,801,0.9555181550968183
3820,7535,0.8766360452854774
3820,286257,0.8697707807947658
7535,28626,0.8664246472187968
7535,28631,0.871143548845902
7535,28629,0.8655687482846405
7535,9138,0.8784824135407188
7535,4302,0.9017294411874188
7535,28628,0.9112230655398382
7535,59307,0.9567669857972146
7535,28623,0.9145664236502975
7535,286257,0.9414056494385743
7535,28625,0.9036660341364111
7535,51466,0.8652941218362911
7535,84958,0.9077480934979004
7535,801,0.9312733881355908
286257,811,0.8570976375641441
286257,4302,0.8612400904860827
286257,28628,0.8503329370303476
286257,59307,0.9063342394567458
286257,6427,0.8608298987621272
286257,28623,0.8747623007452513
286257,28625,0.8685759907231093
286257,22914,0.8892105340794624
286257,801,0.9117683220447593
286257,100528032,0.8906394408052446
9168,5204,0.8708250041231347
3162,2597,0.8534242353766879
3162,1509,0.8769744823132796
3162,3956,0.8761085225105234
3162,79887,0.8755970460083953
3162,4048,0.8981671459373459
3162,23166,0.9220673957288612
59342,5315,0.8605850182994417
59342,4048,0.8743510830141534
6275,83442,0.9042789305983094
3048,3047,0.9970205166873348
2597,83442,0.8608289794120658
2597,1509,0.9116908465678992
2597,3956,0.8948105978169875
2597,5315,0.9103729954832973
2597,2023,0.9030889830103817
2597,7076,0.8595801700884923
301,6281,0.8875558972262259
6281,2950,0.872331494931691
6281,2014,0.8513776070874494
6281,5315,0.8504215375324606
6281,91544,0.9101269465469585
5315,3956,0.8990056039518288
5315,2023,0.9485360342491619
23166,3956,0.8587088235153698
23166,4048,0.9029489520472943
5788,4627,0.8755525248929962
5788,2533,0.8549899229563157
5788,8826,0.9251717549212216
5788,102465513,0.8635277358653348
5788,3927,0.8705460519954445
5788,257106,0.8771728909678044
5788,5829,0.8543132563800463
604,8826,0.8917638977325272
604,306,0.8962834357630669
604,1378,0.8759609307111299
8826,4627,0.8707233993915684
8826,102465513,0.937289328120117
8826,7094,0.9273010906965125
8826,10097,0.8897363408667324
8826,10109,0.8544620861081834
8826,6778,0.8626513997681667
8826,3927,0.9048402319396474
8826,257106,0.8829928525032212
7009,3927,0.854098661148463
28638,28639,0.9576438412092023
28638,28755,0.9481255740817076
28638,916,0.955409795894174
28638,9235,0.8965537718442319
28638,28622,0.8776824560828237
28638,3575,0.908041886377491
28638,915,0.9550646168110244
28638,28635,0.9276379174720228
28638,28630,0.862877447370335
28638,3932,0.9144726483539865
28638,28637,0.9170400049226523
28638,28634,0.9249923424909154
28638,9806,0.9156027180353347
28638,923,0.9491530548967982
28638,28632,0.8760366292725189
28638,914,0.927265518273874
28638,3702,0.8781095826178881
28638,27040,0.9378419216556793
28638,8718,0.8967918834357084
28638,28633,0.868523602828689
28638,28567,0.9088384123083713
28639,28755,0.9335720370988106
28639,916,0.9326207638063507
28639,9235,0.9045953145731829
28639,28622,0.8683852677477415
28639,3575,0.9072579948054301
28639,915,0.9054462459352869
28639,28635,0.9668510713082477
28639,28630,0.9271368411686681
28639,3932,0.9374588555057436
28639,28637,0.9331060252734655
28639,28634,0.9471872791878396
28639,9806,0.9119129087504257
28639,923,0.9511845780049585
28639,28632,0.9309070904519948
28639,914,0.9330347313673467
28639,3702,0.8864081327901631
28639,27040,0.9576644718617634
28639,4118,0.8561666935209646
28639,8718,0.9100858974704912
28639,28633,0.9171023681046492
28639,28567,0.8977309710621761
28755,916,0.9342369263979239
28755,3312,0.8601617337465465
28755,9235,0.8804423714977427
28755,3575,0.9142429474593259
28755,915,0.9333048104814526
28755,28635,0.9016125778548338
28755,28637,0.9156903808388376
28755,28634,0.9017989889421479
28755,923,0.9096140058605969
28755,914,0.9120839367118427
28755,27040,0.8541776967381164
28755,8718,0.8521627437271313
28755,28567,0.9174702610591652
916,9235,0.896532563004616
916,3575,0.9273462710584794
916,915,0.9622397350150524
916,28635,0.9184678255660786
916,28630,0.8540842086325205
916,3932,0.9050179163552007
916,3337,0.8620628655398206
916,28637,0.8923142812745255
916,28634,0.9226583241916405
916,9806,0.9184594180909539
916,923,0.9510611688830094
916,28632,0.8705350250975648
916,914,0.9117847542750023
916,3702,0.9120036382486251
916,27040,0.9036356562013043
916,8718,0.9059878076191198
916,28633,0.8649750826940311
916,28567,0.8740744649339184
9235,915,0.8650808615769175
9235,28635,0.8585920719501531
9235,3932,0.926177530570183
9235,9806,0.8766198303115772
9235,923,0.862542621377751
9235,914,0.9543355405854678
9235,27040,0.8946383565688785
28622,28629,0.9289426221444748
28622,28630,0.8619279563719078
28622,3932,0.9247634632347234
28622,4302,0.8664898048935772
28622,9806,0.8877144005241518
28622,147138,0.8659783079951578
28622,28628,0.8765374382055509
28622,28624,0.9069504931352494
28622,27040,0.9353504480067001
28622,51466,0.8914423492993051
3575,915,0.9184692080572813
3575,28635,0.9119808495766579
3575,51669,0.8533838567930396
3575,3337,0.8529924755627717
3575,28637,0.8893456097266107
3575,28634,0.9180454513583595
3575,9806,0.8663406016216956
3575,923,0.9459134764441685
3575,28632,0.876214027268956
3575,914,0.8662951501076389
3575,3702,0.9052115099563728
3575,4118,0.9111232862937481
3575,8718,0.9415093484897746
3575,28633,0.8683810722152469
3575,28567,0.9315906505635164
915,28635,0.9074871432141872
915,3932,0.8637818138321625
915,3337,0.8626280764567805
915,28637,0.8685905795687916
915,28634,0.9124571954590541
915,9806,0.8760533594721284
915,923,0.9225056493459276
915,914,0.8883508669410172
915,3702,0.8660121212562968
915,27040,0.8735037782728643
915,8718,0.8700308862538191
915,28567,0.87592437116977
28635,28630,0.9191315713574594
28635,3932,0.8901620529530216
28635,28637,0.9098984326588888
28635,28634,0.9646494424814873
28635,9806,0.8947655055057925
28635,923,0.9384307986836042
28635,28632,0.9402237273662324
28635,914,0.8786791994753859
28635,3702,0.8908265787341607
28635,27040,0.9178529613874075
28635,4118,0.8624770079760304
28635,8718,0.9082258015551721
28635,28633,0.9320613779689533
28635,28567,0.8915599393923779
28630,3932,0.8837749166128696
28630,28637,0.8704675574256706
28630,28634,0.9297764837012177
28630,9806,0.8838358187119227
28630,923,0.8870906128457744
28630,28632,0.9645095163680293
28630,3702,0.869902088160219
28630,27040,0.9131999693300863
28630,8718,0.8890941753164847
28630,28633,0.9568039014257634
3932,28629,0.9047162673415513
3932,2113,0.8743367447680537
3932,28634,0.8605745581011344
3932,9806,0.9195116079771417
3932,923,0.910528865784125
3932,28632,0.8779035322122261
3932,28624,0.8854604822882459
3932,914,0.9425683487203018
3932,3702,0.9202733015077051
3932,27040,0.9750521793736159
3932,51466,0.8525699835293098
3932,8718,0.8544332286957403
3932,28633,0.8588231330004039
28637,28634,0.9170461891303259
28637,923,0.9216300320757699
28637,28632,0.887228029150565
28637,914,0.8749813986058275
28637,27040,0.8866948548874136
28637,4118,0.8555432293635857
28637,8718,0.875766923590207
28637,28633,0.8902110068402237
28637,28567,0.8737894146519386
28634,51669,0.8624841265244214
28634,3337,0.8565374029652781
28634,9806,0.8892983923792216
28634,923,0.9356370251119506
28634,28632,0.9593384014713133
28634,3702,0.8933331102398123
28634,27040,0.8965974871053213
28634,4118,0.8674116782561236
28634,8718,0.9216399157952779
28634,28633,0.9486972068430448
28634,28567,0.8964670804677725
9806,3337,0.871938410424194
9806,923,0.9227782436019532
9806,28632,0.8707936172352232
9806,914,0.8625371939289892
9806,3702,0.9091957815411322
9806,27040,0.9179839918029455
9806,8718,0.9034147566643412
9806,28633,0.8729281226994292
923,2113,0.8625955682688788
923,51669,0.8657824112399624
923,3337,0.8649713750520304
923,28632,0.9066212430094607
923,914,0.901562763789981
923,3702,0.9516057548859922
923,27040,0.930821848863475
923,4118,0.9032784265879777
923,8718,0.9550322486634002
923,28633,0.9041357336210141
923,28567,0.9059818334784715
28632,3702,0.8904754713898287
28632,27040,0.9125928403045457
28632,8718,0.9095744875601969
28632,28633,0.9651503076725965
914,3702,0.8571257963104462
914,27040,0.9284723188718718
3702,2113,0.9159772262461362
3702,51669,0.8772845702926938
3702,3337,0.874726653884747
3702,27040,0.913596031174191
3702,4118,0.8640005351031254
3702,8718,0.9343690601641653
3702,28633,0.8873119648154997
27040,28629,0.9025952604509877
27040,2113,0.854724825320733
27040,28624,0.878816572825241
27040,51466,0.851965115624282
27040,8718,0.8869761195623747
27040,28633,0.8982079364374879
8718,51669,0.8821424433504698
8718,3337,0.8802920723688612
8718,4118,0.9064155970998777
8718,28633,0.8938368794257222
8718,28567,0.9049213280642763
28567,4118,0.8898228257671038
100616408,100616387,0.9871450041935915
100616408,1655,0.9068502709686622
100616408,26778,0.9126847993935618
100616408,3187,0.9331377841637547
100616408,1974,0.8669188809713083
100616408,6430,0.8866603964879448
100616408,3178,0.8626550534998058
100616408,114823,0.8837867048130823
100616408,3181,0.8641860808083675
100616408,1195,0.9210999257266058
100616408,6432,0.8790904116745464
100616408,619567,0.8695409911940469
100616408,4691,0.8609153005234084
100616408,6427,0.8502309569211809
100616408,109617006,0.9166983858338875
100616408,26815,0.8753256967411591
100616408,116936,0.8621247554027117
100616408,8473,0.8546703853544388
100616387,1655,0.8885561809912679
100616387,26778,0.9301503131959393
100616387,3187,0.913012895370164
100616387,1974,0.8522591328813875
100616387,6430,0.8941688910255124
100616387,114823,0.8535485089136821
100616387,1195,0.9319790996240421
100616387,6432,0.8809349799569879
100616387,619567,0.8640654356682286
100616387,4691,0.8572605017333734
100616387,6427,0.8653733701030777
100616387,109617006,0.9107510791447666
100616387,26815,0.8631186004900083
1655,10209,0.8571088246479808
1655,26778,0.8789795096793265
1655,6430,0.9283602866596923
1655,26781,0.8826709321046187
1655,652966,0.8851350993224842
1655,3181,0.8914650527886189
1655,1195,0.8620327802518264
1655,652965,0.8826369724998154
1655,109617006,0.8601126495323199
26778,6430,0.9268232156064339
26778,4929,0.8651463879513809
26778,26781,0.8830417269823829
26778,652966,0.9009619741482283
26778,1195,0.9425625245877056
26778,6432,0.8956989358297665
26778,619567,0.8660459812128544
26778,4691,0.8506613175924312
26778,6427,0.929851938894498
26778,652965,0.8872666987325929
26778,109617006,0.9017463876728581
26778,693221,0.8884955388445427
3187,5757,0.872711730509637
3187,1974,0.9265654669633392
3187,3178,0.9439807720200079
3187,114823,0.9649224368250082
3187,4302,0.8607479932847324
3187,3181,0.8510693424489854
3187,1195,0.8870310851775358
3187,147138,0.8811640299621628
3187,6432,0.9050450442066426
3187,4691,0.9173108963289945
3187,109617006,0.8825570392014467
3187,51466,0.8737069018648695
3187,26815,0.9292011946072423
3187,116936,0.889661569508379
3187,51119,0.9007345766221281
3187,9302,0.8509900619702115
3187,8473,0.8967951942034529
3187,9987,0.9260451964849513
3187,5252,0.8590954182361766
3187,91304,0.9163252618767942
1974,100302285,0.8547353720117379
1974,166,0.8750993880990398
1974,5757,0.9051969878350247
1974,3178,0.9588365376757131
1974,9298,0.90540424234412
1974,3326,0.9170853827706675
1974,6625,0.8744669294758747
1974,114823,0.8710759953427539
1974,10235,0.8794482713352689
1974,606500,0.8562250597071231
1974,6432,0.9005758750667047
1974,109617006,0.8860075526610219
1974,692227,0.8848916657774144
1974,9304,0.9025210209030532
1974,9297,0.8916040266758193
1974,1153,0.9028421403255029
1974,26815,0.9130511273272164
1974,116936,0.8686491619807633
1974,51119,0.8804018199774563
1974,9302,0.9113426471646529
1974,9987,0.9376859664338756
1974,5252,0.8910279936815884
1974,9301,0.9022789089758261
6430,10209,0.8984383308918843
6430,4929,0.8949183192923764
6430,26781,0.934495978444224
6430,652966,0.923176542367778
6430,1195,0.9370626061675109
6430,6427,0.8900976567707348
6430,652965,0.9016913222976084
6430,109617006,0.8705180573781289
6430,693221,0.8761677025502757
3178,100302285,0.8548239386276835
3178,5757,0.8814792209000197
3178,9298,0.8859505164374215
3178,3326,0.9295288258457521
3178,114823,0.8753762936170296
3178,606500,0.8901363501166546
3178,6432,0.882918502065749
3178,4691,0.8749538975256589
3178,109617006,0.8637023361044945
3178,692227,0.8862457086226811
3178,9304,0.8976672665892087
3178,1153,0.8687424395301069
3178,26815,0.9290256422364903
3178,51119,0.9037115321895046
3178,9302,0.8654079643402496
3178,9987,0.9636015423013657
3178,9301,0.8775406024345341
114823,6625,0.8544995074776579
114823,1195,0.8547484006709183
114823,147138,0.897188325911124
114823,6432,0.8594959951458516
114823,4691,0.880793423520415
114823,51466,0.8710635522406682
114823,26815,0.892276970938858
114823,116936,0.856215703242816
114823,51119,0.8668361448699318
114823,8473,0.8948281576802949
114823,9987,0.8810401031831995
114823,91304,0.9365422687098448
3181,4691,0.8654595351699018
1195,6432,0.9263008059850995
1195,619567,0.8762509503693829
1195,4691,0.8848178757201208
1195,6427,0.9194055912086049
1195,109617006,0.8923027616090763
1195,26815,0.8796594296582975
1195,116936,0.8871224345558273
1195,100500849,0.8697603955089449
1195,693221,0.8879046233488675
6432,5996,0.8804714423122602
6432,4302,0.8673348796231414
6432,619567,0.8727205918566063
6432,4691,0.8703306164365222
6432,6427,0.9075537686581003
6432,109617006,0.8941279507318887
6432,26815,0.9135828905239367
6432,116936,0.9415613836372114
6432,51119,0.9217192418058909
6432,5252,0.8662854112090794
6432,91304,0.8554286506810469
6432,693221,0.8614634142449223
619567,109617006,0.9490668255857645
619567,116936,0.860294828575574
619567,102724428,0.8682709600885813
4691,166,0.853984794308739
4691,5757,0.8964120898120859
4691,4302,0.8592534423515796
4691,26815,0.8641375589756508
4691,8473,0.8565897814492898
4691,7184,0.8782331006916831
4691,9987,0.8838360990608166
4691,91304,0.8809761811939558
6427,5996,0.8664188795125586
6427,116936,0.868169267868856
6427,693221,0.9646303191634747
109617006,26815,0.8787002680073815
109617006,116936,0.876378785786078
109617006,102724428,0.8529946283457771
109617006,9302,0.8529115999706333
26815,9298,0.8659772076492828
26815,606500,0.87248610536184
26815,9304,0.8694751046589926
26815,1153,0.8851927924258101
26815,116936,0.8992706723839153
26815,51119,0.9031104781461864
26815,9302,0.8675763769510402
26815,9987,0.8881710889257618
26815,5252,0.8791233121933048
26815,9301,0.8515992939437786
26815,91304,0.900201061334408
116936,5996,0.8625351201573257
116936,51119,0.9075545613566938
116936,9302,0.8616061250848164
116936,5252,0.8896269194930357
116936,6844,0.8575655059483116
116936,91304,0.8507290039777161
8473,9138,0.8712111181342982
8473,4302,0.9030742724255238
8473,147138,0.8912990422289391
8473,28623,0.864160012217316
8473,51466,0.9078773203920287
8473,84958,0.8609969486488106
8473,100500849,0.8552635158366979
51629,7314,0.8610728492570656
51629,212,0.9458701483475331
51629,25793,0.9648080468662695
51629,2987,0.9058489579222445
1509,83442,0.8750163057339373
1509,3956,0.8558534609949028
1509,7076,0.8516879348356449
3927,79180,0.8687211262681493
3927,5880,0.8513808809868126
3927,4478,0.876529799581102
3927,90007,0.855369653918255
3927,102465513,0.8996733268625944
3927,11314,0.8619041852659604
3927,51411,0.8809623416814276
3927,7094,0.916043310828237
3927,10109,0.9379623353357127
3927,257106,0.9345077164028635
3927,23218,0.9017355518777657
3927,5829,0.9123210234603807
257106,5880,0.9029457994196974
257106,4627,0.8834220400307738
257106,102465513,0.8927580402916668
257106,51411,0.8767435055322851
257106,7094,0.9301057574230884
257106,23218,0.8801195239559412
257106,5829,0.9061766567395826
4569,4573,0.9154660193427404
4569,4566,0.9425173812323422
4572,4568,0.8970703291092037
4792,2354,0.8597622764924856
4792,23645,0.8998945261436518
2354,1316,0.8731640562715558
2354,284454,0.8727423458381057
83442,1072,0.856302586033494
102465513,4478,0.8566446012095897
102465513,4627,0.8877430055627772
102465513,7094,0.9736727080254489
102465513,10097,0.8876745126092843
102465513,23218,0.8649991457636189
7094,4627,0.8770433518181187
7094,10097,0.8684214630236107
7094,23218,0.8862422318077819
10109,79180,0.8704174316104408
10109,4478,0.8507050971546799
10109,23218,0.8703219159885636
10109,5829,0.857931092033606
6352,22914,0.8832074863631358
6352,100528032,0.8938509645592458
22914,100528032,0.9982867230646372
10875,1890,0.851620560588181
10875,200315,0.8577055946898934
10221,4170,0.8607375526050088
10221,5329,0.8682865865047031
1230,1890,0.8678672847543492
1230,440836,0.8590231929671001
1230,9997,0.8548415341823585
4637,682,0.8808471767690599
100422885,100302285,0.9960918361220547
100422885,5757,0.894357031941894
100302285,5757,0.9088513715704507
5757,3326,0.8518211179145347
5757,9987,0.8859837053386975
109864280,109910380,0.9996938820352297
109864280,106631781,0.9991268730519822
109864280,109864273,0.9998922526192614
109864280,100008588,0.997362698054833
109864280,106631777,0.8973359895229845
109864280,109864279,0.9081958701757733
109864280,109910379,0.9062097359616405
109864280,109864271,0.8927268844307691
109864280,100861532,0.8881061312154228
109910380,106631781,0.9997153002198439
109910380,109864273,0.9996791697570135
109910380,100008588,0.9979121575605304
109910380,106631777,0.8992924848631566
109910380,109864279,0.9098169431723311
109910380,109910379,0.9081792200979447
109910380,109864271,0.8952006581034981
109910380,100861532,0.8905368972779173
106631781,109864273,0.9994062427686765
106631781,100008588,0.9990264926584316
106631781,106631777,0.8989025034277719
106631781,109864279,0.9094832912522769
106631781,109910379,0.908217245631946
106631781,109864271,0.8974929791208679
106631781,100861532,0.8920031898624579
109864273,100008588,0.9982072437630726
109864273,106631777,0.8973651538256001
109864273,109864279,0.9083494057016019
109864273,109910379,0.9065660467856561
109864273,109864271,0.8945211106288734
109864273,100861532,0.8893249747332047
100008588,106631777,0.8975268191527417
100008588,109864279,0.9085604858178935
100008588,109910379,0.9077487103971684
100008588,109864271,0.9015025099706705
100008588,100861532,0.8942861407658822
106631777,106632264,0.9867467947630986
106631777,109864282,0.9875420563351132
106631777,109910382,0.987602499344444
106631777,109864272,0.9734003026898793
106631777,100008589,0.9819561243388147
106631777,109864279,0.999276251730171
106631777,109910379,0.9993189787418817
106631777,112268284,0.9872638497050737
106631777,109864271,0.9911708115842058
106631777,100861532,0.9958793142695519
109864279,106632264,0.9818219887003727
109864279,109864282,0.9838402437864893
109864279,109910382,0.9837864248043822
109864279,109864272,0.9703704745499923
109864279,100008589,0.9778388783476486
109864279,109910379,0.9997668297024139
109864279,112268284,0.9828747058559111
109864279,109864271,0.9920104676006175
109864279,100861532,0.995618206188143
109910379,106632264,0.9823434402689046
109910379,109864282,0.9843497220334415
109910379,109910382,0.9847688378008342
109910379,109864272,0.9733194561612725
109910379,100008589,0.9798355033232046
109910379,112268284,0.9848942252400918
109910379,109864271,0.9937444317406114
109910379,100861532,0.9969500531612739
109864271,106632264,0.9755690640897315
109864271,109864282,0.9794102511108191
109864271,109910382,0.9815956721480952
109864271,109864272,0.9860834762212253
109864271,100008589,0.984348044200019
109864271,112268284,0.9833078664227813
109864271,100861532,0.9987727796260266
100861532,106632264,0.9838810986711028
100861532,109864282,0.9864338317133888
100861532,109910382,0.9879922409257598
100861532,109864272,0.9864536293277685
100861532,100008589,0.9884213989198155
100861532,112268284,0.9887964362847304
3956,2023,0.8800605344960336
3956,826,0.8954809988813498
106632264,109864282,0.9992005236587455
106632264,109910382,0.9988932719779748
106632264,109864272,0.9838001068052141
106632264,100008589,0.994623706324194
106632264,112268284,0.9892869788157771
109864282,109910382,0.9997146749181268
109864282,109864272,0.9870320888795905
109864282,100008589,0.9959255794347491
109864282,112268284,0.988743708333479
109910382,109864272,0.9896606286466259
109910382,100008589,0.9973801871748742
109910382,112268284,0.9903026069659051
109864272,100008589,0.9968582094104935
109864272,112268284,0.983497516976063
100008589,112268284,0.9898112777846542
284454,407013,0.9630714469440635
284454,407018,0.9578530789914105
284454,407010,0.9636440989133604
200315,1890,0.8520679025056245
3326,9987,0.8774670073025227
3727,102724428,0.8798571948505256
2316,811,0.8690688632698321
4573,4566,0.9239462067710186
306,1378,0.9049672260905873
7128,3337,0.8704097126805628
3337,51669,0.8897278399269868
5829,79180,0.8956937599092761
5829,5880,0.8885716633227572
5829,57136,0.8691728529641457
5829,11314,0.8789282581690067
5829,51411,0.934273472231638
5829,23218,0.9570269022237778
7314,25793,0.896352799260194
7314,2987,0.8901436561257332
25793,212,0.8953001712029455
25793,2987,0.8927753365892304
2950,2014,0.893382762974914
2950,826,0.8821882838653097
1890,440836,0.9396727288181449
1890,9997,0.9884826175693056
1890,3965,0.8711643632485371
440836,9997,0.9393678096432827
440836,51056,0.8827640744613848
440836,3965,0.880187023434056
9997,3965,0.8601603981366993
3965,81622,0.8922659521051323
5880,23218,0.8548545974826319
23218,79180,0.9138037136928282
23218,57136,0.8734781604106976
23218,11314,0.860548824153414
23218,51411,0.9024048355452307
100302254,645,0.8711612367534332
645,2876,0.9468637495748555
3119,106480429,0.9872828736983174
79180,4478,0.8590320993104448
79180,57136,0.9063785490757953
79180,11314,0.9316626117346458
79180,51411,0.85076919762484
57136,6494,0.8854350723947412
826,5034,0.8769059593926706
728358,1667,0.9999843274838613
728358,1668,0.9927008237706813
1667,1668,0.9928621771445763
407013,407018,0.9932544245318891
407013,407010,0.9852372088845806
407018,407010,0.9895604724981327
28626,166,0.8682105457154693
28626,4302,0.8705515669918222
28626,28628,0.8974026200824291
28626,59307,0.8576004210627247
28626,28623,0.9286541785379936
28626,28625,0.9342821168617292
28626,51466,0.8723350314187697
28626,84958,0.9291767373000683
28626,801,0.8681682766726039
4302,166,0.8844251516695659
4302,28631,0.8568307475682436
4302,28629,0.9067414254227653
4302,9138,0.9324349848922769
4302,147138,0.9255045162089551
4302,28628,0.9326290933151153
4302,28624,0.9129509553844187
4302,59307,0.9102773017808293
4302,28623,0.9163389857742049
4302,28625,0.8670119434778146
4302,51466,0.9690878950654535
4302,84958,0.8811682317672598
4302,801,0.9243660094751267
4302,6844,0.8696400373081813
28628,28631,0.9303972007566707
28628,28629,0.9464353872510846
28628,9138,0.874242506225692
28628,147138,0.8578303099062744
28628,28624,0.9474224668936291
28628,59307,0.9400162586424557
28628,28623,0.9290342170044493
28628,28625,0.89621418604215
28628,51466,0.9295862261799704
28628,84958,0.8780015743634892
28628,801,0.9278092796812942
59307,28631,0.9179902544461412
59307,28629,0.9137002049067178
59307,9138,0.8921461700991015
59307,147138,0.8586110163881568
59307,28624,0.8980621474329983
59307,28623,0.9030238053649177
59307,28625,0.8747279545927943
59307,51466,0.9188536506270509
59307,84958,0.8830496545180282
59307,801,0.9149507836503499
59307,5920,0.8519731859046238
28623,28631,0.8829645329734215
28623,28629,0.8722084597348845
28623,9138,0.8673729945756222
28623,28624,0.8796463461968722
28623,28625,0.941393490670357
28623,51466,0.9026719540980052
28623,84958,0.9187736000043452
28623,801,0.8979898968874148
28625,84958,0.9154766258215085
28625,801,0.8638630911277067
84958,9138,0.8594857600251562
84958,374403,0.8632090952565602
84958,51466,0.8733260295339254
84958,801,0.863107066319641
801,28631,0.8655721790914708
801,28629,0.900511914024951
801,28624,0.8933727756124415
801,51466,0.8861744503591729
4061,684,0.8812889538213078
166,28629,0.8502493791575783
166,147138,0.8905532308337741
166,5790,0.8598393109412225
166,28624,0.861925326600987
166,1153,0.8804609645069306
166,51466,0.9189230530935818
51466,28631,0.8742154505780652
51466,28629,0.9158367677625276
51466,2113,0.8739777485275523
51466,9138,0.9225420868025943
51466,147138,0.9627632884681999
51466,28624,0.9258225798802714
51466,6844,0.8576205521666144
28629,28631,0.8870610376130059
28629,9138,0.8723097238059185
28629,147138,0.8682448308656964
28629,28624,0.9333400107891704
28629,5920,0.8550839105771304
147138,2113,0.886350584051576
147138,9138,0.9216826460736914
147138,10235,0.8589012607872604
147138,28624,0.8791521703675435
147138,6844,0.8727642895055577
147138,91304,0.8629854362354611
28624,28631,0.8986120856786175
28624,9138,0.8526627966696666
1153,9298,0.897322929982034
1153,6625,0.9099311566522341
1153,10235,0.9462942979132617
1153,692227,0.8662519144243588
1153,9304,0.8840015000749327
1153,5252,0.8897260005395706
1153,9301,0.8591078601536191
26781,4929,0.8699271801390833
26781,652966,0.9743378265171126
26781,652965,0.9590301954470307
652966,4929,0.8559506095183722
652966,652965,0.9789906639551164
3309,8553,0.8605871272870059
811,7184,0.9130624156859848
9987,606500,0.8716964511122056
9987,51119,0.8876004631692294
9987,91304,0.8596203641167833
4900,5473,0.9377863180286362
51119,606500,0.8818723550001417
51119,5187,0.8532550865748255
51119,91304,0.8647932306891982
9302,9298,0.9499781183348912
9302,10235,0.860260682770559
9302,606500,0.8566586771012722
9302,692227,0.9098975224636381
9302,9304,0.9410735153403931
9302,9297,0.9678095934601105
9302,5252,0.8918867902015624
9302,9301,0.956396388936675
5252,9298,0.8610745033236404
5252,10235,0.8812209313549052
5252,9304,0.8572484191653282
5252,9297,0.8770881378584072
5252,6844,0.9147232658816171
5252,9301,0.8596062499534372
9298,6625,0.8959084968852187
9298,10235,0.9221185671721049
9298,606500,0.8559055734499127
9298,692227,0.9394321236585761
9298,9304,0.9554893846493798
9298,9297,0.9456718581562509
9298,9301,0.9386346308949508
6625,10235,0.9419241623738389
6625,692227,0.8673755828309101
6625,9297,0.8562011991755465
10235,692227,0.893431937013036
10235,9304,0.8918600336314747
10235,9297,0.8710943374244476
10235,9301,0.8620258100864219
606500,692227,0.8631440938663646
606500,9304,0.8781654941498964
606500,9301,0.88302244198272
692227,9304,0.9364591839324613
692227,9297,0.906246387848376
692227,9301,0.9297751333515968
9304,9297,0.9283269345016797
9304,9301,0.9737326704599779
9297,9301,0.9337509114989674
7311,100128731,0.8946912669809942
9138,6844,0.8675453065454116
3398,1973,0.8842425441605551
1973,506,0.9009489268714238
1973,396,0.9007166806458301
10105,5329,0.8954257550120978
10105,1026,0.8769273671633153
10105,8870,0.8620786932910595
7040,9368,0.8669131882456828
373156,53827,0.8615180533374377
506,292,0.8792380794437398
396,5034,0.8862453114203255
6494,3716,0.8576253144755822
100500849,23524,0.8814106437948025
28984,5187,0.8710371677421138
8666,10801,0.8945416899971464
109910381,106632260,0.9987292149155965
109910381,109864281,0.9982445695934018
106632260,109864281,0.9983077931418683
5034,9046,0.8819503931018586
1649,693201,0.8904706025353831
